{"run": {"data": "/data/imagenet", "data_backend": "dali-cpu", "arch": "resnet50", "model_config": "fanin", "workers": 3, "epochs": 2, "start_epoch": 0, "batch_size": 256, "optimizer_batch_size": -1, "lr": 0.1, "lr_schedule": "step", "warmup": 0, "label_smoothing": 0.1, "mixup": 0.1, "true_weight_decay": false, "momentum": 0.9, "weight_decay": 0.0001, "bn_weight_decay": false, "nesterov": false, "print_freq": 1, "resume": "", "pretrained_weights": "", "fp16": false, "static_loss_scale": 1, "dynamic_loss_scale": false, "prof": 100, "local_rank": 0, "seed": null, "gather_checkpoints": false, "raport_file": "/data/workspace/./raport_16GPU_256BS_dali-cpu_inferencebench.json", "final_weights": "model.pth.tar", "evaluate": true, "training_only": false, "save_checkpoints": false, "workspace": "/data/workspace", "distributed": true, "gpu": 0, "world_size": 16}, "epoch": {"ep": [0, 1], "val.top1": [0.09390024038461539, 0.10172526041666667], "val.top5": [0.4713792067307692, 0.5106608072916666], "val.loss": [1609.091036283053, 1609.6140034993489], "val.compute_ips": [11596.77225485408, 12774.356055956318], "val.total_ips": [10758.577178585807, 11249.268598268302], "val.data_time": [0.017394230915949896, 0.03116131782531738], "val.compute_time": [1.0357600725614107, 0.6884655284881592]}, "iter": {"it": [[], []], "val.it": [[1, 2, 3, 4, 5, 6, 7, 8, 9, 10, 11, 12, 13, 1, 2, 3, 4, 5, 6, 7, 8, 9, 10, 11, 12]], "val.top1": [[0.0, 0.0, 1.220703125, 0.0, 0.0, 0.0, 0.0, 0.0, 0.0, 0.0, 0.0, 0.0, 0.0], [0.0, 1.220703125, 0.0, 0.0, 0.0, 0.0, 0.0, 0.0, 0.0, 0.0, 0.0, 0.0], []], "val.top5": [[0.0, 1.220703125, 2.44140625, 1.220703125, 0.0, 0.0, 0.0, 0.0, 0.8544921875, 0.390625, 0.0, 0.0, 0.0], [1.220703125, 2.44140625, 1.220703125, 0.0, 0.0, 0.0, 0.0, 0.0, 1.2451171875, 0.0, 0.0, 0.0], []], "val.loss": [[1595.7791748046875, 1603.40673828125, 1550.12939453125, 1542.3465576171875, 1602.02783203125, 1678.8155517578125, 1579.9552001953125, 1600.285400390625, 1610.3558349609375, 1619.2586669921875, 1633.176025390625, 1664.0421142578125, 1638.60498046875], [1603.738525390625, 1572.15625, 1533.08203125, 1607.7396240234375, 1654.5533447265625, 1598.4259033203125, 1609.01318359375, 1610.5252685546875, 1575.666748046875, 1695.1802978515625, 1594.3885498046875, 1660.8983154296875], []], "val.compute_ips": [[436.9433697497122, 13833.013151124807, 16772.547859238395, 10217.026753589367, 19801.989186049057, 12914.87408202586, 11488.608058270022, 10715.224331603167, 10380.679694377895, 12207.576702252238, 9842.140254431002, 10753.191828263083, 11394.22404212844], [10608.269192746557, 11178.180899219278, 10295.922642152835, 10320.031034816253, 12379.398437359263, 16067.139441947898, 20611.028284592718, 18871.552931923485, 14643.048832126991, 20879.07808567293, 10813.988034023407, 11933.224269223369], []], "val.total_ips": [[436.9266453579802, 13785.759942994888, 16718.84697856604, 10198.013440347993, 10928.141631829505, 11601.63098293845, 11034.565290054557, 10693.987284142277, 10359.528537763725, 12179.346268965683, 9822.417112862033, 10732.125960385785, 11370.213245406545], [10590.24037439682, 11153.883330011382, 10277.56159345294, 10295.410527526948, 12349.365479307107, 16021.797629539273, 10877.01796747633, 17114.219039763466, 11159.759331916375, 9694.573020215426, 9929.624656174014, 11906.758685311952], []], "val.data_time": [[0.00035881996154785156, 0.0010149478912353516, 0.0007843971252441406, 0.0007474422454833984, 0.16796422004699707, 0.035900115966796875, 0.014670133590698242, 0.000759124755859375, 0.0008056163787841797, 0.0007777214050292969, 0.0008356571197509766, 0.0007476806640625, 0.000759124755859375], [0.0006573200225830078, 0.0007982254028320312, 0.0007107257843017578, 0.0009491443634033203, 0.0008046627044677734, 0.0007214546203613281, 0.17784523963928223, 0.02228689193725586, 0.0873098373413086, 0.22632718086242676, 0.03373432159423828, 0.000762939453125], []], "val.compute_time": [[9.374212503433228, 0.29610323905944824, 0.24420857429504395, 0.40089941024780273, 0.2068479061126709, 0.3171536922454834, 0.35652709007263184, 0.3822598457336426, 0.3945791721343994, 0.3355293273925781, 0.4161696434020996, 0.38091015815734863, 0.3594803810119629], [0.38611388206481934, 0.3664281368255615, 0.3978273868560791, 0.3968980312347412, 0.3308722972869873, 0.2549302577972412, 0.1987285614013672, 0.21704626083374023, 0.2797231674194336, 0.19617724418640137, 0.3787686824798584, 0.3432433605194092], []]}, "event": {}}