{"run": {"data": "/data/imagenet", "data_backend": "dali-cpu", "arch": "resnet50", "model_config": "fanin", "workers": 3, "epochs": 2, "start_epoch": 0, "batch_size": 448, "optimizer_batch_size": -1, "lr": 0.1, "lr_schedule": "step", "warmup": 0, "label_smoothing": 0.1, "mixup": 0.1, "true_weight_decay": false, "momentum": 0.9, "weight_decay": 0.0001, "bn_weight_decay": false, "nesterov": false, "print_freq": 1, "resume": "", "pretrained_weights": "", "fp16": false, "static_loss_scale": 1, "dynamic_loss_scale": false, "prof": 100, "local_rank": 0, "seed": null, "gather_checkpoints": false, "raport_file": "/data/workspace/./raport_16GPU_448BS_dali-cpu_inferencebench.json", "final_weights": "model.pth.tar", "evaluate": true, "training_only": false, "save_checkpoints": false, "workspace": "/data/workspace", "distributed": true, "gpu": 0, "world_size": 16}, "epoch": {"ep": [0, 1], "val.top1": [0.1016422181523272, 0.1016422181523272], "val.top5": [0.4823022849325623, 0.4823022873273918], "val.loss": [2417.26953125, 2417.4974190848216], "val.compute_ips": [11512.037330364328, 12844.543917402332], "val.total_ips": [10475.417081866408, 10675.099686094634], "val.data_time": [0.03411548478262765, 0.07695281505584717], "val.compute_time": [2.1702495643070767, 1.3553094352994646]}, "iter": {"it": [[], []], "val.it": [[1, 2, 3, 4, 5, 6, 7, 1, 2, 3, 4, 5, 6, 7]], "val.top1": [[0.0, 0.0, 0.0, 0.0, 0.013950892724096775, 0.0, 0.6975446343421936], [0.0, 0.0, 0.0, 0.0, 0.013950892724096775, 0.0, 0.6975446343421936], []], "val.top5": [[0.6417410373687744, 0.5719866156578064, 0.6975446343421936, 0.0, 0.6975446343421936, 0.02790178544819355, 0.7393972873687744], [0.6975446343421936, 0.5161830186843872, 0.6975446343421936, 0.0, 0.6975446343421936, 0.0558035708963871, 0.7114955186843872], []], "val.loss": [[2576.26318359375, 2220.01611328125, 2392.66650390625, 2466.30029296875, 2498.1494140625, 2378.286865234375, 2389.204345703125], [2568.596923828125, 2220.56591796875, 2397.4296875, 2467.24951171875, 2491.589111328125, 2379.80712890625, 2397.24365234375], []], "val.compute_ips": [[607.9410069694856, 15142.189120406629, 19619.055962861526, 13311.566106497767, 11020.499447779517, 10241.230616624542, 10641.77905141082], [19375.0139824673, 12463.191982705195, 11141.599663507417, 10246.382323671589, 11286.75678571442, 20808.34518376404, 13918.063609252424], []], "val.total_ips": [[607.9130043479506, 15085.433462771836, 14802.633855922231, 10977.159401324936, 11003.297197788565, 10226.063913981361, 10625.418736927968], [11237.68380172635, 10722.326565359257, 11123.865293091016, 10231.381422950459, 11268.342284359429, 10299.029034473662, 11240.847630299859], []], "val.data_time": [[0.0005431175231933594, 0.0017809867858886719, 0.11887907981872559, 0.11451315879821777, 0.001016855239868164, 0.0010380744934082031, 0.0010371208190917969], [0.26789283752441406, 0.09337806701660156, 0.0010256767272949219, 0.0010256767272949219, 0.0010378360748291016, 0.35151076316833496, 0.12266016006469727], []], "val.compute_time": [[11.79061770439148, 0.47337937355041504, 0.3653590679168701, 0.5384790897369385, 0.6504242420196533, 0.699915885925293, 0.6735715866088867], [0.3699610233306885, 0.5751335620880127, 0.6433546543121338, 0.6995639801025391, 0.6350805759429932, 0.34447717666625977, 0.5150141716003418], []]}, "event": {}}