{"run": {"data": "/data/imagenet", "data_backend": "dali-gpu", "arch": "resnet50", "model_config": "fanin", "workers": 3, "epochs": 2, "start_epoch": 0, "batch_size": 256, "optimizer_batch_size": -1, "lr": 0.1, "lr_schedule": "step", "warmup": 0, "label_smoothing": 0.1, "mixup": 0.1, "true_weight_decay": false, "momentum": 0.9, "weight_decay": 0.0001, "bn_weight_decay": false, "nesterov": false, "print_freq": 1, "resume": "", "pretrained_weights": "", "fp16": false, "static_loss_scale": 1, "dynamic_loss_scale": false, "prof": 100, "local_rank": 0, "seed": null, "gather_checkpoints": false, "raport_file": "/data/workspace/./raport_16GPU_256BS_dali-gpu_inferencebench.json", "final_weights": "model.pth.tar", "evaluate": true, "training_only": false, "save_checkpoints": false, "workspace": "/data/workspace", "distributed": true, "gpu": 0, "world_size": 16}, "epoch": {"ep": [0, 1], "val.top1": [0.09390024038461539, 0.10172526041666667], "val.top5": [0.5690354567307693, 0.5147298177083334], "val.loss": [1786.749502328726, 1787.7873229980469], "val.compute_ips": [12908.859040847918, 13718.369063215016], "val.total_ips": [10648.96217027729, 11211.11894927382], "val.data_time": [0.0412132923419659, 0.04759241104125977], "val.compute_time": [1.0592281818389893, 0.6954860305786132]}, "iter": {"it": [[], []], "val.it": [[1, 2, 3, 4, 5, 6, 7, 8, 9, 10, 11, 12, 13, 1, 2, 3, 4, 5, 6, 7, 8, 9, 10, 11, 12]], "val.top1": [[0.0, 0.0, 0.0, 0.0, 0.0, 0.0, 1.220703125, 0.0, 0.0, 0.0, 0.0, 0.0, 0.0], [0.0, 0.0, 0.0, 0.0, 0.0, 1.220703125, 0.0, 0.0, 0.0, 0.0, 0.0, 0.0], []], "val.top5": [[2.1240234375, 0.3173828125, 0.0, 0.0, 0.0, 0.0, 1.220703125, 0.5615234375, 0.0, 0.0, 0.0, 1.953125, 1.220703125], [1.220703125, 0.0, 0.0, 0.0, 0.0, 1.220703125, 0.3662109375, 0.1953125, 0.0, 0.0, 1.220703125, 1.953125], []], "val.loss": [[1758.145263671875, 1763.822021484375, 1824.97509765625, 1802.1290283203125, 1783.52490234375, 1849.353515625, 1788.8408203125, 1795.98876953125, 1759.8387451171875, 1828.563720703125, 1774.69384765625, 1711.0535888671875, 1786.814208984375], [1776.912109375, 1769.3780517578125, 1827.9144287109375, 1802.7835693359375, 1850.6048583984375, 1772.9462890625, 1812.736572265625, 1768.0037841796875, 1803.8226318359375, 1810.939697265625, 1688.0865478515625, 1769.3193359375], []], "val.compute_ips": [[411.73974293487686, 13504.869952929117, 16495.377019210828, 10841.523973959951, 21091.783329998074, 20325.24085712122, 12550.411459387275, 10256.822023081011, 11348.169637271953, 10863.289821247568, 9244.714616500165, 10537.909272694707, 20343.315824686175], [16966.783351883692, 10973.730671427522, 10130.91218649512, 11017.5462390954, 11209.287196130092, 16741.852107316285, 14961.615225780157, 20033.73480870436, 20080.61432654039, 20791.497911757695, 11364.030904049278, 10872.454120172542], []], "val.total_ips": [[411.72458636402365, 13449.080738155051, 16444.031655480558, 10820.526647481815, 10767.972361575972, 11543.400077270146, 11379.265723112141, 10237.971593286033, 11322.874545153767, 10841.695017893982, 9226.87995565908, 10518.006059837991, 11473.079252334202], [11032.319022675505, 10952.03011512469, 10112.568926393711, 10995.10220402918, 11186.500294315287, 16686.045662614913, 11360.348764040189, 16111.801735173607, 12429.077885622673, 9741.673121850094, 10383.270830160307, 10850.726956240542], []], "val.data_time": [[0.0003662109375, 0.0012581348419189453, 0.0007753372192382812, 0.0007331371307373047, 0.1861884593963623, 0.15331196784973145, 0.03358912467956543, 0.0007352828979492188, 0.0008063316345214844, 0.0007510185241699219, 0.0008563995361328125, 0.0007355213165283203, 0.15566587448120117], [0.12985992431640625, 0.0007395744323730469, 0.0007333755493164062, 0.0007588863372802734, 0.0007443428039550781, 0.0008182525634765625, 0.08678507804870605, 0.04976844787597656, 0.12557196617126465, 0.22345805168151855, 0.03404521942138672, 0.0007543563842773438], []], "val.compute_time": [[9.948031663894653, 0.3032979965209961, 0.24831199645996094, 0.3778066635131836, 0.1941988468170166, 0.2015228271484375, 0.32636380195617676, 0.39934396743774414, 0.36093926429748535, 0.37704968452453613, 0.44306397438049316, 0.38869190216064453, 0.20134377479553223], [0.24141287803649902, 0.37325501441955566, 0.40430712699890137, 0.37177062034606934, 0.36541128158569336, 0.24465632438659668, 0.27376723289489746, 0.20445513725280762, 0.2039778232574463, 0.19700360298156738, 0.36043548583984375, 0.37673187255859375], []]}, "event": {}}