{"run": {"data": "/data/imagenet", "data_backend": "dali-cpu", "arch": "resnet50", "model_config": "fanin", "workers": 3, "epochs": 2, "start_epoch": 0, "batch_size": 512, "optimizer_batch_size": -1, "lr": 0.1, "lr_schedule": "step", "warmup": 0, "label_smoothing": 0.1, "mixup": 0.1, "true_weight_decay": false, "momentum": 0.9, "weight_decay": 0.0001, "bn_weight_decay": false, "nesterov": false, "print_freq": 1, "resume": "", "pretrained_weights": "", "fp16": false, "static_loss_scale": 1, "dynamic_loss_scale": false, "prof": 100, "local_rank": 0, "seed": null, "gather_checkpoints": false, "raport_file": "/data/workspace/./raport_16GPU_512BS_dali-cpu_inferencebench.json", "final_weights": "model.pth.tar", "evaluate": true, "training_only": false, "save_checkpoints": false, "workspace": "/data/workspace", "distributed": true, "gpu": 0, "world_size": 16}, "epoch": {"ep": [0, 1], "val.top1": [0.08719308035714286, 0.10172526041666667], "val.top5": [0.42550223214285715, 0.4964192708333333], "val.loss": [1012.237077985491, 1013.766103108724], "val.compute_ips": [13390.668760050272, 13247.621557189555], "val.total_ips": [10650.90284866933, 10781.061365792611], "val.data_time": [0.09789715494428362, 0.1026906233567458], "val.compute_time": [2.3078963415963307, 1.5399862069350023]}, "iter": {"it": [[], []], "val.it": [[1, 2, 3, 4, 5, 6, 7, 1, 2, 3, 4, 5, 6]], "val.top1": [[0.0, 0.0, 0.0, 0.0, 0.0, 0.6103515625, 0.0], [0.0, 0.0, 0.0, 0.0, 0.6103515625, 0.0], []], "val.top5": [[0.0, 0.64697265625, 0.89111328125, 0.32958984375, 0.2197265625, 0.89111328125, 0.0], [0.64697265625, 0.6103515625, 0.6103515625, 0.0, 1.11083984375, 0.0], []], "val.loss": [[997.4873046875, 1021.9046020507812, 998.26806640625, 1020.5996704101562, 1024.4622802734375, 1027.261962890625, 995.6756591796875], [1021.565185546875, 1003.0404663085938, 1004.216796875, 1051.07568359375, 1014.768798828125, 987.9296875], []], "val.compute_ips": [[642.2489765527619, 15404.590283646576, 20650.45731735535, 14090.29106268505, 10647.391219925772, 11175.683131192656, 21124.019328993738], [14618.969307163647, 11525.712116648072, 11923.761735330036, 17662.841933838892, 11843.978989531304, 10909.134840600325], []], "val.total_ips": [[642.2263361904772, 15360.694458886806, 14846.689637441597, 11014.91139532677, 10631.357163101608, 11158.588709669562, 10901.852240068483], [11058.811493140813, 11507.881709060717, 11896.967312521792, 9757.073255562014, 10483.760381396982, 10892.983662936309], []], "val.data_time": [[0.0004496574401855469, 0.0015196800231933594, 0.1550745964050293, 0.16232585906982422, 0.0011603832244873047, 0.0011229515075683594, 0.36362695693969727], [0.18039894104003906, 0.0011012554168701172, 0.0015473365783691406, 0.3757975101470947, 0.08973956108093262, 0.0011134147644042969], []], "val.compute_time": [[12.755177974700928, 0.5317895412445068, 0.3966982364654541, 0.5813932418823242, 0.769390344619751, 0.7330200672149658, 0.3878049850463867], [0.5603678226470947, 0.7107586860656738, 0.6870315074920654, 0.46379852294921875, 0.6916594505310059, 0.7509303092956543], []]}, "event": {}}