{"run": {"data": "/data/imagenet", "data_backend": "pytorch", "arch": "resnet50", "model_config": "fanin", "workers": 3, "epochs": 2, "start_epoch": 0, "batch_size": 224, "optimizer_batch_size": -1, "lr": 0.1, "lr_schedule": "step", "warmup": 0, "label_smoothing": 0.1, "mixup": 0.1, "true_weight_decay": false, "momentum": 0.9, "weight_decay": 0.0001, "bn_weight_decay": false, "nesterov": false, "print_freq": 1, "resume": "", "pretrained_weights": "", "fp16": false, "static_loss_scale": 1, "dynamic_loss_scale": false, "prof": 100, "local_rank": 0, "seed": null, "gather_checkpoints": false, "raport_file": "/data/workspace/./raport_16GPU_224BS_pytorch_inferencebench.json", "final_weights": "model.pth.tar", "evaluate": true, "training_only": false, "save_checkpoints": false, "workspace": "/data/workspace", "distributed": true, "gpu": 0, "world_size": 16}, "epoch": {"ep": [0, 1], "val.top1": [0.10016385572297233, 0.10006093167300735], "val.top5": [0.49820877398763386, 0.4982087697301592], "val.loss": [1619.41938999721, 1619.4405255998884], "val.compute_ips": [15950.521031022758, 14937.945695502043], "val.total_ips": [13633.871157148375, 12687.446201042747], "val.data_time": [0.15895426273345947, 0.14431113004684448], "val.compute_time": [1.1859719242368425, 0.777867317199707]}, "iter": {"it": [[], []], "val.it": [[1, 2, 3, 4, 5, 6, 7, 8, 9, 10, 11, 12, 13, 14, 1, 2, 3, 4, 5, 6, 7, 8, 9, 10, 11, 12, 13, 14]], "val.top1": [[0.1116071417927742, 0.0837053582072258, 0.1395089328289032, 0.0837053582072258, 0.0558035708963871, 0.1395089328289032, 0.1116071417927742, 0.0558035708963871, 0.0558035708963871, 0.0558035708963871, 0.0837053582072258, 0.1674107164144516, 0.1116071417927742, 0.14671361446380615], [0.1116071417927742, 0.1395089328289032, 0.1116071417927742, 0.02790178544819355, 0.0558035708963871, 0.0558035708963871, 0.1395089328289032, 0.1395089328289032, 0.0837053582072258, 0.1116071417927742, 0.1674107164144516, 0.0558035708963871, 0.0837053582072258, 0.11737088859081268], []], "val.top5": [[0.2511160671710968, 0.4185267984867096, 0.613839328289032, 0.4464285969734192, 0.3627232313156128, 0.7254464626312256, 0.6975446939468384, 0.5301339626312256, 0.5022321939468384, 0.3906250596046448, 0.3627232313156128, 0.5301339626312256, 0.5859375596046448, 0.5575116872787476], [0.4743303656578064, 0.5301339030265808, 0.3627232313156128, 0.3627232611179352, 0.306919664144516, 0.5301339626312256, 0.809151828289032, 0.5022321939468384, 0.5580357313156128, 0.5859375, 0.5859375596046448, 0.3627232313156128, 0.4464285969734192, 0.5575117468833923], []], "val.loss": [[1624.3338623046875, 1598.2872314453125, 1619.73974609375, 1624.1522216796875, 1628.8128662109375, 1613.619140625, 1615.0167236328125, 1623.84228515625, 1609.2008056640625, 1623.6275634765625, 1632.974365234375, 1614.7410888671875, 1623.9853515625, 1619.5382080078125], [1609.45166015625, 1609.586181640625, 1618.181640625, 1633.559326171875, 1627.059814453125, 1613.33154296875, 1612.0650634765625, 1619.934326171875, 1627.6405029296875, 1626.57958984375, 1630.4305419921875, 1610.824462890625, 1607.965087890625, 1625.5576171875], []], "val.compute_ips": [[351.70716403410125, 14692.633088462395, 20567.65594116641, 20533.04439924765, 20554.410000191427, 20605.180134440143, 20592.22432784523, 17937.74399276399, 17964.02451706192, 14298.527890545636, 16093.92471636684, 17722.18840306334, 20552.330447622433, 841.6994115071055], [8280.020521057273, 20539.833898328245, 3970.463576711684, 15601.577902621335, 18908.54212992371, 3959.394995096977, 14290.114137362956, 20933.204759146207, 4631.544264282103, 16215.72830937677, 20829.017902076197, 9548.282017715192, 17322.886938564792, 19924.57368747517], []], "val.total_ips": [[313.9307419967517, 13211.28866171461, 20477.88526303027, 20433.57089786059, 20455.59273839639, 20482.768231267306, 20414.728778434168, 11988.054946500928, 7916.36085082898, 14266.055815745594, 5214.367564635063, 14360.404755854543, 20518.078480456323, 821.1084733557425], [2034.4083268936415, 18852.530310384052, 3383.4213759584277, 11489.443340352273, 18803.29166244504, 3952.835804537388, 14187.451841575, 16349.056827611708, 4628.989918224918, 16149.1301866685, 16474.479060566708, 9538.830162794313, 17286.114583117724, 11244.31402799006], []], "val.data_time": [[1.2262351512908936, 0.02735137939453125, 0.0007638931274414062, 0.0008497238159179688, 0.0008423328399658203, 0.0010395050048828125, 0.0015132427215576172, 0.09916210174560547, 0.2532234191894531, 0.0005705356597900391, 0.46463894844055176, 0.047342777252197266, 0.0002911090850830078, 0.10153555870056152], [1.3288424015045166, 0.015616893768310547, 0.1566174030303955, 0.08221817016601562, 0.0010609626770019531, 0.0015020370483398438, 0.0018148422241210938, 0.048006296157836914, 0.00042700767517089844, 0.0009114742279052734, 0.045480966567993164, 0.0003719329833984375, 0.0004401206970214844, 0.13204145431518555], []], "val.compute_time": [[10.190295696258545, 0.24393177032470703, 0.1742541790008545, 0.17454791069030762, 0.17436647415161133, 0.1739368438720703, 0.17404627799987793, 0.19980216026306152, 0.199509859085083, 0.2506551742553711, 0.22269272804260254, 0.20223236083984375, 0.17438411712646484, 4.0489513874053955], [0.4328491687774658, 0.17449021339416504, 0.902665376663208, 0.2297203540802002, 0.1895439624786377, 0.905188798904419, 0.25080275535583496, 0.17121124267578125, 0.7738239765167236, 0.22101998329162598, 0.17206764221191406, 0.37535548210144043, 0.2068939208984375, 0.17104506492614746], []]}, "event": {}}