{"run": {"data": "/data/imagenet", "data_backend": "dali-gpu", "arch": "resnet50", "model_config": "fanin", "workers": 3, "epochs": 2, "start_epoch": 0, "batch_size": 512, "optimizer_batch_size": -1, "lr": 0.1, "lr_schedule": "step", "warmup": 0, "label_smoothing": 0.1, "mixup": 0.1, "true_weight_decay": false, "momentum": 0.9, "weight_decay": 0.0001, "bn_weight_decay": false, "nesterov": false, "print_freq": 1, "resume": "", "pretrained_weights": "", "fp16": false, "static_loss_scale": 1, "dynamic_loss_scale": false, "prof": 100, "local_rank": 0, "seed": null, "gather_checkpoints": false, "raport_file": "/data/workspace/./raport_16GPU_512BS_dali-gpu_inferencebench.json", "final_weights": "model.pth.tar", "evaluate": true, "training_only": false, "save_checkpoints": false, "workspace": "/data/workspace", "distributed": true, "gpu": 0, "world_size": 16}, "epoch": {"ep": [0, 1], "val.top1": [0.08370535714285714, 0.09765625], "val.top5": [0.4725864955357143, 0.5106608072916666], "val.loss": [1632.7461983816963, 1632.246826171875], "val.compute_ips": [12815.448375728314, 13184.176306829699], "val.total_ips": [10532.627621010806, 10832.366680207422], "val.data_time": [0.08887917654854911, 0.0980821572817289], "val.compute_time": [2.6182399477277483, 1.698223774249737]}, "iter": {"it": [[], []], "val.it": [[1, 2, 3, 4, 5, 6, 7, 1, 2, 3, 4, 5, 6]], "val.top1": [[0.0, 0.01220703125, 0.0, 0.57373046875, 0.0, 0.0, 0.0], [0.01220703125, 0.0, 0.57373046875, 0.0, 0.0, 0.0], []], "val.top5": [[0.244140625, 0.6103515625, 0.6103515625, 0.6103515625, 0.0, 0.98876953125, 0.244140625], [0.6103515625, 0.6103515625, 0.6103515625, 0.0, 0.98876953125, 0.244140625], []], "val.loss": [[1664.5594482421875, 1643.0435791015625, 1589.312255859375, 1614.4193115234375, 1676.3724365234375, 1586.3282470703125, 1655.1881103515625], [1670.173583984375, 1603.310546875, 1604.676025390625, 1653.693115234375, 1600.295166015625, 1661.33251953125], []], "val.compute_ips": [[553.0255931924671, 15510.33655700408, 19762.331632394827, 13188.647991306787, 10155.312551039258, 11462.458118174307, 19076.026186986455], [13709.555652202363, 11521.623115315022, 11831.65396762868, 19746.59022065086, 13810.528384549776, 11066.202018341179], []], "val.total_ips": [[553.0094649835715, 15457.904946657225, 14575.800410127798, 10557.22618384093, 10141.386756062668, 11443.362871599895, 10999.702713803548], [10956.189375157639, 11499.905070840758, 11811.313980185305, 10461.763840020267, 11314.105256225605, 11049.095973191268], []], "val.data_time": [[0.00043201446533203125, 0.0017914772033691406, 0.14750146865844727, 0.15482115745544434, 0.0011076927185058594, 0.0011925697326660156, 0.3153078556060791], [0.15016579627990723, 0.0013427734375, 0.001192331314086914, 0.36818552017211914, 0.13088130950927734, 0.001146078109741211], []], "val.compute_time": [[14.813057661056519, 0.5281639099121094, 0.41452598571777344, 0.6211402416229248, 0.8066713809967041, 0.7146809101104736, 0.4294395446777344], [0.5975394248962402, 0.7110109329223633, 0.6923799514770508, 0.4148564338684082, 0.5931706428527832, 0.740272045135498], []]}, "event": {}}