{"run": {"data": "/data/imagenet", "data_backend": "pytorch", "arch": "resnet50", "model_config": "fanin", "workers": 3, "epochs": 2, "start_epoch": 0, "batch_size": 512, "optimizer_batch_size": -1, "lr": 0.1, "lr_schedule": "step", "warmup": 0, "label_smoothing": 0.1, "mixup": 0.1, "true_weight_decay": false, "momentum": 0.9, "weight_decay": 0.0001, "bn_weight_decay": false, "nesterov": false, "print_freq": 1, "resume": "", "pretrained_weights": "", "fp16": false, "static_loss_scale": 1, "dynamic_loss_scale": false, "prof": 100, "local_rank": 0, "seed": null, "gather_checkpoints": false, "raport_file": "/data/workspace/./raport_16GPU_512BS_pytorch_inferencebench.json", "final_weights": "model.pth.tar", "evaluate": true, "training_only": false, "save_checkpoints": false, "workspace": "/data/workspace", "distributed": true, "gpu": 0, "world_size": 16}, "epoch": {"ep": [0, 1], "val.top1": [0.10229557965482984, 0.10229557965482984], "val.top5": [0.5138140150478908, 0.5440190093857902], "val.loss": [1657.3973214285713, 1656.5810721261162], "val.compute_ips": [14623.615933016088, 15418.732720542157], "val.total_ips": [14414.456284992271, 13021.258954444298], "val.data_time": [0.3843233585357666, 0.4766844851630075], "val.compute_time": [2.392085484095982, 1.443909764289856]}, "iter": {"it": [[], []], "val.it": [[1, 2, 3, 4, 5, 6, 7, 1, 2, 3, 4, 5, 6, 7]], "val.top1": [[0.10986328125, 0.10986328125, 0.09765625, 0.048828125, 0.10986328125, 0.1220703125, 0.1179245263338089], [0.1220703125, 0.10986328125, 0.1220703125, 0.0244140625, 0.0732421875, 0.146484375, 0.1179245263338089], []], "val.top5": [[0.59814453125, 0.439453125, 0.5126953125, 0.45166015625, 0.6103515625, 0.5126953125, 0.4716981053352356], [0.54931640625, 0.57373046875, 0.5126953125, 0.47607421875, 0.45166015625, 0.537109375, 0.707547128200531], []], "val.loss": [[1662.8031005859375, 1666.5496826171875, 1651.7374267578125, 1660.303466796875, 1653.1708984375, 1652.7449951171875, 1654.4716796875], [1653.593994140625, 1659.329833984375, 1658.2589111328125, 1662.940185546875, 1653.5081787109375, 1660.33837890625, 1648.0980224609375], []], "val.compute_ips": [[627.6228293441626, 17895.29628659358, 20817.03130151664, 20791.246291009473, 20834.437943705358, 20889.296444840835, 510.38043410256483], [12505.61441869014, 15384.505127834302, 8293.3839166021, 20741.682810410763, 17759.47633335349, 20944.725478148073, 17867.55847143869], []], "val.total_ips": [[524.5985037835962, 16638.212186275792, 20795.91484746419, 20775.00448516172, 20808.458598664398, 20875.095000631845, 483.9103729643531], [2298.0813728987127, 14988.432893317402, 4546.113951674811, 16295.921373003486, 17747.349559851016, 20920.253631390362, 4600.27858513847], []], "val.data_time": [[2.563326597213745, 0.03458666801452637, 0.00039958953857421875, 0.00030803680419921875, 0.0004909038543701172, 0.00026679039001464844, 0.09088492393493652], [2.909646987915039, 0.014070987701416016, 0.8142032623291016, 0.10774898529052734, 0.0003151893615722656, 0.00045752525329589844, 0.13687634468078613], []], "val.compute_time": [[13.052425146102905, 0.45777392387390137, 0.3935239315032959, 0.3940119743347168, 0.39319515228271484, 0.392162561416626, 1.6615056991577148], [0.6550657749176025, 0.5324838161468506, 0.9877753257751465, 0.39495348930358887, 0.4612748622894287, 0.3911247253417969, 0.047460317611694336], []]}, "event": {}}