{"run": {"data": "/data/imagenet", "data_backend": "dali-gpu", "arch": "resnet50", "model_config": "fanin", "workers": 3, "epochs": 2, "start_epoch": 0, "batch_size": 448, "optimizer_batch_size": -1, "lr": 0.1, "lr_schedule": "step", "warmup": 0, "label_smoothing": 0.1, "mixup": 0.1, "true_weight_decay": false, "momentum": 0.9, "weight_decay": 0.0001, "bn_weight_decay": false, "nesterov": false, "print_freq": 1, "resume": "", "pretrained_weights": "", "fp16": false, "static_loss_scale": 1, "dynamic_loss_scale": false, "prof": 100, "local_rank": 0, "seed": null, "gather_checkpoints": false, "raport_file": "/data/workspace/./raport_16GPU_448BS_dali-gpu_inferencebench.json", "final_weights": "model.pth.tar", "evaluate": true, "training_only": false, "save_checkpoints": false, "workspace": "/data/workspace", "distributed": true, "gpu": 0, "world_size": 16}, "epoch": {"ep": [0, 1], "val.top1": [0.09964923347745623, 0.09964923347745623], "val.top5": [0.5321269132462996, 0.5321269047313503], "val.loss": [1553.4405343191963, 1553.5625871930804], "val.compute_ips": [10540.194324620417, 12316.436582419134], "val.total_ips": [10055.186813448241, 10389.244789478684], "val.data_time": [0.020345755985804966, 0.07388162612915039], "val.compute_time": [2.28248017174857, 1.412465248789106]}, "iter": {"it": [[], []], "val.it": [[1, 2, 3, 4, 5, 6, 7, 1, 2, 3, 4, 5, 6, 7]], "val.top1": [[0.0, 0.0, 0.6975446343421936, 0.0, 0.0, 0.0, 0.0], [0.0, 0.0, 0.6975446343421936, 0.0, 0.0, 0.0, 0.0], []], "val.top5": [[0.6975446343421936, 0.0, 0.6975446343421936, 0.6975446343421936, 0.9905134439468384, 0.013950892724096775, 0.6277901530265808], [0.6975446343421936, 0.0, 0.7393972873687744, 0.6696428656578064, 0.9765625, 0.013950892724096775, 0.6277901530265808], []], "val.loss": [[1519.69775390625, 1528.709228515625, 1575.872314453125, 1550.9205322265625, 1499.334716796875, 1624.9146728515625, 1574.634521484375], [1520.2366943359375, 1527.1629638671875, 1577.3792724609375, 1555.127685546875, 1491.8818359375, 1625.5604248046875, 1577.5892333984375], []], "val.compute_ips": [[579.7496294028574, 15128.961260204516, 14890.206400187806, 11258.485053606, 10925.750870632528, 10548.146814200338, 10450.06024410887], [18867.16515437431, 12202.666493491524, 10544.321585142932, 10579.425850028943, 11698.072292419405, 20875.26893439151, 13881.831571676323], []], "val.total_ips": [[579.7330953681027, 15079.16865675759, 11707.807304341053, 11150.082804598178, 10908.518350324845, 10531.205944178053, 10429.791538569882], [10502.254018500735, 10325.763249207403, 10525.793404392754, 10561.163732831612, 11676.206057381427, 10191.796760499257, 11280.142135750688], []], "val.data_time": [[0.00035262107849121094, 0.0015645027160644531, 0.13085079193115234, 0.006189823150634766, 0.0010364055633544922, 0.001093149185180664, 0.001332998275756836], [0.3026008605957031, 0.10677337646484375, 0.0011966228485107422, 0.0011715888977050781, 0.0011475086212158203, 0.3599379062652588, 0.1190946102142334], []], "val.compute_time": [[12.36395788192749, 0.47379326820373535, 0.48139023780822754, 0.6366753578186035, 0.6560647487640381, 0.6795506477355957, 0.6859290599822998], [0.37991929054260254, 0.5874125957489014, 0.6797971725463867, 0.6775414943695068, 0.6127505302429199, 0.34337282180786133, 0.5163583755493164], []]}, "event": {}}