{"run": {"data": "/data/imagenet", "data_backend": "pytorch", "arch": "resnet50", "model_config": "fanin", "workers": 3, "epochs": 2, "start_epoch": 0, "batch_size": 512, "optimizer_batch_size": -1, "lr": 0.1, "lr_schedule": "step", "warmup": 0, "label_smoothing": 0.1, "mixup": 0.1, "momentum": 0.9, "weight_decay": 0.0001, "bn_weight_decay": false, "nesterov": false, "print_freq": 1, "resume": "", "pretrained_weights": "", "fp16": false, "static_loss_scale": 128.0, "dynamic_loss_scale": false, "prof": 100, "amp": true, "local_rank": 0, "seed": null, "gather_checkpoints": false, "raport_file": "/data/workspace/./raport_16GPU_512BS_pytorch_inferencebench.json", "final_weights": "model.pth.tar", "evaluate": true, "training_only": false, "save_checkpoints": false, "workspace": "/data/workspace", "distributed": true, "gpu": 0, "world_size": 16}, "epoch": {"ep": [0, 1], "val.top1": [0.09242466517857142, 0.10752716447625842], "val.top5": [0.5265803933143616, 0.46617040038108826], "val.loss": [1221.642857142857, 1218.0982142857142], "val.compute_ips": [26772.546977479236, 25524.31173704314], "val.total_ips": [26367.311255750676, 21433.263676202467], "val.data_time": [1.0345221587589808, 1.3186037199837821], "val.compute_time": [4.545105150767735, 2.5083823885236467]}, "iter": {"it": [[], []], "val.it": [[1, 2, 3, 4, 5, 6, 7, 1, 2, 3, 4, 5, 6, 7]], "val.top1": [[0.146484375, 0.146484375, 0.03662109375, 0.08544921875, 0.1220703125, 0.10986328125, 0.0], [0.13427734375, 0.048828125, 0.08544921875, 0.08544921875, 0.146484375, 0.13427734375, 0.1179245263338089], []], "val.top5": [[0.57373046875, 0.37841796875, 0.45166015625, 0.390625, 0.57373046875, 0.6103515625, 0.707547128200531], [0.537109375, 0.4150390625, 0.537109375, 0.3662109375, 0.62255859375, 0.54931640625, 0.2358490526676178], []], "val.loss": [[1220.8125, 1222.5, 1217.8125, 1224.4375, 1215.875, 1218.9375, 1231.125], [1216.125, 1219.4375, 1216.375, 1221.3125, 1222.375, 1227.9375, 1203.125], []], "val.compute_ips": [[335.56451941110987, 19300.61062968441, 41293.59339682051, 41831.0072486529, 41890.72772648414, 42619.478549934385, 136.8467713671862], [9373.49810591697, 42281.259105121906, 9442.933676901903, 10948.372856750475, 20399.453774936977, 42610.229221464506, 34876.78873515655], []], "val.total_ips": [[260.7332095868112, 17244.250593591172, 41151.75287681208, 41654.63049782269, 41693.80348187167, 42433.05056931855, 132.95756125172264], [1092.5367334251123, 35618.56986413838, 1572.872520046152, 10934.930420724333, 20358.479269269603, 42370.20741089672, 3546.9164580794554], []], "val.data_time": [[7.006496429443359, 0.050614356994628906, 0.0006837844848632812, 0.0008292198181152344, 0.0009236335754394531, 0.0008444786071777344, 0.18126320838928223], [6.624192714691162, 0.03624224662780762, 4.340778112411499, 0.0009198188781738281, 0.0008082389831542969, 0.0010890960693359375, 0.2147667407989502], []], "val.compute_time": [[24.412592887878418, 0.4244425296783447, 0.19838428497314453, 0.19583559036254883, 0.1955564022064209, 0.19221258163452148, 6.196711778640747], [0.8739533424377441, 0.19375014305114746, 0.8675270080566406, 0.7482390403747559, 0.4015793800354004, 0.19225430488586426, 0.024314165115356445], []]}, "event": {}}