{"run": {"data": "/data/imagenet", "data_backend": "dali-cpu", "arch": "resnet50", "model_config": "fanin", "workers": 3, "epochs": 2, "start_epoch": 0, "batch_size": 224, "optimizer_batch_size": -1, "lr": 0.1, "lr_schedule": "step", "warmup": 0, "label_smoothing": 0.1, "mixup": 0.1, "momentum": 0.9, "weight_decay": 0.0001, "bn_weight_decay": false, "nesterov": false, "print_freq": 1, "resume": "", "pretrained_weights": "", "fp16": false, "static_loss_scale": 128.0, "dynamic_loss_scale": false, "prof": 100, "amp": true, "local_rank": 0, "seed": null, "gather_checkpoints": false, "raport_file": "/data/workspace/./raport_16GPU_224BS_dali-cpu_inferencebench.json", "final_weights": "model.pth.tar", "evaluate": true, "training_only": false, "save_checkpoints": false, "workspace": "/data/workspace", "distributed": true, "gpu": 0, "world_size": 16}, "epoch": {"ep": [0, 1], "val.top1": [0.09964923347745623, 0.09964923347745623], "val.top5": [0.5301339334941336, 0.5301339285714286], "val.loss": [1054.205357142857, 1054.203125], "val.compute_ips": [17506.780065511466, 16390.004325092836], "val.total_ips": [7239.056146148582, 7588.5805587332725], "val.data_time": [0.21996591772351945, 0.17464369535446167], "val.compute_time": [1.5893059117453439, 0.9594441481998989]}, "iter": {"it": [[], []], "val.it": [[1, 2, 3, 4, 5, 6, 7, 8, 9, 10, 11, 12, 13, 14, 1, 2, 3, 4, 5, 6, 7, 8, 9, 10, 11, 12, 13, 14]], "val.top1": [[0.0, 0.0, 0.0, 0.0, 0.0, 0.0, 0.0, 0.0, 0.0, 0.0, 1.3950892686843872, 0.0, 0.0, 0.0], [0.0, 0.0, 0.0, 0.0, 0.0, 0.0, 0.0, 0.0, 0.0, 0.0, 1.3950892686843872, 0.0, 0.0, 0.0], []], "val.top5": [[0.0, 0.0, 1.3950892686843872, 1.8973214626312256, 0.0, 0.0, 0.0, 2.622767925262451, 0.0, 0.0, 1.3950892686843872, 0.0, 0.0837053582072258, 0.02790178544819355], [0.0, 0.0, 1.3950892686843872, 1.8973214626312256, 0.0, 0.0, 0.0837053582072258, 2.5390625, 0.0, 0.0, 1.3950892686843872, 0.0, 0.1116071417927742, 0.0], []], "val.loss": [[1091.1875, 1070.5625, 1125.15625, 1073.96875, 973.96875, 1007.09375, 1014.21875, 1048.53125, 1044.1875, 983.125, 1066.5625, 1057.46875, 1088.90625, 1113.9375], [1086.71875, 1068.0625, 1128.1875, 1082.21875, 961.59375, 1014.53125, 1017.34375, 1032.0, 1059.625, 971.875, 1071.6875, 1053.5625, 1091.875, 1119.5625], []], "val.compute_ips": [[187.6465424989045, 14237.370753144416, 16765.65219078805, 16549.858623001644, 19514.03805866783, 30616.542399116883, 41412.7853350928, 29444.72407248168, 18036.705453227794, 20515.278298880505, 12757.24559868493, 9664.226586613539, 7263.225518044777, 8129.621486916793], [7814.129913335662, 7324.513901455851, 8402.271068020207, 8132.4846537912845, 7730.346558716113, 7139.847819509732, 7694.7927552456285, 9778.178890811401, 14431.972196700663, 24278.402330873578, 30500.377462925502, 13781.974549108485, 41379.84005637556, 25436.068028569156], []], "val.total_ips": [[187.64184618913515, 14125.951481345051, 7400.158286074354, 7294.409882720815, 7140.895845921737, 6831.235073984214, 7252.012819022248, 7282.123473200903, 6881.857548469797, 9021.091202381238, 6733.7812562713225, 6732.363842866574, 6395.62764038366, 8067.635847249094], [7143.152351187747, 6986.526711671411, 8377.206210966213, 7502.291022734872, 7714.078157946728, 7126.40682054355, 7678.430322279442, 9753.258703872396, 9705.871304945205, 9516.294169520152, 8597.293875557478, 6468.162815213734, 7001.691008470096, 7562.806123542454], []], "val.data_time": [[0.0004780292510986328, 0.0019855499267578125, 0.27054357528686523, 0.2747774124145508, 0.3182351589202881, 0.40758800506591797, 0.40766429901123047, 0.37044453620910645, 0.3220837116241455, 0.22259211540222168, 0.25130343437194824, 0.16150164604187012, 0.06693816184997559, 0.0033872127532958984], [0.04308295249938965, 0.023671627044677734, 0.001276254653930664, 0.03701901435852051, 0.0009777545928955078, 0.0009467601776123047, 0.0009925365447998047, 0.0009365081787109375, 0.12092351913452148, 0.22899627685546875, 0.29936861991882324, 0.2940487861633301, 0.4252641201019287, 0.3329958915710449], []], "val.compute_time": [[19.09973907470703, 0.25173187255859375, 0.21377038955688477, 0.21655774116516113, 0.18366265296936035, 0.11706089973449707, 0.08654332160949707, 0.1217195987701416, 0.19870591163635254, 0.174699068069458, 0.28093838691711426, 0.3708522319793701, 0.49344468116760254, 0.44085693359375], [0.45865631103515625, 0.4893157482147217, 0.42655134201049805, 0.4407017230987549, 0.46362733840942383, 0.5019714832305908, 0.46576952934265137, 0.3665304183959961, 0.2483375072479248, 0.14762091636657715, 0.11750674247741699, 0.26004981994628906, 0.08661222457885742, 0.14090228080749512], []]}, "event": {}}