{"run": {"data": "/data/imagenet", "data_backend": "dali-gpu", "arch": "resnet50", "model_config": "fanin", "workers": 3, "epochs": 2, "start_epoch": 0, "batch_size": 224, "optimizer_batch_size": -1, "lr": 0.1, "lr_schedule": "step", "warmup": 0, "label_smoothing": 0.1, "mixup": 0.1, "momentum": 0.9, "weight_decay": 0.0001, "bn_weight_decay": false, "nesterov": false, "print_freq": 1, "resume": "", "pretrained_weights": "", "fp16": false, "static_loss_scale": 128.0, "dynamic_loss_scale": false, "prof": 100, "amp": true, "local_rank": 0, "seed": null, "gather_checkpoints": false, "raport_file": "/data/workspace/./raport_16GPU_224BS_dali-gpu_inferencebench.json", "final_weights": "model.pth.tar", "evaluate": true, "training_only": false, "save_checkpoints": false, "workspace": "/data/workspace", "distributed": true, "gpu": 0, "world_size": 16}, "epoch": {"ep": [0, 1], "val.top1": [0.1016422181523272, 0.10164221602358989], "val.top5": [0.4643654217943549, 0.4663584031430738], "val.loss": [973.1450892857143, 973.21875], "val.compute_ips": [16251.132796990263, 13145.272535881482], "val.total_ips": [7308.465915081349, 7544.923241009715], "val.data_time": [0.18748629093170166, 0.12285836253847394], "val.compute_time": [1.5669256619044714, 0.988000043800899]}, "iter": {"it": [[], []], "val.it": [[1, 2, 3, 4, 5, 6, 7, 8, 9, 10, 11, 12, 13, 14, 1, 2, 3, 4, 5, 6, 7, 8, 9, 10, 11, 12, 13, 14]], "val.top1": [[0.0, 0.02790178544819355, 0.0, 0.0, 0.0, 1.3950892686843872, 0.0, 0.0, 0.0, 0.0, 0.0, 0.0, 0.0, 0.0], [0.0, 0.02790178544819355, 0.0, 0.0, 0.1395089328289032, 1.2555803060531616, 0.0, 0.0, 0.0, 0.0, 0.0, 0.0, 0.0, 0.0], []], "val.top5": [[0.0, 1.3950892686843872, 0.0, 0.4185267686843872, 0.0, 1.3950892686843872, 0.5301339030265808, 0.6138392686843872, 1.8694195747375488, 0.0, 0.02790178544819355, 0.2511160671710968, 0.0, 0.0], [0.0, 1.3950892686843872, 0.0, 0.4185267686843872, 0.1395089328289032, 1.2555803060531616, 0.5301339030265808, 0.6417410373687744, 1.8694195747375488, 0.0, 0.02790178544819355, 0.2511160671710968, 0.0, 0.0], []], "val.loss": [[945.4375, 918.375, 978.40625, 947.1875, 939.78125, 1011.15625, 894.28125, 1009.75, 1012.1875, 1073.6875, 1003.09375, 941.65625, 960.90625, 988.125], [951.84375, 917.3125, 981.875, 941.9375, 931.34375, 1019.0, 892.9375, 1016.15625, 1014.4375, 1068.1875, 998.75, 945.03125, 953.65625, 992.59375], []], "val.compute_ips": [[194.90507620700643, 14235.88762346702, 18799.317599271657, 13941.168457338727, 13138.704112294932, 41303.77647294798, 39328.6298279809, 19679.27162379937, 13347.835326459504, 15949.125309674797, 15310.812664300302, 8996.332338687187, 5952.50061812235, 7337.5921073119725], [7152.209665893038, 7845.630805523951, 7364.975099261954, 8210.429761716849, 7915.743899183222, 9879.42542546095, 9032.77815460124, 8676.506292787637, 9760.731553002166, 8001.80639446744, 8027.744746479942, 6003.032402445238, 27073.866853013853, 15606.8907929804], []], "val.total_ips": [[194.90025213730678, 14128.726328740111, 7174.174748144341, 7708.263421813026, 7186.9307238189585, 7708.5994092550045, 8171.635571361087, 7439.35906755034, 7207.371321611587, 8093.088337411538, 7946.176257654183, 6131.570675430335, 5943.185965711322, 7284.5407304997425], [7140.763553778327, 7828.221773792481, 7350.943556842188, 8187.622875736183, 7360.334015064012, 9853.657752804864, 8233.003318419887, 7840.867405528108, 9500.37447907911, 7125.862936840174, 8011.320408890888, 5968.612200639012, 7266.803344036028, 7270.940315681892], []], "val.data_time": [[0.0004551410675048828, 0.001909494400024414, 0.30892443656921387, 0.20787525177001953, 0.22590112686157227, 0.37816357612609863, 0.3474607467651367, 0.29964137077331543, 0.2287607192993164, 0.21813249588012695, 0.21695160865783691, 0.18613123893737793, 0.0009436607360839844, 0.0035572052001953125], [0.0008032321929931641, 0.0010159015655517578, 0.0009288787841796875, 0.0012159347534179688, 0.03416585922241211, 0.0009486675262451172, 0.0385439395904541, 0.04402279853820801, 0.010062694549560547, 0.05505776405334473, 0.0009152889251708984, 0.003443002700805664, 0.3608231544494629, 0.2632789611816406], []], "val.compute_time": [[18.38843846321106, 0.2517580986022949, 0.1906452178955078, 0.2570803165435791, 0.2727818489074707, 0.08677172660827637, 0.09112954139709473, 0.18212056159973145, 0.2685079574584961, 0.2247145175933838, 0.23408293724060059, 0.39838457107543945, 0.6020998954772949, 0.48844361305236816], [0.5011038780212402, 0.4568147659301758, 0.48662757873535156, 0.43651795387268066, 0.45276856422424316, 0.362774133682251, 0.3967771530151367, 0.413069486618042, 0.3671855926513672, 0.44789886474609375, 0.44645166397094727, 0.5970315933227539, 0.13237857818603516, 0.22964215278625488], []]}, "event": {}}