{"run": {"data": "/data/imagenet", "data_backend": "dali-gpu", "arch": "resnet50", "model_config": "fanin", "workers": 3, "epochs": 2, "start_epoch": 0, "batch_size": 256, "optimizer_batch_size": -1, "lr": 0.1, "lr_schedule": "step", "warmup": 0, "label_smoothing": 0.1, "mixup": 0.1, "momentum": 0.9, "weight_decay": 0.0001, "bn_weight_decay": false, "nesterov": false, "print_freq": 1, "resume": "", "pretrained_weights": "", "fp16": false, "static_loss_scale": 128.0, "dynamic_loss_scale": false, "prof": 100, "amp": true, "local_rank": 0, "seed": null, "gather_checkpoints": false, "raport_file": "/data/workspace/./raport_16GPU_256BS_dali-gpu_inferencebench.json", "final_weights": "model.pth.tar", "evaluate": true, "training_only": false, "save_checkpoints": false, "workspace": "/data/workspace", "distributed": true, "gpu": 0, "world_size": 16}, "epoch": {"ep": [0, 1], "val.top1": [0.09390024038461539, 0.10172526041666667], "val.top5": [0.4695012019230769, 0.5086263020833334], "val.loss": [1842.03125, 1836.0703125], "val.compute_ips": [12259.869980531843, 13398.44291073626], "val.total_ips": [7121.574778095795, 7458.091758210637], "val.data_time": [0.17270135879516602, 0.15627195358276366], "val.compute_time": [1.804436518595769, 1.124931468963623]}, "iter": {"it": [[], []], "val.it": [[1, 2, 3, 4, 5, 6, 7, 8, 9, 10, 11, 12, 13, 1, 2, 3, 4, 5, 6, 7, 8, 9, 10, 11, 12]], "val.top1": [[0.0, 0.0, 0.0, 0.0, 1.1962890625, 0.0244140625, 0.0, 0.0, 0.0, 0.0, 0.0, 0.0, 0.0], [0.0, 0.0, 0.0, 0.8056640625, 0.4150390625, 0.0, 0.0, 0.0, 0.0, 0.0, 0.0, 0.0], []], "val.top5": [[0.0, 0.0, 0.0, 0.0, 2.7099609375, 2.1728515625, 0.0, 0.0, 0.0, 0.0, 0.0, 1.220703125, 0.0], [0.0, 0.0, 0.0, 1.611328125, 3.271484375, 0.0, 0.0, 0.0, 0.0, 0.0, 0.6103515625, 0.6103515625], []], "val.loss": [[1937.25, 1859.25, 1847.9375, 1837.9375, 1736.0625, 1699.59375, 1789.1875, 1904.0625, 1851.0, 1870.4375, 1893.1875, 1807.375, 1913.125], [1897.6875, 1840.375, 1847.1875, 1766.3125, 1743.09375, 1674.5, 1931.3125, 1836.9375, 1909.5625, 1870.5625, 1808.375, 1906.9375], []], "val.compute_ips": [[214.22600147365668, 12736.01783945675, 15275.883112818325, 10886.51587903582, 26410.33359672128, 18553.736245507327, 17548.044710061808, 13342.105835235387, 13538.681429563252, 9117.665044792595, 6905.974792598089, 6827.978225022147, 8021.147034627527], [8231.300926291924, 7767.331469099304, 6658.332390514556, 7363.436438229813, 8173.156724565852, 10624.447165236148, 10633.851175705613, 10367.71210611597, 10285.671545712315, 41940.99209999512, 25830.505463840025, 27706.02551618589], []], "val.total_ips": [[214.22030906041223, 12662.684438783783, 7480.035678039048, 6833.222435414022, 7301.572180713162, 7422.99841471545, 7683.778866495339, 6788.31294281929, 8382.034978430002, 6408.772842711551, 6586.708926208745, 6816.310223035495, 7999.819878819035], [8214.872275933827, 7751.340335160041, 6581.896651942211, 7349.245919704385, 8157.381291630027, 9177.15798880891, 7497.771680203201, 8324.862640658783, 8439.575121632986, 7278.960966592365, 7361.067021783011, 7737.689945970876], []], "val.data_time": [[0.0005080699920654297, 0.0018625259399414062, 0.27945590019226074, 0.22317910194396973, 0.4058842658996582, 0.33103442192077637, 0.2996547222137451, 0.29639196395874023, 0.18612360954284668, 0.18988609313964844, 0.028748750686645508, 0.0010268688201904297, 0.0013613700866699219], [0.0009951591491699219, 0.0010879039764404297, 0.007143974304199219, 0.001074075698852539, 0.0009691715240478516, 0.060799598693847656, 0.16111063957214355, 0.09694743156433105, 0.08710861206054688, 0.4650566577911377, 0.3978688716888428, 0.381519079208374], []], "val.compute_time": [[19.119994640350342, 0.3216075897216797, 0.26813507080078125, 0.37624526023864746, 0.1550908088684082, 0.22076416015625, 0.23341631889343262, 0.30699801445007324, 0.30254054069519043, 0.4492378234863281, 0.5931096076965332, 0.5998847484588623, 0.5106501579284668], [0.49761271476745605, 0.527336835861206, 0.6151690483093262, 0.5562620162963867, 0.501152753829956, 0.3855259418487549, 0.38518500328063965, 0.39507269859313965, 0.398223876953125, 0.09766101837158203, 0.15857219696044922, 0.14783787727355957], []]}, "event": {}}