{"run": {"data": "/data/imagenet", "data_backend": "dali-cpu", "arch": "resnet50", "model_config": "fanin", "workers": 3, "epochs": 2, "start_epoch": 0, "batch_size": 256, "optimizer_batch_size": -1, "lr": 0.1, "lr_schedule": "step", "warmup": 0, "label_smoothing": 0.1, "mixup": 0.1, "momentum": 0.9, "weight_decay": 0.0001, "bn_weight_decay": false, "nesterov": false, "print_freq": 1, "resume": "", "pretrained_weights": "", "fp16": false, "static_loss_scale": 128.0, "dynamic_loss_scale": false, "prof": 100, "amp": true, "local_rank": 0, "seed": null, "gather_checkpoints": false, "raport_file": "/data/workspace/./raport_16GPU_256BS_dali-cpu_inferencebench.json", "final_weights": "model.pth.tar", "evaluate": true, "training_only": false, "save_checkpoints": false, "workspace": "/data/workspace", "distributed": true, "gpu": 0, "world_size": 16}, "epoch": {"ep": [0, 1], "val.top1": [0.09390024038461539, 0.10172526041666667], "val.top5": [0.5427433894230769, 0.4964192708333333], "val.loss": [883.0384615384615, 884.6692708333334], "val.compute_ips": [14932.095920513048, 15069.763377910636], "val.total_ips": [7456.866365350924, 7693.316312935669], "val.data_time": [0.21934890747070312, 0.20374374389648436], "val.compute_time": [1.7607537416311412, 1.0753021240234375]}, "iter": {"it": [[], []], "val.it": [[1, 2, 3, 4, 5, 6, 7, 8, 9, 10, 11, 12, 13, 1, 2, 3, 4, 5, 6, 7, 8, 9, 10, 11, 12]], "val.top1": [[0.0, 0.0, 1.220703125, 0.0, 0.0, 0.0, 0.0, 0.0, 0.0, 0.0, 0.0, 0.0, 0.0], [0.0, 0.5126953125, 0.7080078125, 0.0, 0.0, 0.0, 0.0, 0.0, 0.0, 0.0, 0.0, 0.0], []], "val.top5": [[1.1474609375, 2.44140625, 1.220703125, 0.0, 0.0, 1.220703125, 0.0, 0.0, 0.0, 0.0, 0.0, 0.0, 1.025390625], [2.5634765625, 0.5126953125, 0.7080078125, 0.0, 1.220703125, 0.0, 0.0, 0.0, 0.0, 0.0, 0.0, 0.9521484375], []], "val.loss": [[858.625, 857.0625, 879.9375, 899.59375, 887.21875, 816.71875, 934.125, 883.03125, 926.4375, 908.78125, 913.40625, 848.0625, 866.5], [847.25, 865.25, 927.46875, 861.65625, 836.78125, 903.5, 891.28125, 925.28125, 915.3125, 922.71875, 866.8125, 852.71875], []], "val.compute_ips": [[210.80725724847193, 13804.757763226513, 19165.06307785671, 12301.535400837627, 41688.18837963232, 16690.8279257748, 13426.597983650374, 12737.963114492768, 14137.517772015566, 16671.14907012513, 11408.395915524103, 10294.91080212827, 11579.532504157003], [10252.414935936838, 9638.226678455538, 8090.72473948657, 8818.863468786221, 8869.267744994737, 10562.269407549313, 13177.676925083033, 14521.209904926767, 16642.660738036906, 41954.307025812595, 21674.677001958054, 18424.53891006976], []], "val.total_ips": [[210.80175800188647, 13723.924292569453, 8139.572069400093, 7090.625397096618, 7249.082648188539, 6878.482231720134, 7660.173386981708, 7464.075791793278, 7933.1198658285875, 8067.211552259776, 6638.434115164958, 6995.2971472570125, 8888.462493299972], [7375.398259083658, 7909.296156596049, 7213.479982230687, 8800.387047862587, 8850.37912366155, 8630.39387850242, 8432.065250350317, 8331.111937439566, 8611.333756384616, 6836.869065797207, 6968.155604398814, 7434.775011522258], []], "val.data_time": [[0.0005068778991699219, 0.0017476081848144531, 0.28949832916259766, 0.24469757080078125, 0.4667837619781494, 0.35007596015930176, 0.22964763641357422, 0.227203369140625, 0.22659087181091309, 0.262040376663208, 0.257979154586792, 0.1876697540283203, 0.10709452629089355], [0.15584421157836914, 0.09289717674255371, 0.061567068099975586, 0.0009751319885253906, 0.0009856224060058594, 0.0868062973022461, 0.17493605613708496, 0.2095808982849121, 0.2295377254486084, 0.5014746189117432, 0.39884066581726074, 0.3286123275756836], []], "val.compute_time": [[19.430071115493774, 0.2967092990875244, 0.21372222900390625, 0.33296656608581543, 0.09825325012207031, 0.24540424346923828, 0.3050661087036133, 0.32155847549438477, 0.28972554206848145, 0.24569392204284668, 0.35903382301330566, 0.39786648750305176, 0.3537275791168213], [0.39951562881469727, 0.4249744415283203, 0.5062587261199951, 0.4644589424133301, 0.4618194103240967, 0.38779544830322266, 0.31082868576049805, 0.2820701599121094, 0.24611449241638184, 0.09763002395629883, 0.18897628784179688, 0.22231221199035645], []]}, "event": {}}