{"run": {"data": "/data/imagenet", "data_backend": "dali-cpu", "arch": "resnet50", "model_config": "fanin", "workers": 3, "epochs": 2, "start_epoch": 0, "batch_size": 512, "optimizer_batch_size": -1, "lr": 0.1, "lr_schedule": "step", "warmup": 0, "label_smoothing": 0.1, "mixup": 0.1, "momentum": 0.9, "weight_decay": 0.0001, "bn_weight_decay": false, "nesterov": false, "print_freq": 1, "resume": "", "pretrained_weights": "", "fp16": false, "static_loss_scale": 128.0, "dynamic_loss_scale": false, "prof": 100, "amp": true, "local_rank": 0, "seed": null, "gather_checkpoints": false, "raport_file": "/data/workspace/./raport_16GPU_512BS_dali-cpu_inferencebench.json", "final_weights": "model.pth.tar", "evaluate": true, "training_only": false, "save_checkpoints": false, "workspace": "/data/workspace", "distributed": true, "gpu": 0, "world_size": 16}, "epoch": {"ep": [0, 1], "val.top1": [0.09765625, 0.115966796875], "val.top5": [0.5266462053571429, 0.5208333333333334], "val.loss": [1107.0089285714287, 1105.0989583333333], "val.compute_ips": [19641.266630567417, 22700.84426383246], "val.total_ips": [7698.9683731496625, 7672.730762678604], "val.data_time": [0.47580174037388395, 0.5924989993755634], "val.compute_time": [3.86912955556597, 2.244482242144071]}, "iter": {"it": [[], []], "val.it": [[1, 2, 3, 4, 5, 6, 7, 1, 2, 3, 4, 5, 6]], "val.top1": [[0.048828125, 0.08544921875, 0.54931640625, 0.0, 0.0, 0.0, 0.0], [0.13427734375, 0.5615234375, 0.0, 0.0, 0.0, 0.0], []], "val.top5": [[0.8544921875, 0.3173828125, 1.3427734375, 0.0, 0.0, 0.6103515625, 0.5615234375], [0.6103515625, 1.3427734375, 0.0, 0.0, 0.6103515625, 0.5615234375], []], "val.loss": [[1100.09375, 1117.71875, 1032.75, 1162.0625, 1122.90625, 1110.09375, 1103.4375], [1105.96875, 1048.78125, 1134.1875, 1137.71875, 1117.25, 1086.6875], []], "val.compute_ips": [[336.8335801324709, 16723.8271416737, 42313.80229599691, 24591.501959605503, 13813.704283165405, 9260.124529679922, 30449.072623718024], [19186.766596456117, 14922.699034751131, 24288.989120768656, 42383.32576940631, 32376.2403775121, 24464.08811695575], []], "val.total_ips": [[336.8264049757834, 16641.26628020793, 8792.928130828303, 7382.51027199472, 6791.770819080752, 6677.165410542889, 7270.311294417264], [7170.80832028797, 7489.229435685753, 8887.515265639404, 7136.261971762535, 7635.840179492502, 7533.06612990604], []], "val.data_time": [[0.0005180835723876953, 0.0024302005767822266, 0.7380566596984863, 0.7765264511108398, 0.6131312847137451, 0.34221458435058594, 0.8577349185943604], [0.7154486179351807, 0.5448751449584961, 0.584470272064209, 0.9546563625335693, 0.8198103904724121, 0.7526140213012695], []], "val.compute_time": [[24.320615530014038, 0.489840030670166, 0.19360113143920898, 0.33312320709228516, 0.5930342674255371, 0.8846533298492432, 0.2690393924713135], [0.42696094512939453, 0.5489623546600342, 0.33727216720581055, 0.1932835578918457, 0.2530250549316406, 0.3348581790924072], []]}, "event": {}}