{"run": {"data": "/data/imagenet", "data_backend": "pytorch", "arch": "resnet50", "model_config": "fanin", "workers": 3, "epochs": 2, "start_epoch": 0, "batch_size": 448, "optimizer_batch_size": -1, "lr": 0.1, "lr_schedule": "step", "warmup": 0, "label_smoothing": 0.1, "mixup": 0.1, "momentum": 0.9, "weight_decay": 0.0001, "bn_weight_decay": false, "nesterov": false, "print_freq": 1, "resume": "", "pretrained_weights": "", "fp16": false, "static_loss_scale": 128.0, "dynamic_loss_scale": false, "prof": 100, "amp": true, "local_rank": 0, "seed": null, "gather_checkpoints": false, "raport_file": "/data/workspace/./raport_16GPU_448BS_pytorch_inferencebench.json", "final_weights": "model.pth.tar", "evaluate": true, "training_only": false, "save_checkpoints": false, "workspace": "/data/workspace", "distributed": true, "gpu": 0, "world_size": 16}, "epoch": {"ep": [0, 1], "val.top1": [0.09995023374046598, 0.10015090182423592], "val.top5": [0.5124615856579372, 0.5119097403117588], "val.loss": [1159.2232142857142, 1159.1785714285713], "val.compute_ips": [26479.533919119818, 21369.134013015486], "val.total_ips": [25934.10883270643, 18912.210564667243], "val.data_time": [0.8585502079554966, 0.927635840007237], "val.compute_time": [5.505604573658535, 3.505067450659616]}, "iter": {"it": [[], []], "val.it": [[1, 2, 3, 4, 5, 6, 7, 1, 2, 3, 4, 5, 6, 7]], "val.top1": [[0.1534598171710968, 0.09765625, 0.1255580335855484, 0.0697544664144516, 0.09765625, 0.0697544664144516, 0.08581235259771347], [0.0697544664144516, 0.09765625, 0.0418526791036129, 0.0837053582072258, 0.1813616156578064, 0.0837053582072258, 0.14302058517932892], []], "val.top5": [[0.516183078289032, 0.5998883843421936, 0.4464286267757416, 0.390625, 0.5719866156578064, 0.4185267984867096, 0.6435925960540771], [0.48828125, 0.5719866156578064, 0.4603794813156128, 0.4045758843421936, 0.6975446343421936, 0.4743303656578064, 0.4862699508666992], []], "val.loss": [[1150.375, 1163.4375, 1159.625, 1164.0625, 1156.5625, 1161.9375, 1158.5625], [1154.6875, 1159.25, 1151.625, 1163.0, 1171.125, 1160.4375, 1154.125], []], "val.compute_ips": [[292.2906504360851, 19872.26597906935, 40463.31769699857, 41424.53976179847, 41385.42224326802, 41379.327482055975, 539.573620212254], [2940.715072323655, 20981.032884608674, 2007.8712003427934, 16009.3991421474, 32048.475563983913, 2155.401051892473, 37668.24383307923], []], "val.total_ips": [[236.75988012054725, 16797.79141973567, 40261.25632681703, 41213.29784562408, 41246.88375053849, 41250.95848940625, 531.8141167029708], [923.3467436507949, 19261.23863040115, 1512.1900381402731, 10820.613298244503, 31914.910339278304, 2154.944991107066, 16644.942035574277], []], "val.data_time": [[5.751864671707153, 0.06601905822753906, 0.0008890628814697266, 0.0008869171142578125, 0.0005817413330078125, 0.0005390644073486328, 0.1890709400177002], [5.325561761856079, 0.030504465103149414, 1.1701948642730713, 0.21470236778259277, 0.0009360313415527344, 0.0007038116455078125, 0.23444700241088867], []], "val.compute_time": [[24.523535013198853, 0.360703706741333, 0.17714810371398926, 0.17303752899169922, 0.1732010841369629, 0.17322659492492676, 12.958379983901978], [2.437502384185791, 0.341641902923584, 3.5699501037597656, 0.4477369785308838, 0.22366118431091309, 3.325599193572998, 0.18562054634094238], []]}, "event": {}}