{"run": {"data": "/data/imagenet", "data_backend": "dali-cpu", "arch": "resnet50", "model_config": "fanin", "workers": 3, "epochs": 2, "start_epoch": 0, "batch_size": 448, "optimizer_batch_size": -1, "lr": 0.1, "lr_schedule": "step", "warmup": 0, "label_smoothing": 0.1, "mixup": 0.1, "momentum": 0.9, "weight_decay": 0.0001, "bn_weight_decay": false, "nesterov": false, "print_freq": 1, "resume": "", "pretrained_weights": "", "fp16": false, "static_loss_scale": 128.0, "dynamic_loss_scale": false, "prof": 100, "amp": true, "local_rank": 0, "seed": null, "gather_checkpoints": false, "raport_file": "/data/workspace/./raport_16GPU_448BS_dali-cpu_inferencebench.json", "final_weights": "model.pth.tar", "evaluate": true, "training_only": false, "save_checkpoints": false, "workspace": "/data/workspace", "distributed": true, "gpu": 0, "world_size": 16}, "epoch": {"ep": [0, 1], "val.top1": [0.09964923347745623, 0.09964923347745623], "val.top5": [0.48628825188747477, 0.48628825188747477], "val.loss": [1284.5982142857142, 1284.625], "val.compute_ips": [17422.394787556295, 16528.13188514955], "val.total_ips": [7763.247041594183, 7570.3071446991435], "val.data_time": [0.3862436498914446, 0.34355807304382324], "val.compute_time": [3.5916613851274763, 2.1326249837875366]}, "iter": {"it": [[], []], "val.it": [[1, 2, 3, 4, 5, 6, 7, 1, 2, 3, 4, 5, 6, 7]], "val.top1": [[0.6975446343421936, 0.0, 0.0, 0.0, 0.0, 0.0, 0.0], [0.6975446343421936, 0.0, 0.0, 0.0, 0.0, 0.0, 0.0], []], "val.top5": [[0.6975446343421936, 0.0, 0.6975446343421936, 0.7952008843421936, 0.02790178544819355, 0.0, 1.1858258247375488], [0.6975446343421936, 0.0, 0.6975446343421936, 0.7952008843421936, 0.02790178544819355, 0.0, 1.1858258247375488], []], "val.loss": [[1308.625, 1284.6875, 1225.875, 1299.125, 1280.75, 1294.5, 1298.625], [1305.8125, 1282.78125, 1230.375, 1294.90625, 1284.375, 1294.125, 1300.0], []], "val.compute_ips": [[317.3658921444308, 16630.198364680098, 41148.148246690944, 23489.497088889653, 16658.080974459448, 12684.90443614295, 11028.568509886536], [11010.627294478018, 8998.281760150941, 7874.65287275758, 7378.433721208183, 7791.287548772043, 42141.105547698375, 24242.694134134523], []], "val.total_ips": [[317.35897426180645, 16540.152783432102, 8789.912638742218, 7283.109590982393, 7054.280260136337, 6605.766246595472, 7752.14879700896], [7634.7179467645465, 7046.86949773357, 7859.405130650371, 7365.987394547241, 7780.103607495766, 6669.09735958077, 7285.389797856458], []], "val.data_time": [[0.0004923343658447266, 0.002346515655517578, 0.6412804126739502, 0.67903733253479, 0.5858190059661865, 0.5200314521789551, 0.27469849586486816], [0.28786158561706543, 0.22059273719787598, 0.0017659664154052734, 0.0016415119171142578, 0.0013225078582763672, 0.9047129154205322, 0.6882102489471436], []], "val.compute_time": [[22.585917949676514, 0.43102312088012695, 0.17419981956481934, 0.3051576614379883, 0.4303016662597656, 0.5650811195373535, 0.6499483585357666], [0.6510074138641357, 0.7965965270996094, 0.9102623462677002, 0.9714798927307129, 0.9200019836425781, 0.17009520530700684, 0.29567670822143555], []]}, "event": {}}