{"run": {"data": "/data/imagenet", "data_backend": "pytorch", "arch": "resnet50", "model_config": "fanin", "workers": 3, "epochs": 2, "start_epoch": 0, "batch_size": 224, "optimizer_batch_size": -1, "lr": 0.1, "lr_schedule": "step", "warmup": 0, "label_smoothing": 0.1, "mixup": 0.1, "momentum": 0.9, "weight_decay": 0.0001, "bn_weight_decay": false, "nesterov": false, "print_freq": 1, "resume": "", "pretrained_weights": "", "fp16": false, "static_loss_scale": 128.0, "dynamic_loss_scale": false, "prof": 100, "amp": true, "local_rank": 0, "seed": null, "gather_checkpoints": false, "raport_file": "/data/workspace/./raport_16GPU_224BS_pytorch_inferencebench.json", "final_weights": "model.pth.tar", "evaluate": true, "training_only": false, "save_checkpoints": false, "workspace": "/data/workspace", "distributed": true, "gpu": 0, "world_size": 16}, "epoch": {"ep": [0, 1], "val.top1": [0.09995800762304238, 0.09817087011677879], "val.top5": [0.5078649371862411, 0.5081736935036523], "val.loss": [1015.4754464285714, 1015.453125], "val.compute_ips": [21789.045741662092, 21055.37126467598], "val.total_ips": [19527.109252361955, 16565.52688055649], "val.data_time": [0.4726057733808245, 0.5070817385401044], "val.compute_time": [2.2343335832868303, 1.391241192817688]}, "iter": {"it": [[], []], "val.it": [[1, 2, 3, 4, 5, 6, 7, 8, 9, 10, 11, 12, 13, 14, 1, 2, 3, 4, 5, 6, 7, 8, 9, 10, 11, 12, 13, 14]], "val.top1": [[0.0837053582072258, 0.0837053582072258, 0.02790178544819355, 0.0837053582072258, 0.1116071417927742, 0.0558035708963871, 0.1395089328289032, 0.02790178544819355, 0.0558035708963871, 0.1395089328289032, 0.1674107164144516, 0.1953125, 0.1395089328289032, 0.08802816271781921], [0.2232142835855484, 0.1116071417927742, 0.0558035708963871, 0.0837053582072258, 0.0837053582072258, 0.0558035708963871, 0.1116071417927742, 0.1116071417927742, 0.1674107164144516, 0.0558035708963871, 0.0558035708963871, 0.0558035708963871, 0.0558035708963871, 0.14671361446380615], []], "val.top5": [[0.5580357313156128, 0.5022321939468384, 0.418526828289032, 0.5301339626312256, 0.418526828289032, 0.5859376192092896, 0.418526828289032, 0.390625, 0.4464285969734192, 0.5580357313156128, 0.5301339626312256, 0.7812501192092896, 0.5022321939468384, 0.46948352456092834], [0.7254464626312256, 0.418526828289032, 0.5859375596046448, 0.4743303954601288, 0.4464285969734192, 0.4464285969734192, 0.5022321343421936, 0.613839328289032, 0.4743303656578064, 0.5022321939468384, 0.4743303954601288, 0.4185267984867096, 0.4743303656578064, 0.5575116872787476], []], "val.loss": [[1008.84375, 1005.71875, 1011.9375, 1022.28125, 1021.21875, 1012.75, 1016.6875, 1019.875, 1012.875, 1019.46875, 1015.25, 1017.53125, 1011.1875, 1021.03125], [1008.25, 1009.75, 1010.125, 1019.46875, 1019.5625, 1015.15625, 1006.625, 1018.75, 1027.65625, 1021.15625, 1022.875, 1004.4375, 1011.9375, 1020.59375], []], "val.compute_ips": [[188.97529574686126, 15354.962590092668, 38538.84687918207, 40003.47423072727, 40312.00113703101, 40663.567211376416, 40500.874378303815, 11906.264755524684, 3204.191759734412, 13664.699434318496, 16725.434353908768, 4336.622412827673, 39260.32420799707, 386.40173649802665], [3716.7383777021196, 15419.634230053565, 4301.605287473612, 11868.597292841758, 39618.127980771256, 3962.682760215074, 12802.672153709886, 37872.678143399535, 1880.4364241901583, 40309.73108585709, 36553.357575168084, 2120.412642706656, 39990.384506517694, 34086.69656705171], []], "val.total_ips": [[163.57511643628234, 12687.752341966332, 38038.856576034006, 39374.470993766045, 39708.442941709436, 40067.76998406073, 39473.41819165334, 1543.4342107505772, 2903.573307744222, 13598.763130493937, 2324.31414792538, 4332.75261256956, 38782.3438981035, 380.0620798539968], [892.5592462271605, 13901.871447978907, 1605.1508662167973, 7299.684136511081, 39125.84794615389, 1580.2690862637435, 7463.378172363271, 37515.59291933805, 1323.3847439978224, 10004.995404954981, 36246.459806089304, 2119.4024735409284, 19249.362664211472, 12127.26420866697], []], "val.data_time": [[2.944981098175049, 0.04906725883483887, 0.001222372055053711, 0.0014312267303466797, 0.0013513565063476562, 0.001310586929321289, 0.0023033618927001953, 2.0210764408111572, 0.11580634117126465, 0.0012717247009277344, 1.3276758193969727, 0.0007381439208984375, 0.0011250972747802734, 0.14711999893188477], [3.051133394241333, 0.025376081466674805, 1.399634599685669, 0.18900680541992188, 0.0011382102966308594, 1.3635303974151611, 0.2002699375152588, 0.0009007453918457031, 0.8022665977478027, 0.26930952072143555, 0.0008301734924316406, 0.0008056163787841797, 0.09656643867492676, 0.18103933334350586], []], "val.compute_time": [[18.965441942214966, 0.23340988159179688, 0.09299707412719727, 0.08959221839904785, 0.08890652656555176, 0.08813786506652832, 0.08849191665649414, 0.30101799964904785, 1.118534803390503, 0.2622816562652588, 0.21428442001342773, 0.8264496326446533, 0.09128808975219727, 8.819836139678955], [0.9642863273620605, 0.23243093490600586, 0.8331773281097412, 0.3019733428955078, 0.09046363830566406, 0.904437780380249, 0.2799415588378906, 0.09463286399841309, 1.9059405326843262, 0.08891153335571289, 0.09804844856262207, 1.690237045288086, 0.08962154388427734, 0.09998035430908203], []]}, "event": {}}