{"run": {"data": "/data/imagenet", "data_backend": "dali-gpu", "arch": "resnet50", "model_config": "fanin", "workers": 5, "epochs": 2, "start_epoch": 0, "batch_size": 256, "optimizer_batch_size": -1, "lr": 0.1, "lr_schedule": "step", "warmup": 0, "label_smoothing": 0.1, "mixup": 0.1, "true_weight_decay": false, "momentum": 0.9, "weight_decay": 0.0001, "bn_weight_decay": false, "nesterov": false, "print_freq": 1, "resume": "", "pretrained_weights": "", "fp16": false, "static_loss_scale": 1, "dynamic_loss_scale": false, "prof": 100, "local_rank": 0, "seed": null, "gather_checkpoints": false, "raport_file": "/data/workspace/./raport_8GPU_256BS_dali-gpu_inferencebench.json", "final_weights": "model.pth.tar", "evaluate": true, "training_only": false, "save_checkpoints": false, "workspace": "/data/workspace", "distributed": true, "gpu": 0, "world_size": 8}, "epoch": {"ep": [0, 1], "val.top1": [0.1171875, 0.1220703125], "val.top5": [0.49609375, 0.5167643229166666], "val.loss": [1363.058955078125, 1359.2844492594402], "val.compute_ips": [6980.181686996863, 7262.963618327188], "val.total_ips": [6738.867042553664, 7026.238913104581], "val.data_time": [0.00974374771118164, 0.009276667419744998], "val.compute_time": [0.44010482788085936, 0.3635620389665876]}, "iter": {"it": [[], []], "val.it": [[1, 2, 3, 4, 5, 6, 7, 8, 9, 10, 11, 12, 13, 14, 15, 16, 17, 18, 19, 20, 21, 22, 23, 24, 25, 1, 2, 3, 4, 5, 6, 7, 8, 9, 10, 11, 12, 13, 14, 15, 16, 17, 18, 19, 20, 21, 22, 23, 24]], "val.top1": [[0.0, 0.0, 0.0, 0.0, 0.0, 0.0, 0.0, 0.0, 0.0, 0.0, 0.0, 0.0, 0.0, 0.0, 0.0, 0.0, 0.0, 0.0, 0.0, 0.0, 0.0, 1.5625, 1.3671875, 0.0, 0.0], [0.0, 0.0, 0.0, 0.0, 0.0, 0.0, 0.0, 0.0, 0.0, 0.0, 0.0, 0.0, 0.0, 0.0, 0.0, 0.0, 0.0, 0.0, 0.0, 0.0, 0.0, 1.5625, 1.3671875, 0.0], []], "val.top5": [[0.5859375, 1.85546875, 1.07421875, 0.0, 0.0, 0.439453125, 0.0, 0.0, 0.0, 0.0, 0.0, 0.0, 1.123046875, 1.953125, 0.48828125, 0.0, 0.0, 0.0, 0.0, 0.0, 0.0, 2.44140625, 2.44140625, 0.0, 0.0], [2.44140625, 0.439453125, 0.634765625, 0.0, 0.29296875, 0.146484375, 0.0, 0.0, 0.0, 0.0, 0.0, 1.123046875, 0.0, 2.44140625, 0.0, 0.0, 0.0, 0.0, 0.0, 0.0, 0.0, 2.44140625, 2.44140625, 0.0], []], "val.loss": [[1335.643798828125, 1373.521484375, 1223.904296875, 1365.6746826171875, 1376.4541015625, 1299.31689453125, 1427.857177734375, 1399.0032958984375, 1434.138427734375, 1371.52099609375, 1411.3665771484375, 1269.4990234375, 1343.2574462890625, 1302.586181640625, 1426.907958984375, 1352.764404296875, 1364.1385498046875, 1372.20068359375, 1413.3594970703125, 1378.631103515625, 1309.2615966796875, 1402.1063232421875, 1378.406005859375, 1380.7347412109375, 1364.2186279296875], [1336.8150634765625, 1264.670166015625, 1287.165283203125, 1398.147216796875, 1275.7142333984375, 1437.370849609375, 1411.200927734375, 1438.560302734375, 1386.636962890625, 1396.9000244140625, 1296.1605224609375, 1310.4869384765625, 1324.667724609375, 1355.4913330078125, 1412.6358642578125, 1353.5750732421875, 1405.1419677734375, 1379.1697998046875, 1371.349365234375, 1357.05419921875, 1350.605224609375, 1410.1993408203125, 1331.580078125, 1331.5283203125], []], "val.compute_ips": [[517.0887448426928, 8122.308901607737, 6100.610841272829, 5955.773429282799, 6257.136461973949, 6146.296268046386, 6041.901569007271, 6657.702797574067, 9618.229081312165, 8292.93154176329, 5900.045052235371, 5602.713450658568, 8110.322557254215, 6792.142713572607, 6089.686085989291, 5767.867156748859, 6102.357411898764, 9656.537820416257, 8352.936718486386, 9627.186970584742, 6796.070901202257, 9629.831170621952, 9816.069670627787, 6779.52913246622, 5771.265725475126], [9639.124361361068, 8103.214983986831, 5648.771689903089, 9277.64964995237, 6457.39335221703, 9755.757351229246, 7104.738699946983, 9629.0863306288, 6996.969525074022, 6125.027517911742, 5812.327771770682, 9591.669356225477, 7933.237091998544, 5657.164396868581, 9592.558387187193, 6656.768948687467, 5680.009119823317, 9636.291280716614, 9601.253864003183, 8640.863843493551, 6185.424890800136, 5603.557726542996, 5753.9042392999345, 6297.910743481722], []], "val.total_ips": [[517.0329397633379, 8079.967446607376, 6081.1758860779655, 5938.706134820026, 6185.879231130404, 6127.592274466863, 6023.598515336451, 6639.219141501464, 9579.090650780941, 8261.951635955826, 5884.343070088608, 5587.49081504484, 8078.926342955386, 6239.995839002523, 6070.921191210031, 5751.265316124488, 6082.101627806533, 9615.182244350617, 8318.590488844386, 9581.526800593412, 6773.947618612016, 9584.242216509569, 5415.833642481643, 6298.681953735499, 5754.413040041373], [9603.121532397086, 8073.831087400122, 5633.556704573774, 9234.850367407933, 6435.5022104882255, 6344.210839155674, 7080.277766604573, 9586.809378403957, 6187.688345591148, 6107.4598262595755, 5795.833035555243, 9548.615598043574, 7906.475159764479, 5643.060619677154, 9547.628571079245, 5906.207197376772, 5662.870465631257, 9588.928322494077, 9553.362544528018, 8601.029920597572, 6167.345696358941, 5586.357083444162, 5738.957995050696, 6280.050410399667], []], "val.data_time": [[0.00042748451232910156, 0.0013213157653808594, 0.0010728836059570312, 0.0009882450103759766, 0.0037703514099121094, 0.0010170936584472656, 0.00102996826171875, 0.0008563995361328125, 0.0008699893951416016, 0.0009260177612304688, 0.0009262561798095703, 0.0009958744049072266, 0.0009813308715820312, 0.026680469512939453, 0.0010395050048828125, 0.0010249614715576172, 0.001117706298828125, 0.0009121894836425781, 0.0010123252868652344, 0.0010137557983398438, 0.00098419189453125, 0.0010116100311279297, 0.16951298713684082, 0.023061513900756836, 0.001039266586303711], [0.0007965564727783203, 0.0009198188781738281, 0.0009791851043701172, 0.0010230541229248047, 0.0010788440704345703, 0.11288666725158691, 0.0009958744049072266, 0.0009379386901855469, 0.03828167915344238, 0.0009617805480957031, 0.0010027885437011719, 0.0009627342224121094, 0.0008738040924072266, 0.0009047985076904297, 0.0010046958923339844, 0.03909707069396973, 0.0010912418365478516, 0.0010497570037841797, 0.0010693073272705078, 0.0010976791381835938, 0.0009706020355224609, 0.001125335693359375, 0.000926971435546875, 0.0009248256683349609], []], "val.compute_time": [[3.9606354236602783, 0.25214505195617676, 0.33570408821105957, 0.3438680171966553, 0.32730627059936523, 0.3332087993621826, 0.33896613121032715, 0.3076136112213135, 0.21292901039123535, 0.24695730209350586, 0.34711599349975586, 0.365537166595459, 0.2525177001953125, 0.3015248775482178, 0.3363063335418701, 0.3550705909729004, 0.33560800552368164, 0.21208429336547852, 0.24518322944641113, 0.21273088455200195, 0.30135059356689453, 0.21267247200012207, 0.20863747596740723, 0.30208587646484375, 0.3548614978790283], [0.21246743202209473, 0.25273919105529785, 0.36255669593811035, 0.22074556350708008, 0.3171558380126953, 0.20992732048034668, 0.28825831413269043, 0.21268892288208008, 0.2926981449127197, 0.3343658447265625, 0.3523545265197754, 0.21351861953735352, 0.25815439224243164, 0.3620188236236572, 0.21349883079528809, 0.30765676498413086, 0.360562801361084, 0.21252989768981934, 0.21330547332763672, 0.2370133399963379, 0.3311009407043457, 0.3654820919036865, 0.35593223571777344, 0.32518720626831055], []]}, "event": {}}