{"run": {"data": "/data/imagenet", "data_backend": "dali-cpu", "arch": "resnet50", "model_config": "fanin", "workers": 5, "epochs": 2, "start_epoch": 0, "batch_size": 128, "optimizer_batch_size": -1, "lr": 0.1, "lr_schedule": "step", "warmup": 0, "label_smoothing": 0.1, "mixup": 0.1, "true_weight_decay": false, "momentum": 0.9, "weight_decay": 0.0001, "bn_weight_decay": false, "nesterov": false, "print_freq": 1, "resume": "", "pretrained_weights": "", "fp16": false, "static_loss_scale": 1, "dynamic_loss_scale": false, "prof": 100, "local_rank": 0, "seed": null, "gather_checkpoints": false, "raport_file": "/data/workspace/./raport_8GPU_128BS_dali-cpu_inferencebench.json", "final_weights": "model.pth.tar", "evaluate": true, "training_only": false, "save_checkpoints": false, "workspace": "/data/workspace", "distributed": true, "gpu": 0, "world_size": 8}, "epoch": {"ep": [0, 1], "val.top1": [0.09566326530612244, 0.09566326530612244], "val.top5": [0.4922672193877551, 0.4922672193877551], "val.loss": [1146.9678730867347, 1147.3669196926817], "val.compute_ips": [7654.726605064208, 8054.412929131289], "val.total_ips": [7480.742943595753, 7940.946504213821], "val.data_time": [0.002971148004337233, 0.0018552274120097257], "val.compute_time": [0.24572286800462373, 0.1855225927975713]}, "iter": {"it": [[], []], "val.it": [[1, 2, 3, 4, 5, 6, 7, 8, 9, 10, 11, 12, 13, 14, 15, 16, 17, 18, 19, 20, 21, 22, 23, 24, 25, 26, 27, 28, 29, 30, 31, 32, 33, 34, 35, 36, 37, 38, 39, 40, 41, 42, 43, 44, 45, 46, 47, 48, 49, 1, 2, 3, 4, 5, 6, 7, 8, 9, 10, 11, 12, 13, 14, 15, 16, 17, 18, 19, 20, 21, 22, 23, 24, 25, 26, 27, 28, 29, 30, 31, 32, 33, 34, 35, 36, 37, 38, 39, 40, 41, 42, 43, 44, 45, 46, 47, 48, 49]], "val.top1": [[0.0, 0.0, 0.0, 0.0, 0.0, 0.0, 0.0, 0.0, 0.0, 0.0, 0.0, 0.0, 4.19921875, 0.0, 0.0, 0.0, 0.0, 0.0, 0.0, 0.0, 0.0, 0.0, 0.48828125, 0.0, 0.0, 0.0, 0.0, 0.0, 0.0, 0.0, 0.0, 0.0, 0.0, 0.0, 0.0, 0.0, 0.0, 0.0, 0.0, 0.0, 0.0, 0.0, 0.0, 0.0, 0.0, 0.0, 0.0, 0.0, 0.0], [0.0, 0.0, 0.0, 0.0, 0.0, 0.0, 0.0, 0.0, 0.0, 0.0, 0.0, 0.0, 4.19921875, 0.0, 0.0, 0.0, 0.0, 0.0, 0.0, 0.0, 0.0, 0.0, 0.48828125, 0.0, 0.0, 0.0, 0.0, 0.0, 0.0, 0.0, 0.0, 0.0, 0.0, 0.0, 0.0, 0.0, 0.0, 0.0, 0.0, 0.0, 0.0, 0.0, 0.0, 0.0, 0.0, 0.0, 0.0, 0.0, 0.0], []], "val.top5": [[0.0, 0.0, 0.0, 0.0, 0.0, 0.0, 0.0, 0.0, 0.0, 0.0, 0.0, 0.0, 4.8828125, 0.0, 0.0, 0.0, 0.0, 0.0, 0.0, 0.0, 0.0, 0.0, 4.8828125, 0.0, 0.0, 0.0, 0.0, 0.0, 0.0, 4.8828125, 0.0, 0.0, 0.0, 0.0, 0.0, 2.9296875, 1.3671875, 0.0, 0.0, 0.29296875, 0.0, 4.8828125, 0.0, 0.0, 0.0, 0.0, 0.0, 0.0, 0.0], [0.0, 0.0, 0.0, 0.0, 0.0, 0.0, 0.0, 0.0, 0.0, 0.0, 0.0, 0.0, 4.8828125, 0.0, 0.0, 0.0, 0.0, 0.0, 0.0, 0.0, 0.0, 0.0, 4.8828125, 0.0, 0.0, 0.0, 0.0, 0.0, 0.0, 4.8828125, 0.0, 0.0, 0.0, 0.0, 0.0, 3.90625, 0.390625, 0.0, 0.0, 0.29296875, 0.0, 4.8828125, 0.0, 0.0, 0.0, 0.0, 0.0, 0.0, 0.0], []], "val.loss": [[1332.1910400390625, 1122.032958984375, 1179.20166015625, 1255.1065673828125, 1055.19091796875, 1056.55859375, 1099.2794189453125, 1077.445556640625, 1041.1331787109375, 1154.990966796875, 1087.261474609375, 1231.9486083984375, 1085.5670166015625, 1309.315185546875, 1209.5010986328125, 1184.109130859375, 1161.1138916015625, 1200.57958984375, 1118.2412109375, 1102.7705078125, 1262.63818359375, 1228.34326171875, 1187.7957763671875, 1199.2744140625, 1084.864501953125, 1219.981201171875, 1071.20458984375, 1215.591064453125, 1052.987548828125, 1009.0178833007812, 1248.0753173828125, 1054.549072265625, 968.3832397460938, 1064.638671875, 1085.0762939453125, 1083.609375, 1076.5244140625, 1054.0494384765625, 1169.982177734375, 1128.6043701171875, 1098.122802734375, 1189.03857421875, 1307.0867919921875, 1196.187255859375, 1263.142333984375, 1048.4730224609375, 1170.61669921875, 1244.5679931640625, 1155.4609375], [1326.4765625, 1100.431884765625, 1235.2650146484375, 1204.071044921875, 1059.62353515625, 1053.75927734375, 1134.84375, 1020.3015747070312, 1092.3021240234375, 1108.2943115234375, 1125.36181640625, 1216.792236328125, 1121.082275390625, 1287.2442626953125, 1213.594482421875, 1167.255859375, 1183.8929443359375, 1187.5162353515625, 1099.925537109375, 1115.422119140625, 1248.1419677734375, 1262.670654296875, 1195.8900146484375, 1157.5677490234375, 1098.7442626953125, 1203.9317626953125, 1099.3338623046875, 1143.734375, 1090.72607421875, 1052.213623046875, 1237.6949462890625, 1027.0819091796875, 980.311767578125, 1042.6737060546875, 1105.43408203125, 1047.99755859375, 1103.9566650390625, 1057.6416015625, 1243.617431640625, 1062.5784912109375, 1129.1107177734375, 1160.602783203125, 1334.8480224609375, 1205.542236328125, 1204.239990234375, 1069.840576171875, 1173.529541015625, 1228.1339111328125, 1199.73193359375], []], "val.compute_ips": [[186.3188394681574, 7787.961471509806, 8984.497797264676, 7049.342979818538, 9166.214497454996, 7660.979535486034, 6121.998018709653, 6324.545602603465, 9163.730757085677, 9549.167573047798, 6533.332870900664, 6166.739121258111, 6131.778266356768, 6495.273757835598, 9376.8184420172, 6692.148384523334, 6808.470937356835, 9382.717963617933, 7875.818387196151, 9364.367809876812, 9387.39368559095, 5743.631869843898, 6331.2675544758495, 6242.603361293239, 6001.566841474985, 9265.42083236256, 9367.06366162288, 6144.673902033552, 9315.37905097362, 5679.964049984064, 9310.431656142222, 9424.657672761106, 5992.122003044216, 6461.687387352147, 5802.425953996341, 9421.225878626487, 9342.877053762739, 9359.89856800089, 9231.565307105027, 6363.3104519096005, 9392.402693311114, 9349.425851631428, 6486.494239888845, 9413.874547933316, 8515.036332420033, 5480.8892201126555, 9570.74448703093, 9436.688666000198, 6424.657854073144], [7117.448397691907, 9202.528509843245, 9362.224490196291, 9409.85269689089, 9167.623200346643, 9323.326067089385, 5965.033521104852, 5799.8794048022555, 9285.53239475596, 7382.345310756993, 9420.626604753998, 5664.0018568045025, 9394.785900057967, 9196.08536258974, 9393.90232891813, 6913.539527396819, 9385.978172790727, 9385.896127168387, 9284.869969756386, 9356.53414779733, 9396.759123895954, 6019.525128029757, 9413.792013887367, 9388.481253497483, 9350.606424644859, 9369.1887595056, 9400.872670284041, 6161.767050435057, 9395.464102272428, 5601.303236912804, 9147.27825614704, 9048.551369617704, 5854.6605852251505, 9317.217994190523, 6908.335257066018, 9298.076065119501, 9342.917701211434, 9396.882477907859, 9142.955391830244, 9359.93936369362, 9344.747202537787, 9331.347474216389, 8840.983149513588, 6602.2383157169825, 9412.636689181192, 9429.954981776666, 6026.146654656373, 9371.11035084657, 6165.110371387928], []],