{"run": {"data": "/data/imagenet", "data_backend": "pytorch", "arch": "resnet50", "model_config": "fanin", "workers": 5, "epochs": 2, "start_epoch": 0, "batch_size": 256, "optimizer_batch_size": -1, "lr": 0.1, "lr_schedule": "step", "warmup": 0, "label_smoothing": 0.1, "mixup": 0.1, "true_weight_decay": false, "momentum": 0.9, "weight_decay": 0.0001, "bn_weight_decay": false, "nesterov": false, "print_freq": 1, "resume": "", "pretrained_weights": "", "fp16": false, "static_loss_scale": 1, "dynamic_loss_scale": false, "prof": 100, "local_rank": 0, "seed": null, "gather_checkpoints": false, "raport_file": "/data/workspace/./raport_8GPU_256BS_pytorch_inferencebench.json", "final_weights": "model.pth.tar", "evaluate": true, "training_only": false, "save_checkpoints": false, "workspace": "/data/workspace", "distributed": true, "gpu": 0, "world_size": 8}, "epoch": {"ep": [0, 1], "val.top1": [0.09375, 0.09651385605335236], "val.top5": [0.4996683371067047, 0.5051960492134094], "val.loss": [1209.14708984375, 1208.8729248046875], "val.compute_ips": [8392.185076716516, 8551.857407361591], "val.total_ips": [8062.412081999961, 7744.753902014905], "val.data_time": [0.09036253929138184, 0.10916633129119874], "val.compute_time": [0.5873048114776611, 0.41960476875305175]}, "iter": {"it": [[], []], "val.it": [[1, 2, 3, 4, 5, 6, 7, 8, 9, 10, 11, 12, 13, 14, 15, 16, 17, 18, 19, 20, 21, 22, 23, 24, 25, 1, 2, 3, 4, 5, 6, 7, 8, 9, 10, 11, 12, 13, 14, 15, 16, 17, 18, 19, 20, 21, 22, 23, 24, 25]], "val.top1": [[0.048828125, 0.048828125, 0.146484375, 0.048828125, 0.0, 0.048828125, 0.09765625, 0.146484375, 0.048828125, 0.048828125, 0.0, 0.146484375, 0.09765625, 0.0, 0.09765625, 0.09765625, 0.146484375, 0.048828125, 0.1953125, 0.244140625, 0.146484375, 0.146484375, 0.09765625, 0.1953125, 0.0], [0.29296875, 0.048828125, 0.09765625, 0.048828125, 0.048828125, 0.09765625, 0.048828125, 0.146484375, 0.0, 0.09765625, 0.048828125, 0.048828125, 0.1953125, 0.146484375, 0.1953125, 0.09765625, 0.0, 0.09765625, 0.09765625, 0.0, 0.146484375, 0.0, 0.09765625, 0.1953125, 0.1179245263338089], []], "val.top5": [[0.5859375, 0.390625, 0.634765625, 0.5859375, 0.48828125, 0.439453125, 0.341796875, 0.634765625, 0.537109375, 0.439453125, 0.341796875, 0.341796875, 0.439453125, 0.244140625, 0.68359375, 0.537109375, 0.634765625, 0.341796875, 0.537109375, 0.68359375, 0.439453125, 0.68359375, 0.732421875, 0.537109375, 0.2358490526676178], [0.634765625, 0.48828125, 0.537109375, 0.390625, 0.48828125, 0.48828125, 0.390625, 0.537109375, 0.5859375, 0.244140625, 0.1953125, 0.29296875, 0.68359375, 0.439453125, 0.537109375, 0.537109375, 0.439453125, 0.5859375, 0.68359375, 0.48828125, 0.634765625, 0.48828125, 0.5859375, 0.78125, 0.4716981053352356], []], "val.loss": [[1204.63037109375, 1207.068359375, 1200.510986328125, 1206.215087890625, 1206.449951171875, 1219.2672119140625, 1229.086181640625, 1195.96337890625, 1199.516357421875, 1211.1822509765625, 1220.5390625, 1195.7152099609375, 1220.41650390625, 1216.891357421875, 1206.51513671875, 1208.32080078125, 1220.3486328125, 1207.99951171875, 1198.5341796875, 1213.1239013671875, 1205.366943359375, 1220.5882568359375, 1198.659912109375, 1209.4051513671875, 1206.362548828125], [1198.2271728515625, 1210.4925537109375, 1191.087158203125, 1211.993896484375, 1205.5614013671875, 1195.5789794921875, 1216.2364501953125, 1206.291259765625, 1207.258544921875, 1202.5875244140625, 1232.55810546875, 1203.2681884765625, 1217.966552734375, 1205.2376708984375, 1224.887939453125, 1210.1748046875, 1208.11083984375, 1215.03564453125, 1213.4482421875, 1217.9696044921875, 1205.91064453125, 1216.1661376953125, 1194.0439453125, 1217.06494140625, 1194.6649169921875], []], "val.compute_ips": [[286.7528135205215, 9681.14483170571, 9936.878468390307, 9900.104524693399, 9605.419546450776, 9892.192239349115, 9879.711119187717, 9905.35595784599, 9890.085191240472, 9859.673161397996, 9762.83139268589, 9913.689758007184, 9937.4187641644, 9862.537219592958, 5192.102982127303, 9954.001031330428, 6836.567071690587, 7698.094901474389, 9332.898655248357, 5637.9567941506575, 9867.35213160552, 8426.105816607696, 8125.389806010753, 10031.65377801498, 388.7089614198052], [10074.763278791583, 9321.353214697683, 9901.804922583204, 9913.32364536113, 3168.972677639979, 10085.788079423544, 6884.372589249077, 9921.716703377682, 9384.1632485402, 4264.433948925692, 10068.587166028634, 6936.042252850138, 9943.285328159853, 9870.87849419119, 5257.628572337931, 9344.330419780108, 9839.085166578468, 9845.547053247737, 9891.72519449652, 8090.751411418313, 6784.642888905563, 9963.676487748296, 9896.135399517747, 9966.057822138739, 9169.177484177828], []], "val.total_ips": [[227.90796438538166, 9058.284113821, 9903.562994749573, 9868.599110096033, 9573.325760801, 9859.344976401668, 9840.291192356819, 9865.516246067833, 9812.559934749977, 9814.959291032326, 9372.143020646148, 9864.00951729143, 9890.119352428279, 9799.976945350167, 5181.110812077448, 9918.199737206118, 6822.530719095448, 5520.892522379388, 7280.006603753596, 4883.49706078323, 9835.232374305002, 6897.257851010067, 8109.1587859014735, 9990.201145334691, 371.6140179748703], [928.6854516262011, 8907.34793568825, 9867.873556999179, 9874.293869959502, 1964.4270408757159, 5049.133671394706, 6866.2404545341915, 9886.875092941937, 9342.826244949234, 4255.019049652339, 4259.528022849889, 6916.022099233998, 9889.971322318806, 9782.58867260991, 5245.819246868057, 6121.003390448882, 9809.06390899312, 9818.066742788695, 9851.588069739224, 6615.8813106476455, 6769.650136457956, 9934.154893042221, 9875.33824383189, 9947.361488016175, 3898.633134278624], []], "val.data_time": [[1.8440437316894531, 0.01454615592956543, 0.0006933212280273438, 0.0006604194641113281, 0.0007147789001464844, 0.0006897449493408203, 0.0008304119110107422, 0.0008349418640136719, 0.0016360282897949219, 0.0009462833404541016, 0.00874471664428711, 0.0010404586791992188, 0.0009856224060058594, 0.0013256072998046875, 0.0008368492126464844, 0.0007426738739013672, 0.0006163120269775391, 0.10491466522216797, 0.061879634857177734, 0.056119441986083984, 0.0006778240203857422, 0.05387544631958008, 0.0005044937133789062, 0.0008471012115478516, 0.1003568172454834], [2.0019874572753906, 0.010211944580078125, 0.0007112026214599609, 0.0008165836334228516, 0.39627695083618164, 0.20255613327026367, 0.0007855892181396484, 0.0007274150848388672, 0.0009655952453613281, 0.001062631607055664, 0.27739953994750977, 0.0008547306060791016, 0.0011103153228759766, 0.0018725395202636719, 0.0008769035339355469, 0.11541533470153809, 0.000637054443359375, 0.0005822181701660156, 0.0008435249328613281, 0.05642962455749512, 0.0006685256958007812, 0.0006108283996582031, 0.00043582916259765625, 0.00038623809814453125, 0.12502837181091309], []], "val.compute_time": [[7.142039775848389, 0.21154522895812988, 0.2061009407043457, 0.20686650276184082, 0.2132129669189453, 0.2070319652557373, 0.20729351043701172, 0.2067568302154541, 0.2070760726928711, 0.20771479606628418, 0.20977520942687988, 0.20658302307128906, 0.20608973503112793, 0.20765447616577148, 0.39444518089294434, 0.20574641227722168, 0.29956555366516113, 0.2660398483276367, 0.21943879127502441, 0.3632521629333496, 0.20755314826965332, 0.24305415153503418, 0.25204944610595703, 0.20415377616882324, 2.1815807819366455], [0.20328021049499512, 0.2197105884552002, 0.2068309783935547, 0.2065906524658203, 0.6462662220001221, 0.20305800437927246, 0.2974853515625, 0.20641589164733887, 0.21824002265930176, 0.4802513122558594, 0.20340490341186523, 0.295269250869751, 0.20596814155578613, 0.20747900009155273, 0.3895292282104492, 0.21917033195495605, 0.20814943313598633, 0.20801281929016113, 0.20704174041748047, 0.2531285285949707, 0.30185818672180176, 0.20554661750793457, 0.20694947242736816, 0.20549750328063965, 0.0924837589263916], []]}, "event": {}}