{"run": {"data": "/data/imagenet", "data_backend": "pytorch", "arch": "resnet50", "model_config": "fanin", "workers": 5, "epochs": 2, "start_epoch": 0, "batch_size": 128, "optimizer_batch_size": -1, "lr": 0.1, "lr_schedule": "step", "warmup": 0, "label_smoothing": 0.1, "mixup": 0.1, "true_weight_decay": false, "momentum": 0.9, "weight_decay": 0.0001, "bn_weight_decay": false, "nesterov": false, "print_freq": 1, "resume": "", "pretrained_weights": "", "fp16": false, "static_loss_scale": 1, "dynamic_loss_scale": false, "prof": 100, "local_rank": 0, "seed": null, "gather_checkpoints": false, "raport_file": "/data/workspace/./raport_8GPU_128BS_pytorch_inferencebench.json", "final_weights": "model.pth.tar", "evaluate": true, "training_only": false, "save_checkpoints": false, "workspace": "/data/workspace", "distributed": true, "gpu": 0, "world_size": 8}, "epoch": {"ep": [0, 1], "val.top1": [0.10006287298640426, 0.10047651127893098], "val.top5": [0.500314364627916, 0.4999007266394946], "val.loss": [1793.682223573023, 1793.5231958506058], "val.compute_ips": [7673.154888785594, 7762.109711932258], "val.total_ips": [7120.276896155179, 7316.316836169362], "val.data_time": [0.03341725894383022, 0.031095689656783124], "val.compute_time": [0.30979252348140796, 0.2344410954689493]}, "iter": {"it": [[], []], "val.it": [[1, 2, 3, 4, 5, 6, 7, 8, 9, 10, 11, 12, 13, 14, 15, 16, 17, 18, 19, 20, 21, 22, 23, 24, 25, 26, 27, 28, 29, 30, 31, 32, 33, 34, 35, 36, 37, 38, 39, 40, 41, 42, 43, 44, 45, 46, 47, 48, 49, 1, 2, 3, 4, 5, 6, 7, 8, 9, 10, 11, 12, 13, 14, 15, 16, 17, 18, 19, 20, 21, 22, 23, 24, 25, 26, 27, 28, 29, 30, 31, 32, 33, 34, 35, 36, 37, 38, 39, 40, 41, 42, 43, 44, 45, 46, 47, 48, 49]], "val.top1": [[0.0, 0.09765625, 0.09765625, 0.09765625, 0.390625, 0.09765625, 0.0, 0.1953125, 0.0, 0.09765625, 0.09765625, 0.0, 0.0, 0.0, 0.1953125, 0.0, 0.09765625, 0.09765625, 0.0, 0.09765625, 0.09765625, 0.0, 0.0, 0.1953125, 0.0, 0.0, 0.1953125, 0.48828125, 0.1953125, 0.09765625, 0.1953125, 0.0, 0.0, 0.29296875, 0.1953125, 0.1953125, 0.29296875, 0.0, 0.09765625, 0.09765625, 0.1953125, 0.0, 0.0, 0.09765625, 0.09765625, 0.0, 0.0, 0.09765625, 0.1179245263338089], [0.09765625, 0.1953125, 0.09765625, 0.09765625, 0.09765625, 0.0, 0.0, 0.09765625, 0.0, 0.0, 0.0, 0.0, 0.0, 0.0, 0.0, 0.0, 0.390625, 0.09765625, 0.1953125, 0.29296875, 0.1953125, 0.09765625, 0.0, 0.0, 0.09765625, 0.1953125, 0.09765625, 0.1953125, 0.09765625, 0.0, 0.09765625, 0.0, 0.09765625, 0.09765625, 0.0, 0.0, 0.09765625, 0.1953125, 0.29296875, 0.1953125, 0.1953125, 0.0, 0.09765625, 0.09765625, 0.09765625, 0.29296875, 0.1953125, 0.0, 0.2358490526676178], []], "val.top5": [[0.48828125, 0.5859375, 0.48828125, 0.48828125, 0.68359375, 0.390625, 0.5859375, 0.5859375, 0.9765625, 0.68359375, 0.68359375, 0.48828125, 0.29296875, 0.29296875, 0.68359375, 0.390625, 0.5859375, 0.5859375, 0.0, 0.1953125, 0.5859375, 0.0, 0.5859375, 0.78125, 0.390625, 0.1953125, 0.5859375, 0.5859375, 0.68359375, 0.390625, 0.48828125, 0.1953125, 0.1953125, 0.68359375, 0.48828125, 0.78125, 0.68359375, 0.48828125, 0.5859375, 0.48828125, 0.78125, 0.1953125, 0.29296875, 0.390625, 0.390625, 0.390625, 0.68359375, 0.78125, 0.5896226167678833], [0.09765625, 0.87890625, 0.390625, 1.07421875, 0.78125, 0.68359375, 0.390625, 0.48828125, 0.390625, 0.5859375, 0.48828125, 0.48828125, 0.29296875, 0.29296875, 0.29296875, 0.390625, 1.07421875, 0.390625, 0.390625, 0.78125, 0.5859375, 0.5859375, 0.09765625, 0.29296875, 0.29296875, 0.5859375, 0.390625, 0.68359375, 0.68359375, 0.390625, 0.1953125, 0.5859375, 0.390625, 0.68359375, 0.1953125, 0.5859375, 0.390625, 0.68359375, 0.68359375, 0.48828125, 0.68359375, 0.1953125, 0.5859375, 0.09765625, 0.48828125, 0.5859375, 0.9765625, 0.29296875, 0.4716981053352356], []], "val.loss": [[1787.8643798828125, 1771.610107421875, 1773.0546875, 1808.814697265625, 1777.814453125, 1770.864013671875, 1795.65380859375, 1758.7020263671875, 1786.1717529296875, 1783.4091796875, 1800.181640625, 1815.5572509765625, 1782.7696533203125, 1819.5833740234375, 1806.1837158203125, 1807.6099853515625, 1793.057861328125, 1779.8094482421875, 1796.2735595703125, 1808.923583984375, 1792.503662109375, 1799.603271484375, 1794.6942138671875, 1787.169921875, 1800.39892578125, 1780.078857421875, 1811.454833984375, 1792.7412109375, 1805.3408203125, 1773.8927001953125, 1772.2423095703125, 1799.3385009765625, 1791.4171142578125, 1807.87353515625, 1787.843505859375, 1783.4404296875, 1793.990234375, 1802.3131103515625, 1812.196044921875, 1800.315185546875, 1784.5948486328125, 1818.5892333984375, 1804.886962890625, 1809.3714599609375, 1795.8922119140625, 1800.9730224609375, 1777.412353515625, 1778.1610107421875, 1807.790283203125], [1789.51904296875, 1789.300537109375, 1742.878662109375, 1793.05517578125, 1765.2559814453125, 1806.3658447265625, 1785.237548828125, 1829.589111328125, 1780.353271484375, 1789.5811767578125, 1758.4334716796875, 1809.016845703125, 1813.6363525390625, 1825.879150390625, 1780.98583984375, 1799.9703369140625, 1792.270751953125, 1801.1558837890625, 1797.1375732421875, 1791.91259765625, 1765.445556640625, 1761.526123046875, 1812.030517578125, 1803.6690673828125, 1794.736083984375, 1776.2166748046875, 1786.339111328125, 1784.8172607421875, 1841.747802734375, 1783.45654296875, 1796.0797119140625, 1805.31982421875, 1835.8662109375, 1783.9700927734375, 1825.6385498046875, 1812.2681884765625, 1797.395751953125, 1785.46875, 1795.0401611328125, 1804.5399169921875, 1814.744873046875, 1802.8931884765625, 1752.928466796875, 1776.52685546875, 1768.8387451171875, 1794.0965576171875, 1794.1572265625, 1822.8857421875, 1762.4578857421875], []], "val.compute_ips": [[155.7075102600067, 8863.387833437204, 9725.195571888877, 9570.50989480158, 9710.441904210678, 9420.254680005, 9666.295982211179, 9699.148627317256, 9603.980474366457, 9615.52666621891, 9684.299130999463, 9668.384919455775, 6942.662860431208, 6712.522577378236, 9567.162876897855, 9712.506040116687, 6245.226685278893, 6318.590768461238, 4033.8785412933303, 5081.580751606419, 5491.534145583661, 6748.785046024079, 9857.602566897942, 6652.386972064409, 8819.289022314306, 8804.247586756836, 6746.8661722592515, 3588.730295046846, 9683.010968150655, 7529.561504451153, 9720.397364722498, 7143.527442497909, 6956.696938382147, 9766.105774893527, 4185.079659383566, 7768.409726593305, 7383.3098039755, 5550.918003463696, 9770.660260522593, 4954.471916178233, 9813.367063850204, 6940.2284168564, 9811.237426900585, 6550.951071115348, 6209.588278752637, 9711.561698846588, 9686.810942232787, 9741.673121850094, 400.3160632911734], [2716.8360327945798, 6836.844578794637, 9615.78499881341, 9464.762599028174, 5134.406880038063, 5070.266873964837, 9737.145613943609, 9662.164287289039, 9649.465166176513, 5124.97186434651, 6965.553568677313, 9674.72253044914, 9653.173762945915, 9637.534603388309, 3774.1663123873564, 3791.006108023754, 9724.292795138495, 9683.77509120179, 9553.649423996192, 5895.971073143544, 2584.7107304526376, 9674.439229642978, 9538.394375080505, 9634.507943201956, 9652.41446142713, 2983.1299390450577, 9080.173139818819, 9487.489001497686, 7686.604796334741, 9666.600562670208, 1935.8585005118007, 9752.135599993642, 9710.441904210678, 9447.939796697265, 9667.340337988098, 3921.7858423822727, 6942.012012439146, 9801.184585437542, 9766.016949114002, 9585.119175517255, 3161.1183864410173, 9686.483240790441, 9636.04265467705, 9656.147035349186, 9616.92613383191, 3861.1723093851924, 9726.01041676102, 9722.201639318286, 7751.2673543083665], []],