{"run": {"data": "/data/imagenet", "data_backend": "dali-gpu", "arch": "resnet50", "model_config": "fanin", "workers": 3, "epochs": 2, "start_epoch": 0, "batch_size": 256, "optimizer_batch_size": -1, "lr": 0.1, "lr_schedule": "step", "warmup": 0, "label_smoothing": 0.1, "mixup": 0.0, "momentum": 0.9, "weight_decay": 0.0001, "bn_weight_decay": false, "nesterov": false, "print_freq": 1, "resume": "", "pretrained_weights": "", "fp16": false, "static_loss_scale": 128.0, "dynamic_loss_scale": false, "prof": 100, "amp": true, "local_rank": 0, "seed": null, "gather_checkpoints": false, "raport_file": "/data/workspace/./raport_16GPU_256BS_dali-gpu_inferencebench.json", "final_weights": "model.pth.tar", "evaluate": true, "training_only": false, "save_checkpoints": false, "workspace": "/data/workspace", "distributed": true, "gpu": 0, "world_size": 16}, "epoch": {"ep": [0, 1], "val.top1": [0.09390024038461539, 0.10172526041666667], "val.top5": [0.4619891826923077, 0.50048828125], "val.loss": [1600.451923076923, 1592.1666666666667], "val.compute_ips": [15399.77521783232, 11804.633712537841], "val.total_ips": [7722.617860385097, 7697.954907399252], "val.data_time": [0.21642604241004357, 0.11944930076599121], "val.compute_time": [1.7236076868497407, 1.1470129203796386]}, "iter": {"it": [[], []], "val.it": [[1, 2, 3, 4, 5, 6, 7, 8, 9, 10, 11, 12, 13, 1, 2, 3, 4, 5, 6, 7, 8, 9, 10, 11, 12]], "val.top1": [[0.0, 0.0, 0.0, 0.0, 1.220703125, 0.0, 0.0, 0.0, 0.0, 0.0, 0.0, 0.0, 0.0], [0.0, 0.0, 0.0, 0.1953125, 1.025390625, 0.0, 0.0, 0.0, 0.0, 0.0, 0.0, 0.0], []], "val.top5": [[0.0, 0.2685546875, 0.0, 0.0, 1.220703125, 2.1240234375, 0.146484375, 1.025390625, 1.220703125, 0.0, 0.0, 0.0, 0.0], [0.2685546875, 0.0, 0.0, 0.1953125, 2.24609375, 1.0498046875, 0.48828125, 1.7578125, 0.0, 0.0, 0.0, 0.0], []], "val.loss": [[1681.875, 1614.125, 1632.3125, 1562.6875, 1609.4375, 1450.9375, 1618.3125, 1603.125, 1581.375, 1566.625, 1614.0625, 1571.4375, 1699.5625], [1647.25, 1626.6875, 1561.1875, 1632.625, 1434.3125, 1600.3125, 1588.0, 1620.375, 1562.5, 1604.0, 1557.625, 1671.125], []], "val.compute_ips": [[214.1993424329348, 13947.665156064033, 20451.227004396213, 11930.779551127043, 15753.326685953482, 21389.678821193123, 18315.327939616527, 18528.603273483404, 21226.407908441575, 26993.01944517767, 13017.369898428888, 9719.885908717242, 8709.586896788074], [9340.144324269664, 7510.679928932163, 6548.648743511338, 7891.936237447109, 8081.339529387747, 7000.279599326696, 7530.5747537969855, 8608.550582634947, 7897.410651932077, 8521.413902807524, 7479.973799864332, 8507.81292771523], []], "val.total_ips": [[214.19340575020664, 13845.331785996928, 8638.713085436919, 6705.817744790559, 7851.529635865402, 8389.763231069903, 7938.17839320435, 7341.695801056478, 8740.858627491583, 9025.178329530787, 6435.632391481226, 7414.070435068561, 7853.06931826337], [7828.485233076924, 7486.5190140728455, 6537.852928394363, 7875.056638040297, 8064.379011800933, 6987.333707512376, 7496.011630687282, 8589.591008359666, 7709.823540631034, 7522.479680392888, 7466.583387985836, 8490.724719020604], []], "val.data_time": [[0.0005300045013427734, 0.002170562744140625, 0.2738633155822754, 0.2674992084503174, 0.2616732120513916, 0.2967197895050049, 0.29234957695007324, 0.33684563636779785, 0.2756366729736328, 0.30209851264953613, 0.32179999351501465, 0.131058931350708, 0.051293134689331055], [0.08468031883239746, 0.0017600059509277344, 0.0010328292846679688, 0.0011124610900878906, 0.001065969467163086, 0.0010840892791748047, 0.002507925033569336, 0.0010502338409423828, 0.012619256973266602, 0.06382989883422852, 0.000982046127319336, 0.00096893310546875], []], "val.compute_time": [[19.122374296188354, 0.2936692237854004, 0.20028138160705566, 0.34331369400024414, 0.2600085735321045, 0.19149422645568848, 0.22363781929016113, 0.22106361389160156, 0.19296717643737793, 0.15174293518066406, 0.31465649604797363, 0.4214041233062744, 0.47028636932373047], [0.4385371208190918, 0.5453567504882812, 0.6254725456237793, 0.5190107822418213, 0.5068466663360596, 0.5851194858551025, 0.5439159870147705, 0.47580599784851074, 0.518651008605957, 0.48067140579223633, 0.5475955009460449, 0.48143982887268066], []]}, "event": {}}