{"run": {"data": "/data/imagenet", "data_backend": "pytorch", "arch": "resnet50", "model_config": "fanin", "workers": 3, "epochs": 2, "start_epoch": 0, "batch_size": 448, "optimizer_batch_size": -1, "lr": 0.1, "lr_schedule": "step", "warmup": 0, "label_smoothing": 0.1, "mixup": 0.0, "momentum": 0.9, "weight_decay": 0.0001, "bn_weight_decay": false, "nesterov": false, "print_freq": 1, "resume": "", "pretrained_weights": "", "fp16": false, "static_loss_scale": 128.0, "dynamic_loss_scale": false, "prof": 100, "amp": true, "local_rank": 0, "seed": null, "gather_checkpoints": false, "raport_file": "/data/workspace/./raport_16GPU_448BS_pytorch_inferencebench.json", "final_weights": "model.pth.tar", "evaluate": true, "training_only": false, "save_checkpoints": false, "workspace": "/data/workspace", "distributed": true, "gpu": 0, "world_size": 16}, "epoch": {"ep": [0, 1], "val.top1": [0.10025123293910708, 0.10000040222491537], "val.top5": [0.5200823588030679, 0.5163472294807434], "val.loss": [1196.3660714285713, 1196.3482142857142], "val.compute_ips": [26704.95295544764, 24735.536060394974], "val.total_ips": [26213.86871859184, 17943.496894460903], "val.data_time": [0.90862808908735, 1.3068281071526664], "val.compute_time": [5.333638838359287, 3.0011880738394603]}, "iter": {"it": [[], []], "val.it": [[1, 2, 3, 4, 5, 6, 7, 1, 2, 3, 4, 5, 6, 7]], "val.top1": [[0.1255580335855484, 0.0697544664144516, 0.0558035708963871, 0.0558035708963871, 0.09765625, 0.1255580335855484, 0.17162470519542694], [0.0418526791036129, 0.0837053582072258, 0.1255580335855484, 0.1255580335855484, 0.0697544664144516, 0.153459832072258, 0.10011441260576248], []], "val.top5": [[0.5022321343421936, 0.4324776828289032, 0.516183078289032, 0.516183078289032, 0.6277902722358704, 0.5022321343421936, 0.5434781312942505], [0.4882812798023224, 0.5719866752624512, 0.5301339626312256, 0.48828125, 0.3766741454601288, 0.5440847873687744, 0.6149885058403015], []], "val.loss": [[1195.4375, 1203.625, 1197.9375, 1197.0, 1192.5, 1193.0, 1195.0625], [1188.4375, 1202.0625, 1194.375, 1197.375, 1202.8125, 1190.4375, 1198.9375], []], "val.compute_ips": [[305.77636933681123, 20429.474844679768, 41123.27099983723, 41512.452549241614, 41431.44717226325, 41588.136773654514, 544.1119791202829], [6673.886551722071, 41952.05313641603, 6285.859848406444, 15361.662777638685, 42001.870745296146, 4800.089643653895, 42287.41145426283], []], "val.total_ips": [[242.69844128615026, 17834.729891804385, 40938.09208111155, 41356.84366677672, 41228.67045884644, 41360.82635887135, 535.2201314462961], [1093.3882934517235, 12836.141055598653, 1645.555039404953, 15333.489264690732, 19128.93251408833, 1856.044263396695, 15818.325061678719], []], "val.data_time": [[6.092625856399536, 0.05104684829711914, 0.0007884502410888672, 0.0006496906280517578, 0.0008509159088134766, 0.0009472370147705078, 0.2134876251220703], [5.481731176376343, 0.387561559677124, 3.21563982963562, 0.0008573532104492188, 0.20406126976013184, 2.368671417236328, 0.2766742706298828], []], "val.compute_time": [[23.44196844100952, 0.35086560249328613, 0.17430520057678223, 0.17267107963562012, 0.17300868034362793, 0.17235684394836426, 12.850296020507812], [1.0740368366241455, 0.17086172103881836, 1.1403372287750244, 0.466616153717041, 0.17065906524658203, 1.4933054447174072, 0.1653447151184082], []]}, "event": {}}