{"run": {"data": "/data/imagenet", "data_backend": "dali-gpu", "arch": "resnet50", "model_config": "fanin", "workers": 3, "epochs": 2, "start_epoch": 0, "batch_size": 512, "optimizer_batch_size": -1, "lr": 0.1, "lr_schedule": "step", "warmup": 0, "label_smoothing": 0.1, "mixup": 0.0, "momentum": 0.9, "weight_decay": 0.0001, "bn_weight_decay": false, "nesterov": false, "print_freq": 1, "resume": "", "pretrained_weights": "", "fp16": false, "static_loss_scale": 128.0, "dynamic_loss_scale": false, "prof": 100, "amp": true, "local_rank": 0, "seed": null, "gather_checkpoints": false, "raport_file": "/data/workspace/./raport_16GPU_512BS_dali-gpu_inferencebench.json", "final_weights": "model.pth.tar", "evaluate": true, "training_only": false, "save_checkpoints": false, "workspace": "/data/workspace", "distributed": true, "gpu": 0, "world_size": 16}, "epoch": {"ep": [0, 1], "val.top1": [0.08719308035714286, 0.10172526041666667], "val.top5": [0.5301339285714286, 0.5086263020833334], "val.loss": [1350.638392857143, 1355.875], "val.compute_ips": [20159.056176487655, 19861.903628220243], "val.total_ips": [8010.929216361678, 7845.735588806428], "val.data_time": [0.4850408690316336, 0.559991873227633], "val.compute_time": [3.7721406732286726, 2.2310325915996847]}, "iter": {"it": [[], []], "val.it": [[1, 2, 3, 4, 5, 6, 7, 1, 2, 3, 4, 5, 6]], "val.top1": [[0.0, 0.0, 0.0, 0.0, 0.0, 0.6103515625, 0.0], [0.0, 0.0, 0.0, 0.0, 0.6103515625, 0.0], []], "val.top5": [[0.634765625, 0.6103515625, 0.6103515625, 0.0, 0.0, 1.220703125, 0.634765625], [0.6103515625, 0.6103515625, 0.0, 0.0, 1.220703125, 0.6103515625], []], "val.loss": [[1330.0625, 1335.8125, 1331.4375, 1407.1875, 1378.0625, 1342.625, 1329.28125], [1323.0, 1326.4375, 1405.875, 1389.4375, 1339.625, 1350.875], []], "val.compute_ips": [[342.46635429829445, 17716.913112729617, 41334.62579367657, 26532.9033425844, 14690.146439985207, 12280.32608445469, 28216.012107684815], [19528.78122540057, 17541.334697442857, 16318.706560730416, 26899.151189098717, 20773.861475499536, 16029.518783277483], []], "val.total_ips": [[342.4588142847357, 17618.93299421586, 8770.588991397559, 7598.153335705379, 6661.303921009827, 7546.1194988512725, 7538.9469590671115], [7223.2413487046315, 8491.826398659685, 8607.657759326454, 6525.797202280552, 7802.480909890651, 7267.054521089846], []], "val.data_time": [[0.0005266666412353516, 0.0025713443756103516, 0.7358434200286865, 0.7694079875946045, 0.6721365451812744, 0.41850781440734863, 0.7962923049926758], [0.7146334648132324, 0.4976811408996582, 0.4497101306915283, 0.9507806301116943, 0.6555807590484619, 0.6162221431732178], []], "val.compute_time": [[23.920598030090332, 0.4623830318450928, 0.19818735122680664, 0.308748722076416, 0.5576527118682861, 0.6670832633972168, 0.2903316020965576], [0.4194834232330322, 0.4670112133026123, 0.5020005702972412, 0.30454492568969727, 0.39434170722961426, 0.5110571384429932], []]}, "event": {}}