{"run": {"data": "/data/imagenet", "data_backend": "dali-gpu", "arch": "resnet50", "model_config": "fanin", "workers": 3, "epochs": 2, "start_epoch": 0, "batch_size": 448, "optimizer_batch_size": -1, "lr": 0.1, "lr_schedule": "step", "warmup": 0, "label_smoothing": 0.1, "mixup": 0.0, "momentum": 0.9, "weight_decay": 0.0001, "bn_weight_decay": false, "nesterov": false, "print_freq": 1, "resume": "", "pretrained_weights": "", "fp16": false, "static_loss_scale": 128.0, "dynamic_loss_scale": false, "prof": 100, "amp": true, "local_rank": 0, "seed": null, "gather_checkpoints": false, "raport_file": "/data/workspace/./raport_16GPU_448BS_dali-gpu_inferencebench.json", "final_weights": "model.pth.tar", "evaluate": true, "training_only": false, "save_checkpoints": false, "workspace": "/data/workspace", "distributed": true, "gpu": 0, "world_size": 16}, "epoch": {"ep": [0, 1], "val.top1": [0.09964923347745623, 0.09964923720274653], "val.top5": [0.502232136737023, 0.4982461796275207], "val.loss": [1875.375, 1875.5], "val.compute_ips": [18250.44903284847, 17376.532015896773], "val.total_ips": [7837.38667429665, 7456.493359666233], "val.data_time": [0.3681121213095529, 0.4160196781158447], "val.compute_time": [3.5438565526689803, 2.0505730594907488]}, "iter": {"it": [[], []], "val.it": [[1, 2, 3, 4, 5, 6, 7, 1, 2, 3, 4, 5, 6, 7]], "val.top1": [[0.0, 0.0, 0.0, 0.6975446343421936, 0.0, 0.0, 0.0], [0.0, 0.0, 0.0418526791036129, 0.6556919813156128, 0.0, 0.0, 0.0], []], "val.top5": [[0.02790178544819355, 0.6975446343421936, 0.0, 1.3950892686843872, 0.6975446343421936, 0.0, 0.6975446343421936], [0.0, 0.6975446343421936, 0.0418526791036129, 1.3532366752624512, 0.6975446343421936, 0.0, 0.6975446343421936], []], "val.loss": [[1923.8125, 1856.75, 1848.8125, 1876.8125, 1909.0, 1909.8125, 1802.625], [1927.0, 1861.25, 1840.75, 1882.4375, 1905.5, 1913.1875, 1798.375], []], "val.compute_ips": [[322.08707621042134, 15969.669386816331, 41956.79536678459, 26947.2926768057, 20441.559452992893, 12398.493064172846, 9717.246206156511], [26050.381268190566, 15206.492269236625, 9712.982986562285, 7623.930339593972, 8142.572360705838, 27259.175003150718, 21522.770765175585], []], "val.total_ips": [[322.08045818583923, 15888.757804126828, 8955.450004587226, 7889.543728716242, 7644.595211469446, 6694.0660648010125, 7467.21344818996], [7251.907863766814, 6564.214306144274, 6511.93938402844, 6810.122656079052, 8128.357673171295, 6378.212774046194, 7884.445658014646], []], "val.data_time": [[0.0004572868347167969, 0.0022857189178466797, 0.6295640468597412, 0.6425435543060303, 0.5869977474212646, 0.4926643371582031, 0.22227215766906738], [0.7132704257965088, 0.6206037998199463, 0.3627660274505615, 0.11235332489013672, 0.001539468765258789, 0.8608684539794922, 0.5760891437530518], []], "val.compute_time": [[22.25485134124756, 0.4488508701324463, 0.17084240913391113, 0.26600074768066406, 0.3506581783294678, 0.5781347751617432, 0.7376575469970703], [0.2751591205596924, 0.4713776111602783, 0.7379813194274902, 0.9401974678039551, 0.8803114891052246, 0.2629573345184326, 0.33304262161254883], []]}, "event": {}}