{"run": {"data": "/data/imagenet", "data_backend": "pytorch", "arch": "resnet50", "model_config": "fanin", "workers": 3, "epochs": 2, "start_epoch": 0, "batch_size": 256, "optimizer_batch_size": -1, "lr": 0.1, "lr_schedule": "step", "warmup": 0, "label_smoothing": 0.1, "mixup": 0.0, "momentum": 0.9, "weight_decay": 0.0001, "bn_weight_decay": false, "nesterov": false, "print_freq": 1, "resume": "", "pretrained_weights": "", "fp16": false, "static_loss_scale": 128.0, "dynamic_loss_scale": false, "prof": 100, "amp": true, "local_rank": 0, "seed": null, "gather_checkpoints": false, "raport_file": "/data/workspace/./raport_16GPU_256BS_pytorch_inferencebench.json", "final_weights": "model.pth.tar", "evaluate": true, "training_only": false, "save_checkpoints": false, "workspace": "/data/workspace", "distributed": true, "gpu": 0, "world_size": 16}, "epoch": {"ep": [0, 1], "val.top1": [0.10109335298721607, 0.10828646558981675], "val.top5": [0.4870056234873258, 0.4941987349436833], "val.loss": [1594.576923076923, 1591.2836538461538], "val.compute_ips": [23212.950963116637, 21574.79077780714], "val.total_ips": [21849.569562802088, 17391.912089658843], "val.data_time": [0.5215606322655311, 0.638351743037884], "val.compute_time": [2.270683325254, 1.3160356558286226]}, "iter": {"it": [[], []], "val.it": [[1, 2, 3, 4, 5, 6, 7, 8, 9, 10, 11, 12, 13, 1, 2, 3, 4, 5, 6, 7, 8, 9, 10, 11, 12, 13]], "val.top1": [[0.0732421875, 0.0732421875, 0.09765625, 0.09765625, 0.048828125, 0.0732421875, 0.048828125, 0.0732421875, 0.1708984375, 0.1953125, 0.1220703125, 0.1220703125, 0.1179245263338089], [0.09765625, 0.0732421875, 0.09765625, 0.146484375, 0.146484375, 0.0732421875, 0.1220703125, 0.1220703125, 0.0732421875, 0.0732421875, 0.048828125, 0.09765625, 0.2358490526676178], []], "val.top5": [[0.5126953125, 0.4638671875, 0.4638671875, 0.4638671875, 0.439453125, 0.439453125, 0.390625, 0.5859375, 0.48828125, 0.5615234375, 0.634765625, 0.4150390625, 0.4716981053352356], [0.4638671875, 0.29296875, 0.3173828125, 0.5859375, 0.537109375, 0.537109375, 0.6103515625, 0.5126953125, 0.5859375, 0.390625, 0.48828125, 0.5126953125, 0.5896226167678833], []], "val.loss": [[1577.625, 1581.8125, 1592.625, 1581.6875, 1583.8125, 1590.0625, 1606.6875, 1595.0625, 1610.8125, 1601.3125, 1591.5, 1600.25, 1616.25], [1587.375, 1582.1875, 1594.0625, 1600.25, 1588.5, 1576.6875, 1604.75, 1609.5, 1600.5, 1592.0625, 1591.4375, 1597.1875, 1562.1875], []], "val.compute_ips": [[205.42916079575826, 15631.33531926199, 38950.61347456628, 40082.286396882984, 40223.806175033424, 40184.3845380164, 40308.74477425289, 3285.9115153522857, 18104.826673945186, 20180.95948858851, 4199.576026349485, 40270.38365919463, 140.10531827650559], [12512.030856447022, 14297.637113553064, 3665.897459074147, 12415.353228883621, 19996.21626805842, 4239.240361823648, 7596.518832921742, 34777.69672726831, 42014.73995906099, 10692.862418908211, 19989.375977660133, 40995.32340497627, 35983.305093833784], []], "val.total_ips": [[174.2784352116049, 12930.553206094115, 38539.67437092139, 39627.31857100679, 39681.59592371282, 39531.02952654444, 39930.711515844574, 1274.0151786938545, 9847.623875224268, 20084.065176677992, 2268.168648996909, 40018.982801955775, 136.38708554259307], [1028.0959693603525, 13127.782269717613, 1071.5894027359295, 12308.647918404076, 19865.92041776568, 1698.0734413459913, 7579.306123799512, 34487.27230096898, 2212.585377275081, 10675.633013931869, 19903.15867618658, 40724.58352751538, 3462.6615756957412], []], "val.data_time": [[3.5638742446899414, 0.05473136901855469, 0.0011212825775146484, 0.001173257827758789, 0.0013914108276367188, 0.0016846656799316406, 0.0009620189666748047, 1.9684984683990479, 0.18969988822937012, 0.0009791851043701172, 0.8305256366729736, 0.0006389617919921875, 0.1650078296661377], [3.6566989421844482, 0.025529146194458008, 2.7050342559814453, 0.0028600692749023438, 0.0013434886932373047, 1.445934534072876, 0.001224517822265625, 0.0009918212890625, 1.7537384033203125, 0.0006182193756103516, 0.0008876323699951172, 0.0006642341613769531, 0.22133183479309082], []], "val.compute_time": [[19.938746690750122, 0.2620377540588379, 0.10515880584716797, 0.10218977928161621, 0.10183024406433105, 0.10193014144897461, 0.10161566734313965, 1.2465338706970215, 0.22623801231384277, 0.20296359062194824, 0.9753365516662598, 0.10171246528625488, 6.052589654922485], [0.3273649215698242, 0.2864809036254883, 1.1173253059387207, 0.3299140930175781, 0.20483875274658203, 0.9662108421325684, 0.5391943454742432, 0.11777663230895996, 0.09748959541320801, 0.3830592632293701, 0.2049088478088379, 0.0999138355255127, 0.023566484451293945], []]}, "event": {}}