{"run": {"data": "/data/imagenet", "data_backend": "pytorch", "arch": "resnet50", "model_config": "fanin", "workers": 3, "epochs": 2, "start_epoch": 0, "batch_size": 224, "optimizer_batch_size": -1, "lr": 0.1, "lr_schedule": "step", "warmup": 0, "label_smoothing": 0.1, "mixup": 0.0, "momentum": 0.9, "weight_decay": 0.0001, "bn_weight_decay": false, "nesterov": false, "print_freq": 1, "resume": "", "pretrained_weights": "", "fp16": false, "static_loss_scale": 128.0, "dynamic_loss_scale": false, "prof": 100, "amp": true, "local_rank": 0, "seed": null, "gather_checkpoints": false, "raport_file": "/data/workspace/./raport_16GPU_224BS_pytorch_inferencebench.json", "final_weights": "model.pth.tar", "evaluate": true, "training_only": false, "save_checkpoints": false, "workspace": "/data/workspace", "distributed": true, "gpu": 0, "world_size": 16}, "epoch": {"ep": [0, 1], "val.top1": [0.12586680946073361, 0.126072656629341], "val.top5": [0.507761999964714, 0.5102695971727371], "val.loss": [956.5267857142857, 956.5625], "val.compute_ips": [25465.8857315518, 26561.644768262235], "val.total_ips": [22002.111542911898, 17281.762045539475], "val.data_time": [0.466174704687936, 0.666842486177172], "val.compute_time": [2.2266441753932407, 1.2130319135529655]}, "iter": {"it": [[], []], "val.it": [[1, 2, 3, 4, 5, 6, 7, 8, 9, 10, 11, 12, 13, 14, 1, 2, 3, 4, 5, 6, 7, 8, 9, 10, 11, 12, 13, 14]], "val.top1": [[0.0837053582072258, 0.0558035708963871, 0.1395089328289032, 0.1674107164144516, 0.1674107164144516, 0.1674107164144516, 0.0837053582072258, 0.1674107164144516, 0.02790178544819355, 0.1395089328289032, 0.1395089328289032, 0.1674107164144516, 0.1674107164144516, 0.08802816271781921], [0.1116071417927742, 0.0558035708963871, 0.0558035708963871, 0.1953125, 0.1395089328289032, 0.1116071417927742, 0.1953125, 0.1116071417927742, 0.0558035708963871, 0.1674107164144516, 0.1395089328289032, 0.1116071417927742, 0.1674107164144516, 0.14671361446380615], []], "val.top5": [[0.390625, 0.4464286267757416, 0.5859375, 0.4464285969734192, 0.41852685809135437, 0.5859375596046448, 0.5301339030265808, 0.6975446939468384, 0.3348214626312256, 0.5580357313156128, 0.5580357313156128, 0.5022321939468384, 0.613839328289032, 0.44014081358909607], [0.5859375596046448, 0.4743303954601288, 0.5301339030265808, 0.47433042526245117, 0.5580357313156128, 0.4185267984867096, 0.7533482909202576, 0.6138392686843872, 0.2790178656578064, 0.4743303656578064, 0.4743303954601288, 0.390625, 0.5301339626312256, 0.5868543982505798], []], "val.loss": [[954.71875, 949.53125, 948.96875, 956.6875, 956.875, 944.875, 959.25, 963.53125, 966.5, 960.46875, 959.09375, 954.53125, 956.84375, 959.5], [945.625, 948.90625, 948.875, 963.09375, 955.84375, 960.625, 954.59375, 958.28125, 962.03125, 952.875, 960.8125, 960.84375, 950.96875, 968.5], []], "val.compute_ips": [[185.3106347763199, 14613.07787933049, 40104.86313952837, 40546.53760006905, 40432.898323228954, 40408.87815551858, 40135.16579093511, 41422.3709676086, 2914.4498556674725, 40398.45294448043, 5126.098214504931, 9337.662598005052, 40498.80122096767, 397.8329171041941], [32909.17706399524, 13082.947814023599, 41351.04168832919, 7541.816088159522, 37895.78305775228, 41168.03790254336, 7750.969638345485, 35550.58126736747, 41265.22641763225, 10506.72801678014, 35999.67798452954, 41476.54460021356, 9448.287187377633, 31256.834542568125], []], "val.total_ips": [[159.4552770657969, 12575.045579188465, 39619.90310346191, 40084.43737633927, 39971.98824696269, 39960.19377751313, 39538.931739752545, 1666.6719001246536, 2912.2365499948564, 39789.68950438861, 1943.629660641552, 9320.161236142103, 40095.44973127242, 391.7679179184927], [1035.6365392025432, 12152.036849670096, 1172.9148766688074, 7520.787969449333, 37362.95102079367, 1588.1620238699954, 7718.435062731214, 35129.290645827685, 1746.0729508038676, 10478.954819379993, 35750.11126675149, 2264.097612757664, 9434.210144277205, 12506.113892155216], []], "val.data_time": [[3.13602352142334, 0.0397491455078125, 0.0010938644409179688, 0.0010190010070800781, 0.0010221004486083984, 0.0009958744049072266, 0.001346588134765625, 2.0638699531555176, 0.000934600830078125, 0.0013573169708251953, 1.1448054313659668, 0.0007207393646240234, 0.0008902549743652344, 0.13261747360229492], [3.3517677783966064, 0.02098560333251953, 2.9689626693725586, 0.0013287067413330078, 0.001348733901977539, 2.1696388721466064, 0.0019490718841552734, 0.0012090206146240234, 1.9657533168792725, 0.000904083251953125, 0.0006949901580810547, 1.4965603351593018, 0.0005660057067871094, 0.16347455978393555], []], "val.compute_time": [[19.340498208999634, 0.24525976181030273, 0.08936572074890137, 0.08839225769042969, 0.08864068984985352, 0.08869338035583496, 0.08929824829101562, 0.08652329444885254, 1.2297346591949463, 0.08871626853942871, 0.6991672515869141, 0.383821964263916, 0.08849644660949707, 8.566410303115845], [0.10890579223632812, 0.2739443778991699, 0.08667254447937012, 0.4752171039581299, 0.09457516670227051, 0.08705782890319824, 0.46239376068115234, 0.1008141040802002, 0.0868527889251709, 0.34111475944519043, 0.09955644607543945, 0.0864102840423584, 0.37932801246643066, 0.10903215408325195], []]}, "event": {}}