{"run": {"data": "/data/imagenet", "data_backend": "dali-cpu", "arch": "resnet50", "model_config": "fanin", "workers": 3, "epochs": 2, "start_epoch": 0, "batch_size": 448, "optimizer_batch_size": -1, "lr": 0.1, "lr_schedule": "step", "warmup": 0, "label_smoothing": 0.1, "mixup": 0.0, "momentum": 0.9, "weight_decay": 0.0001, "bn_weight_decay": false, "nesterov": false, "print_freq": 1, "resume": "", "pretrained_weights": "", "fp16": false, "static_loss_scale": 128.0, "dynamic_loss_scale": false, "prof": 100, "amp": true, "local_rank": 0, "seed": null, "gather_checkpoints": false, "raport_file": "/data/workspace/./raport_16GPU_448BS_dali-cpu_inferencebench.json", "final_weights": "model.pth.tar", "evaluate": true, "training_only": false, "save_checkpoints": false, "workspace": "/data/workspace", "distributed": true, "gpu": 0, "world_size": 16}, "epoch": {"ep": [0, 1], "val.top1": [0.09964923347745623, 0.09964923347745623], "val.top5": [0.4703443840678249, 0.4703443816729954], "val.loss": [1519.3214285714287, 1519.5089285714287], "val.compute_ips": [16556.47663219066, 15248.172307345983], "val.total_ips": [7709.366268698487, 7640.251844647394], "val.data_time": [0.3511647496904646, 0.2913784980773926], "val.compute_time": [3.6298794746398926, 2.1752074786594937]}, "iter": {"it": [[], []], "val.it": [[1, 2, 3, 4, 5, 6, 7, 1, 2, 3, 4, 5, 6, 7]], "val.top1": [[0.6975446343421936, 0.0, 0.0, 0.0, 0.0, 0.0, 0.0], [0.6975446343421936, 0.0, 0.0, 0.0, 0.0, 0.0, 0.0], []], "val.top5": [[0.9347097873687744, 0.02790178544819355, 1.6322544813156128, 0.6975446343421936, 0.0, 0.0, 0.0], [0.9626115560531616, 0.0, 1.6322544813156128, 0.6975446343421936, 0.0, 0.0, 0.0], []], "val.loss": [[1473.0625, 1498.75, 1565.4375, 1534.875, 1521.125, 1501.125, 1540.875], [1472.4375, 1502.4375, 1565.1875, 1536.5625, 1517.6875, 1500.375, 1541.875], []], "val.compute_ips": [[316.0730423712255, 15279.772695831865, 35570.13939720193, 24188.14122152451, 19426.56848006379, 12276.205528070728, 8838.436060270567], [8829.919181174051, 6788.83219500321, 8054.110714392871, 7904.621937708002, 8194.221584449911, 32669.47570009269, 25137.894564688453], []], "val.total_ips": [[316.0654729908249, 15206.96145348602, 9278.674709377598, 7694.7927552456285, 7692.656539524282, 6881.887478623411, 6894.5254716416475], [7693.276608985631, 6780.896125308035, 8042.650601752142, 7893.775743120692, 8181.863005750616, 6684.858723501332, 7720.641135755662], []], "val.data_time": [[0.0005431175231933594, 0.0022461414337158203, 0.5710067749023438, 0.6351954936981201, 0.5628185272216797, 0.45768094062805176, 0.22866225242614746], [0.11993718147277832, 0.0012357234954833984, 0.001268148422241211, 0.0012459754943847656, 0.0013213157653808594, 0.8528642654418945, 0.643273115158081], []], "val.compute_time": [[22.67830228805542, 0.4691169261932373, 0.20151734352111816, 0.2963435649871826, 0.36897921562194824, 0.5838937759399414, 0.8110032081604004], [0.8117854595184326, 1.055851697921753, 0.8899803161621094, 0.9068112373352051, 0.874762773513794, 0.21940970420837402, 0.28514719009399414], []]}, "event": {}}