{"run": {"data": "/data/imagenet", "data_backend": "pytorch", "arch": "resnet50", "model_config": "fanin", "workers": 5, "epochs": 2, "start_epoch": 0, "batch_size": 224, "optimizer_batch_size": -1, "lr": 0.1, "lr_schedule": "step", "warmup": 0, "label_smoothing": 0.1, "mixup": 0.0, "momentum": 0.9, "weight_decay": 0.0001, "bn_weight_decay": false, "nesterov": false, "print_freq": 1, "resume": "", "pretrained_weights": "", "fp16": false, "static_loss_scale": 128.0, "dynamic_loss_scale": false, "prof": 100, "amp": true, "local_rank": 0, "seed": null, "gather_checkpoints": false, "raport_file": "/data/workspace/./raport_8GPU_224BS_pytorch_inferencebench.json", "final_weights": "model.pth.tar", "evaluate": true, "training_only": false, "save_checkpoints": false, "workspace": "/data/workspace", "distributed": true, "gpu": 0, "world_size": 8}, "epoch": {"ep": [0, 1], "val.top1": [0.10008334980479308, 0.10008335007088524], "val.top5": [0.5083886954401221, 0.5061786536659513], "val.loss": [1589.8214285714287, 1589.6205357142858], "val.compute_ips": [15377.466526270511, 15272.60408497712], "val.total_ips": [13396.255422240853, 12880.70639615651], "val.data_time": [0.1472893783024379, 0.1630598817552839], "val.compute_time": [0.4632213456290109, 0.31273758837154936]}, "iter": {"it": [[], []], "val.it": [[1, 2, 3, 4, 5, 6, 7, 8, 9, 10, 11, 12, 13, 14, 15, 16, 17, 18, 19, 20, 21, 22, 23, 24, 25, 26, 27, 28, 1, 2, 3, 4, 5, 6, 7, 8, 9, 10, 11, 12, 13, 14, 15, 16, 17, 18, 19, 20, 21, 22, 23, 24, 25, 26, 27, 28]], "val.top1": [[0.0, 0.1116071417927742, 0.0558035708963871, 0.0558035708963871, 0.2232142835855484, 0.0558035708963871, 0.0558035708963871, 0.0558035708963871, 0.0558035708963871, 0.1116071417927742, 0.0, 0.2232142835855484, 0.0558035708963871, 0.0558035708963871, 0.0558035708963871, 0.2232142835855484, 0.1674107164144516, 0.1674107164144516, 0.0558035708963871, 0.1116071417927742, 0.1674107164144516, 0.0, 0.1116071417927742, 0.1116071417927742, 0.1116071417927742, 0.1674107164144516, 0.1116071417927742, 0.12376237660646439], [0.0558035708963871, 0.0558035708963871, 0.1116071417927742, 0.1674107164144516, 0.1116071417927742, 0.1116071417927742, 0.1116071417927742, 0.0558035708963871, 0.0558035708963871, 0.1116071417927742, 0.0558035708963871, 0.0, 0.1674107164144516, 0.1116071417927742, 0.0558035708963871, 0.0, 0.1674107164144516, 0.1674107164144516, 0.1116071417927742, 0.1674107164144516, 0.1674107164144516, 0.1116071417927742, 0.1116071417927742, 0.0558035708963871, 0.0, 0.0558035708963871, 0.2232142835855484, 0.12376237660646439], []], "val.top5": [[0.2790178656578064, 0.390625, 0.6138392686843872, 0.3348214328289032, 0.6696428656578064, 0.5022321343421936, 0.3348214328289032, 0.7254464626312256, 0.4464285671710968, 0.3348214328289032, 0.5022321343421936, 1.0044642686843872, 0.4464285671710968, 0.3348214328289032, 0.4464285671710968, 0.4464285671710968, 0.7254464626312256, 0.613839328289032, 0.3348214328289032, 0.3348214328289032, 0.5022321343421936, 0.2232142835855484, 0.4464285671710968, 0.390625, 0.7812500596046448, 0.78125, 0.6696428656578064, 0.6188119053840637], [0.4464285671710968, 0.5022321343421936, 0.5022321343421936, 0.7254464626312256, 0.6696428656578064, 0.3348214328289032, 0.8370535969734192, 0.2232142835855484, 0.5022321343421936, 0.5580357313156128, 0.6138392686843872, 0.390625, 0.6138392686843872, 0.390625, 0.5580357313156128, 0.4464285671710968, 0.4464285671710968, 0.390625, 0.2790178656578064, 0.7254464626312256, 0.5022321343421936, 0.613839328289032, 0.613839328289032, 0.5022321343421936, 0.2232142835855484, 0.5580357313156128, 0.4464285671710968, 0.5569307208061218], []], "val.loss": [[1621.625, 1584.75, 1586.25, 1582.5, 1603.0, 1589.125, 1597.875, 1615.25, 1594.625, 1609.625, 1584.625, 1567.5, 1596.75, 1593.625, 1573.375, 1578.75, 1615.375, 1567.625, 1581.0, 1586.75, 1585.625, 1596.625, 1580.875, 1570.875, 1581.625, 1602.0, 1555.875, 1611.5], [1559.875, 1577.125, 1584.25, 1567.25, 1582.875, 1577.25, 1578.625, 1610.5, 1602.875, 1596.625, 1584.375, 1576.75, 1587.5, 1601.25, 1587.0, 1596.375, 1608.75, 1580.5, 1587.25, 1607.375, 1597.5, 1589.25, 1605.0, 1577.25, 1585.25, 1615.5, 1614.75, 1570.5], []], "val.compute_ips": [[277.5910430950888, 17659.936908932417, 18637.930459191517, 20483.77301640077, 20488.519167286813, 19511.88509154723, 20350.114711488477, 20261.955805483743, 20204.27614311443, 20210.089103879236, 20009.88426724597, 3630.367354193725, 13192.853237660102, 20546.712140182062, 10772.969037824821, 20057.675728326336, 7951.993838315017, 13726.30058293278, 20644.96776160563, 7590.2278504533215, 20262.939042899932, 5163.284171189119, 20657.791322081226, 20420.219650289615, 20442.87990252075, 20441.211994626025, 6411.711367785304, 559.0020350228463], [6573.701467500107, 9084.307814286509, 20540.81622234672, 20342.348858546356, 20692.312347895033, 4802.6146409537, 10036.39068813477, 13292.291637707687, 20263.157553062716, 6594.383659403029, 4598.671441428709, 13116.486574967628, 20280.051718741568, 20431.432414359264, 2930.0908117733925, 7042.460532874592, 19834.207504400307, 20055.160330437382, 20417.834363344464, 19700.652044453764, 12975.508006767255, 20336.019393939394, 20350.335105864517, 20388.31409567831, 20691.343961371276, 10268.205265940514, 20475.904836886195, 18581.762730079008], []], "val.total_ips": [[213.46737756258656, 15845.580739553907, 18506.864225740526, 20323.86686532133, 20276.222093932935, 19366.789148073807, 20188.15861103874, 20096.23477447127, 20048.901334514114, 20047.404034449923, 19864.611103916526, 1873.2742923125197, 9441.231559232914, 10130.93693666979, 10729.784764553218, 19910.655392375018, 2040.2393414072187, 9362.542281083317, 12501.360158342066, 7573.417510710932, 20131.598696140114, 2204.3605591471137, 7780.625092389965, 20323.482180905718, 20325.295820657393, 20331.453618370335, 5117.540244785908, 539.2530650845807], [774.7380010684843, 8817.817221520272, 20340.75236120959, 20170.334503375947, 2129.611341164564, 4792.906455910026, 9997.077523246333, 13227.843170658736, 20104.67421152164, 2246.7636397115753, 4589.3939651872015, 13036.92736036744, 20103.222338718304, 20196.295563431562, 1664.1741820492553, 7019.093544112415, 19583.363343364468, 19945.686200518532, 20282.842785014396, 2730.6904763980806, 12927.636962186427, 20225.26200675952, 20216.82980480339, 20282.18599442497, 3074.424344758642, 10249.610014795824, 20361.74703426678, 7132.502011476412], []], "val.data_time": [[1.939185619354248, 0.011618852615356445, 0.0006809234619140625, 0.0006883144378662109, 0.0009157657623291016, 0.0006880760192871094, 0.0007064342498779297, 0.0007293224334716797, 0.0006873607635498047, 0.0007195472717285156, 0.0006549358367919922, 0.4629998207092285, 0.05397462844848633, 0.08966803550720215, 0.0006694793701171875, 0.0006597042083740234, 0.6529760360717773, 0.06084871292114258, 0.056543588638305664, 0.0005240440368652344, 0.0005769729614257812, 0.4658682346343994, 0.143568754196167, 0.0004177093505859375, 0.0005071163177490234, 0.00047326087951660156, 0.0706796646118164, 0.10587167739868164], [2.040438652038574, 0.00596165657043457, 0.0008580684661865234, 0.0007512569427490234, 0.7548658847808838, 0.0007557868957519531, 0.0007021427154541016, 0.0006568431854248047, 0.0006971359252929688, 0.5258452892303467, 0.0007877349853515625, 0.0008337497711181641, 0.0007772445678710938, 0.0010211467742919922, 0.4652252197265625, 0.0008471012115478516, 0.0011572837829589844, 0.0004904270172119141, 0.0005841255187988281, 0.5652828216552734, 0.0005114078521728516, 0.0004825592041015625, 0.0005815029144287109, 0.00045990943908691406, 0.49626708030700684, 0.000316619873046875, 0.0004906654357910156, 0.139601469039917], []],