{"run": {"data": "/data/imagenet", "data_backend": "dali-gpu", "arch": "resnet50", "model_config": "fanin", "workers": 5, "epochs": 2, "start_epoch": 0, "batch_size": 256, "optimizer_batch_size": -1, "lr": 0.1, "lr_schedule": "step", "warmup": 0, "label_smoothing": 0.1, "mixup": 0.0, "momentum": 0.9, "weight_decay": 0.0001, "bn_weight_decay": false, "nesterov": false, "print_freq": 1, "resume": "", "pretrained_weights": "", "fp16": false, "static_loss_scale": 128.0, "dynamic_loss_scale": false, "prof": 100, "amp": true, "local_rank": 0, "seed": null, "gather_checkpoints": false, "raport_file": "/data/workspace/./raport_8GPU_256BS_dali-gpu_inferencebench.json", "final_weights": "model.pth.tar", "evaluate": true, "training_only": false, "save_checkpoints": false, "workspace": "/data/workspace", "distributed": true, "gpu": 0, "world_size": 8}, "epoch": {"ep": [0, 1], "val.top1": [0.09765625, 0.10172526041666667], "val.top5": [0.5390625, 0.4720052083333333], "val.loss": [2969.48, 2969.90625], "val.compute_ips": [12833.401272946317, 12977.989193427253], "val.total_ips": [10723.130052511911, 11565.352210643658], "val.data_time": [0.022480545043945314, 0.016009121525044342], "val.compute_time": [0.32937256813049315, 0.2495881294717594]}, "iter": {"it": [[], []], "val.it": [[1, 2, 3, 4, 5, 6, 7, 8, 9, 10, 11, 12, 13, 14, 15, 16, 17, 18, 19, 20, 21, 22, 23, 24, 25, 1, 2, 3, 4, 5, 6, 7, 8, 9, 10, 11, 12, 13, 14, 15, 16, 17, 18, 19, 20, 21, 22, 23, 24]], "val.top1": [[0.0, 0.0, 0.0, 0.0, 0.0, 0.0, 0.0, 0.0, 0.0, 0.0, 0.0, 0.0, 0.0, 0.0, 0.0, 0.0, 0.0, 2.44140625, 0.0, 0.0, 0.0, 0.0, 0.0, 0.0, 0.0], [0.0, 0.0, 0.0, 0.0, 0.0, 0.0, 0.0, 0.0, 0.0, 0.0, 0.0, 0.0, 0.0, 0.0, 0.0, 0.0, 0.0, 2.44140625, 0.0, 0.0, 0.0, 0.0, 0.0, 0.0], []], "val.top5": [[2.1484375, 0.0, 0.0, 0.0, 0.0, 0.0, 0.0, 0.0, 0.0, 0.0, 0.0, 2.44140625, 0.0, 0.0, 0.0, 0.0, 0.0, 2.44140625, 0.0, 0.0, 1.5625, 0.0, 2.44140625, 0.0, 2.44140625], [0.0, 0.0, 0.0, 0.0, 0.0, 0.0, 0.0, 0.0, 0.0, 0.0, 0.0, 2.44140625, 0.0, 0.0, 0.0, 0.0, 0.0, 2.44140625, 0.0, 1.5625, 0.0, 2.44140625, 0.0, 2.44140625], []], "val.loss": [[2981.0, 2995.0, 3004.5, 2852.25, 2803.0, 2951.25, 3190.0, 3038.75, 2931.25, 3021.0, 3031.5, 2784.0, 2962.75, 3073.5, 3151.5, 2882.5, 2811.75, 2858.5, 2963.0, 3123.5, 2977.5, 3223.25, 2970.0, 2869.75, 2786.0], [3030.75, 3054.25, 2936.5, 2713.25, 2999.5, 3022.75, 3129.25, 2946.25, 2976.75, 3087.25, 2900.25, 2842.5, 3049.75, 3112.0, 2993.5, 2912.25, 2820.0, 2906.75, 2955.0, 3088.75, 3058.0, 3065.5, 3035.5, 2641.5], []], "val.compute_ips": [[490.3177261367995, 14271.578395423756, 19151.133675485024, 10170.417466256216, 20495.216375301527, 11947.606207238998, 8875.329693628311, 12231.147076747828, 9798.17721946373, 13492.4394516279, 9069.646325445461, 9563.690423544449, 9426.064189900977, 9112.200355367911, 9174.006916335411, 8751.647535154587, 8725.591360887722, 14945.644750280559, 16348.35895103258, 18992.850744684616, 20042.312214470705, 12618.154110112227, 20395.893703105707, 20402.966628188136, 12342.640327836818], [14657.79102847626, 15663.915447035868, 9030.705254039143, 15564.690157025183, 9668.42844858248, 10407.147416730071, 11352.946623563028, 13021.207892215714, 15052.288424369122, 9092.158130663458, 9226.954289170008, 15339.168914285714, 12908.53742001605, 8534.952428455887, 17267.72738091409, 13533.466188133943, 8208.886298891744, 17002.73469395834, 16318.729811829744, 16683.11281676792, 10412.092412569273, 19840.339695070827, 11424.729996595164, 14873.727484918376], []], "val.total_ips": [[490.296344558922, 14138.972162966475, 15148.567474243711, 8720.958269033967, 9355.240000217818, 9669.386188544335, 8841.201539759979, 12160.070486477303, 9755.314179156176, 13408.63652640304, 9034.780057701026, 9522.21674459646, 9388.912246338952, 9069.560140932957, 9137.431194300072, 8701.743291553166, 8686.50243962127, 14846.811527020884, 14746.466300892005, 15061.288147955927, 14186.795761435404, 10464.096051144115, 8976.95819046554, 14871.101009996088, 9694.945037482139], [14578.459681511691, 14478.499672166516, 8996.693079510844, 15440.774726548807, 9624.565789842252, 10360.503135915398, 11292.085478714454, 12941.930504769265, 14958.293369368177, 9055.944436771842, 9191.00814250344, 15239.675603559617, 12840.672192632477, 8504.456301711498, 17139.283361001148, 10047.788290669872, 8177.977170036577, 16858.54531038408, 13239.54290399794, 13346.17920683628, 9381.467792596994, 19636.15592918129, 8514.6143137803, 14778.89061473083], []], "val.data_time": [[0.00018215179443359375, 0.0013458728790283203, 0.028255462646484375, 0.03346824645996094, 0.1189889907836914, 0.04038739204406738, 0.0008907318115234375, 0.000978708267211914, 0.0009183883666992188, 0.0009486675262451172, 0.0008714199066162109, 0.0009326934814453125, 0.0008597373962402344, 0.001056671142578125, 0.0008935928344726562, 0.0013420581817626953, 0.0010561943054199219, 0.0009121894836425781, 0.013608217239379883, 0.02814769744873047, 0.0421757698059082, 0.03341102600097656, 0.12772727012634277, 0.037339210510253906, 0.04531526565551758], [0.0007603168487548828, 0.010704755783081055, 0.0008573532104492188, 0.0010559558868408203, 0.0009653568267822266, 0.0008859634399414062, 0.0009722709655761719, 0.0009634494781494141, 0.0008549690246582031, 0.0009007453918457031, 0.0008680820465087891, 0.0008716583251953125, 0.0008385181427001953, 0.0008604526519775391, 0.000888824462890625, 0.05249738693237305, 0.0009429454803466797, 0.0010302066802978516, 0.029188156127929688, 0.03069329261779785, 0.021608352661132812, 0.0010733604431152344, 0.06126737594604492, 0.0008835792541503906], []], "val.compute_time": [[4.1768834590911865, 0.14350199699401855, 0.10693883895874023, 0.2013683319091797, 0.09992575645446777, 0.17141509056091309, 0.23075199127197266, 0.16744136810302734, 0.20901846885681152, 0.15178871154785156, 0.22580814361572266, 0.2141432762145996, 0.2172698974609375, 0.22475361824035645, 0.22323942184448242, 0.23401308059692383, 0.2347118854522705, 0.13702988624572754, 0.12527251243591309, 0.10783004760742188, 0.10218381881713867, 0.1623058319091797, 0.10041236877441406, 0.10037755966186523, 0.16592884063720703], [0.13972091674804688, 0.13074636459350586, 0.22678184509277344, 0.13157987594604492, 0.2118234634399414, 0.19678783416748047, 0.18039369583129883, 0.15728187561035156, 0.13605904579162598, 0.2252490520477295, 0.22195839881896973, 0.133514404296875, 0.15865468978881836, 0.23995447158813477, 0.11860275268554688, 0.15132856369018555, 0.24948573112487793, 0.12045121192932129, 0.12549996376037598, 0.12275886535644531, 0.19669437408447266, 0.10322403907775879, 0.17926025390625, 0.13769245147705078], []]}, "event": {}}