{"run": {"data": "/data/imagenet", "data_backend": "pytorch", "arch": "resnet50", "model_config": "fanin", "workers": 5, "epochs": 2, "start_epoch": 0, "batch_size": 256, "optimizer_batch_size": -1, "lr": 0.1, "lr_schedule": "step", "warmup": 0, "label_smoothing": 0.1, "mixup": 0.0, "momentum": 0.9, "weight_decay": 0.0001, "bn_weight_decay": false, "nesterov": false, "print_freq": 1, "resume": "", "pretrained_weights": "", "fp16": false, "static_loss_scale": 128.0, "dynamic_loss_scale": false, "prof": 100, "amp": true, "local_rank": 0, "seed": null, "gather_checkpoints": false, "raport_file": "/data/workspace/./raport_8GPU_256BS_pytorch_inferencebench.json", "final_weights": "model.pth.tar", "evaluate": true, "training_only": false, "save_checkpoints": false, "workspace": "/data/workspace", "distributed": true, "gpu": 0, "world_size": 8}, "epoch": {"ep": [0, 1], "val.top1": [0.09765625, 0.10042010605335236], "val.top5": [0.5079599046707153, 0.5051960492134094], "val.loss": [1256.15, 1256.56], "val.compute_ips": [16745.11971795629, 15563.442967044257], "val.total_ips": [13143.200013690612, 12334.443435359428], "val.data_time": [0.17086611747741698, 0.18594780445098877], "val.compute_time": [0.47220573425292967, 0.3248375082015991]}, "iter": {"it": [[], []], "val.it": [[1, 2, 3, 4, 5, 6, 7, 8, 9, 10, 11, 12, 13, 14, 15, 16, 17, 18, 19, 20, 21, 22, 23, 24, 25, 1, 2, 3, 4, 5, 6, 7, 8, 9, 10, 11, 12, 13, 14, 15, 16, 17, 18, 19, 20, 21, 22, 23, 24, 25]], "val.top1": [[0.048828125, 0.048828125, 0.048828125, 0.1953125, 0.146484375, 0.048828125, 0.1953125, 0.1953125, 0.146484375, 0.09765625, 0.146484375, 0.048828125, 0.0, 0.1953125, 0.09765625, 0.048828125, 0.09765625, 0.09765625, 0.09765625, 0.146484375, 0.048828125, 0.048828125, 0.146484375, 0.048828125, 0.0], [0.09765625, 0.09765625, 0.146484375, 0.1953125, 0.048828125, 0.048828125, 0.1953125, 0.048828125, 0.0, 0.09765625, 0.146484375, 0.09765625, 0.048828125, 0.244140625, 0.146484375, 0.09765625, 0.048828125, 0.09765625, 0.0, 0.09765625, 0.048828125, 0.09765625, 0.09765625, 0.146484375, 0.1179245263338089], []], "val.top5": [[0.634765625, 0.48828125, 0.439453125, 0.439453125, 0.48828125, 0.439453125, 0.732421875, 0.68359375, 0.439453125, 0.390625, 0.5859375, 0.48828125, 0.29296875, 0.732421875, 0.29296875, 0.634765625, 0.537109375, 0.5859375, 0.5859375, 0.439453125, 0.244140625, 0.439453125, 0.5859375, 0.48828125, 0.5896226167678833], [0.439453125, 0.48828125, 0.537109375, 0.634765625, 0.48828125, 0.341796875, 0.68359375, 0.5859375, 0.341796875, 0.5859375, 0.390625, 0.439453125, 0.390625, 0.732421875, 0.5859375, 0.5859375, 0.439453125, 0.830078125, 0.48828125, 0.537109375, 0.341796875, 0.48828125, 0.244140625, 0.537109375, 0.4716981053352356], []], "val.loss": [[1264.375, 1251.0, 1247.875, 1257.75, 1252.75, 1249.75, 1275.875, 1260.75, 1244.25, 1254.625, 1246.75, 1253.625, 1265.75, 1260.25, 1263.125, 1266.625, 1262.5, 1249.875, 1253.5, 1257.625, 1247.375, 1255.75, 1262.875, 1262.375, 1236.75], [1245.375, 1238.25, 1251.75, 1263.5, 1238.75, 1254.5, 1275.625, 1249.375, 1271.0, 1250.75, 1273.375, 1253.875, 1263.625, 1245.375, 1280.25, 1254.125, 1246.625, 1256.875, 1255.5, 1253.875, 1261.25, 1253.75, 1253.75, 1272.125, 1250.75], []], "val.compute_ips": [[288.6344463272096, 17393.883526915164, 19773.70466745854, 19763.69570579249, 19668.347896569805, 19718.735218296555, 19906.272011197652, 19748.29262640498, 19710.997838428248, 19717.422603362316, 19922.43086121683, 20779.8542544596, 7747.152824801179, 17465.642018710136, 20947.330333867383, 20412.32398573265, 20907.002297597257, 12425.697800099522, 9418.74661953237, 19963.082174621362, 19662.67517883099, 20937.16995554169, 11935.603651572204, 19972.17961613132, 441.11483543999867], [16968.408872629294, 7821.12575173063, 19687.055014163787, 19694.50267448339, 5892.767681867699, 5202.58095525928, 10751.987182632467, 19686.829415418182, 19523.155438683414, 7832.471899539349, 5406.214734722134, 10951.813682604077, 19730.647262036015, 19898.525070247655, 20934.97579176974, 5265.043700195464, 13273.113924050633, 10293.10355851716, 19642.352325658503, 20912.295724997566, 8131.912738894506, 19849.554922911968, 19892.166020957564, 19908.624954805455, 12392.926104529617], []], "val.total_ips": [[227.08881376307218, 16158.369388027668, 19610.827341217297, 19585.742638189982, 19517.521805713975, 19485.202457105006, 19581.14403990116, 19534.699010977267, 19505.732758072572, 19524.30918195022, 19633.642564415524, 3251.484600563999, 7717.307736951901, 6970.335351148532, 10067.041371284455, 19542.921022336886, 2492.792782627975, 9240.23458111514, 9393.645508020747, 12736.282210881227, 19554.443472658855, 3049.722786253634, 11906.50287407703, 19872.83737695057, 420.1686680606254], [796.7998818612274, 7657.005091635171, 19541.231611993266, 19524.79734515286, 1655.4276455052966, 5186.219037613959, 10637.307876249646, 19503.828346839287, 19111.252346096513, 2865.495993779258, 5392.903031223828, 10904.433266010534, 19572.1316970694, 19428.39505759579, 2757.182078115832, 5258.159600744106, 13217.64282856633, 10270.56950323065, 19542.520872435736, 3941.866702399188, 8108.44690625941, 19683.35584753647, 19734.54557818753, 19838.32357268064, 4012.3297069241703], []], "val.data_time": [[1.9230177402496338, 0.009002923965454102, 0.0008602142333984375, 0.0009415149688720703, 0.0008046627044677734, 0.0012447834014892578, 0.0017082691192626953, 0.0011339187622070312, 0.0010933876037597656, 0.0010273456573486328, 0.0015120506286621094, 0.5313091278076172, 0.0010223388671875, 0.1765577793121338, 0.1056671142578125, 0.0044634342193603516, 0.7236108779907227, 0.05681967735290527, 0.0005810260772705078, 0.05821108818054199, 0.0005764961242675781, 0.5737199783325195, 0.00041937828063964844, 0.0005125999450683594, 0.09583520889282227], [2.4495866298675537, 0.005612611770629883, 0.0007762908935546875, 0.0009038448333740234, 0.8895978927612305, 0.001241922378540039, 0.002053499221801758, 0.0009760856628417969, 0.002260923385620117, 0.4532349109649658, 0.0009350776672363281, 0.000812530517578125, 0.0008406639099121094, 0.002490520477294922, 0.6449606418609619, 0.0005092620849609375, 0.0006475448608398438, 0.00043654441833496094, 0.0005326271057128906, 0.4216179847717285, 0.0007288455963134766, 0.0008711814880371094, 0.0008223056793212891, 0.00036454200744628906, 0.14292240142822266], []], "val.compute_time": [[7.09548020362854, 0.11774253845214844, 0.10357189178466797, 0.10362434387207031, 0.1041266918182373, 0.10386061668395996, 0.10288214683532715, 0.10370516777038574, 0.10390138626098633, 0.1038675308227539, 0.1027987003326416, 0.0985569953918457, 0.2643551826477051, 0.11725878715515137, 0.09776902198791504, 0.10033154487609863, 0.09795761108398438, 0.16481971740722656, 0.2174386978149414, 0.10258936882019043, 0.1041567325592041, 0.09781646728515625, 0.17158746719360352, 0.10254263877868652, 1.9224019050598145], [0.12069487571716309, 0.261854887008667, 0.10402774810791016, 0.1039884090423584, 0.34754467010498047, 0.39365077018737793, 0.1904764175415039, 0.10402894020080566, 0.10490107536315918, 0.2614755630493164, 0.37882328033447266, 0.18700098991394043, 0.10379791259765625, 0.10292220115661621, 0.09782671928405762, 0.3889806270599365, 0.154296875, 0.19896817207336426, 0.10426449775695801, 0.09793281555175781, 0.2518472671508789, 0.10317611694335938, 0.10295510292053223, 0.10286998748779297, 0.06842613220214844], []]}, "event": {}}