{"run": {"data": "/data/imagenet", "data_backend": "dali-cpu", "arch": "resnet50", "model_config": "fanin", "workers": 5, "epochs": 2, "start_epoch": 0, "batch_size": 224, "optimizer_batch_size": -1, "lr": 0.1, "lr_schedule": "step", "warmup": 0, "label_smoothing": 0.1, "mixup": 0.0, "momentum": 0.9, "weight_decay": 0.0001, "bn_weight_decay": false, "nesterov": false, "print_freq": 1, "resume": "", "pretrained_weights": "", "fp16": false, "static_loss_scale": 128.0, "dynamic_loss_scale": false, "prof": 100, "amp": true, "local_rank": 0, "seed": null, "gather_checkpoints": false, "raport_file": "/data/workspace/./raport_8GPU_224BS_dali-cpu_inferencebench.json", "final_weights": "model.pth.tar", "evaluate": true, "training_only": false, "save_checkpoints": false, "workspace": "/data/workspace", "distributed": true, "gpu": 0, "world_size": 8}, "epoch": {"ep": [0, 1], "val.top1": [0.09964923347745623, 0.0996492358722857], "val.top5": [0.4982461705803871, 0.4982461697821106], "val.loss": [1048.515625, 1048.703125], "val.compute_ips": [13378.122764952155, 13181.057270426467], "val.total_ips": [11044.331026098005, 11682.834137040172], "val.data_time": [0.02528083324432373, 0.01609202367918832], "val.compute_time": [0.34715851715632845, 0.24646727527890885]}, "iter": {"it": [[], []], "val.it": [[1, 2, 3, 4, 5, 6, 7, 8, 9, 10, 11, 12, 13, 14, 15, 16, 17, 18, 19, 20, 21, 22, 23, 24, 25, 26, 27, 28, 1, 2, 3, 4, 5, 6, 7, 8, 9, 10, 11, 12, 13, 14, 15, 16, 17, 18, 19, 20, 21, 22, 23, 24, 25, 26, 27, 28]], "val.top1": [[0.0, 0.0, 0.0, 0.0, 0.0, 0.0, 0.0, 0.0, 0.0, 0.0, 0.0, 0.0, 0.0, 0.0, 0.0, 0.0, 0.0, 0.0, 0.0, 0.0, 0.0, 0.0, 1.4508928060531616, 1.3392857313156128, 0.0, 0.0, 0.0, 0.0], [0.0, 0.0, 0.0, 0.0, 0.0, 0.0, 0.0, 0.0, 0.0, 0.0, 0.0, 0.0, 0.0, 0.0, 0.0, 0.0, 0.0, 0.0, 0.0, 0.0, 0.0, 0.0, 2.6785714626312256, 0.1116071417927742, 0.0, 0.0, 0.0, 0.0], []], "val.top5": [[0.0, 0.0, 0.0, 2.7901785373687744, 0.0, 0.0, 0.0, 0.0, 2.232142925262451, 0.5580357313156128, 0.0, 0.0, 0.0, 0.0, 2.7901785373687744, 0.0, 0.0, 0.3348214328289032, 2.455357074737549, 0.0, 0.0, 0.0, 1.4508928060531616, 1.3392857313156128, 0.0, 0.0, 0.0, 0.0], [0.0, 0.0, 0.0, 2.7901785373687744, 0.0, 0.0, 0.0, 0.0, 2.7901785373687744, 0.0, 0.0, 0.0, 0.0, 0.0, 2.7901785373687744, 0.0, 0.0, 1.5625, 1.2276785373687744, 0.0, 0.0, 0.0, 2.6785714626312256, 0.1116071417927742, 0.0, 0.0, 0.0, 0.0], []], "val.loss": [[1070.5, 1038.4375, 1049.3125, 958.5625, 958.5, 1091.0, 1024.3125, 1083.0, 993.625, 1097.375, 1028.5, 953.625, 1044.1875, 1062.75, 1053.4375, 1031.0625, 1149.875, 1000.625, 1002.1875, 1160.6875, 1005.0625, 991.75, 1079.25, 1141.25, 1076.6875, 1052.1875, 1143.5625, 1017.125], [1079.25, 1053.4375, 1042.125, 942.9375, 968.8125, 1093.0, 1026.6875, 1063.75, 1026.125, 1082.75, 1019.625, 952.125, 1053.375, 1068.625, 1054.9375, 1039.125, 1136.8125, 985.9375, 1011.3125, 1138.9375, 1032.5, 989.375, 1100.75, 1125.0625, 1062.75, 1068.375, 1138.375, 1006.8125], []], "val.compute_ips": [[301.37697065852063, 15150.132364738749, 19142.41522389124, 12413.856335925268, 11489.873651319711, 20112.151987883783, 11027.714959366054, 8840.458017134712, 11444.875014084935, 9875.901064825035, 15118.10519244114, 10422.451748170293, 8725.341926885925, 9237.782949623665, 17379.80647771969, 18210.12522895326, 15549.596204969703, 17507.815580997194, 10604.782707705766, 9752.53735673571, 14541.437522369752, 20358.879066050897, 10595.39454427298, 14386.70999157798, 10274.226743470785, 19950.768753799068, 20274.034386210988, 11898.885446877493], [14727.439180332045, 12035.633220442118, 13001.611784873472, 9043.940400084228, 14873.212416716302, 9538.097820100556, 9838.862993812252, 10649.63482154243, 10389.718876567887, 11603.288802712099, 13357.75100767038, 10421.035599208044, 12174.45627447868, 15749.920410040631, 17157.8678951105, 13727.905083358904, 8320.714314339137, 16840.44284120291, 11475.909404324579, 8777.338287879036, 16776.242378790517, 15501.459706725514, 16581.787786798446, 16676.22803868537, 10074.420619059681, 18978.224000929193, 15102.157503666942, 10156.468255769958], []], "val.total_ips": [[301.3661434968049, 14968.768270848892, 13348.096076833051, 10281.05681519741, 9386.417727336304, 9295.776155140002, 9129.79225032189, 8801.327387866751, 11382.858859804819, 9828.364707189978, 15009.780806106004, 8816.245084389102, 8688.637514160868, 9141.662664757945, 17247.162685036245, 10257.051225260411, 12385.157254177577, 14680.236034016023, 9110.360002715099, 9677.85862654158, 14441.885712968158, 13969.657789334191, 8132.392262090889, 14287.248383791726, 9437.734358951178, 19094.708360961013, 8557.085164494245, 9582.580406955989], [14646.365915920012, 10042.82759007715, 12921.08091456077, 9008.387039090076, 14774.075598240366, 9496.85733346811, 9793.225398670209, 10581.09019035901, 10339.552268700409, 11538.928712558165, 13272.012360524723, 10371.03906149747, 12109.317407100105, 15622.867433517216, 16594.601302629544, 11917.412307155655, 8286.20493389176, 16436.81254729071, 9489.591220711929, 8742.778340892146, 16653.725650422537, 13117.74562069465, 14661.336433539971, 13364.092422526346, 10024.998856944694, 18791.797345814208, 12289.855190760934, 10108.863545946673], []], "val.data_time": [[0.000213623046875, 0.0014331340789794922, 0.04063725471496582, 0.029946327209472656, 0.03495073318481445, 0.10367536544799805, 0.033780813217163086, 0.0009012222290039062, 0.0008530616760253906, 0.0008776187896728516, 0.0008554458618164062, 0.03132462501525879, 0.0008676052093505859, 0.002039670944213867, 0.0007929801940917969, 0.07630228996276855, 0.029445171356201172, 0.0197145938873291, 0.027718782424926758, 0.0014178752899169922, 0.0008494853973388672, 0.04025745391845703, 0.0512232780456543, 0.0008671283721923828, 0.015459060668945312, 0.004026889801025391, 0.12102818489074707, 0.036403656005859375], [0.0006735324859619141, 0.029544591903686523, 0.0008590221405029297, 0.000782012939453125, 0.0008084774017333984, 0.0008158683776855469, 0.0008487701416015625, 0.0010900497436523438, 0.0008368492126464844, 0.0008614063262939453, 0.0008666515350341797, 0.0008289813995361328, 0.0007917881011962891, 0.0009253025054931641, 0.003545045852661133, 0.019831180572509766, 0.0008969306945800781, 0.002613067626953125, 0.032685279846191406, 0.0008070468902587891, 0.00078582763671875, 0.02100682258605957, 0.014155864715576172, 0.026632308959960938, 0.0008769035339355469, 0.0009367465972900391, 0.02715277671813965, 0.0008308887481689453], []], "val.compute_time": [[5.946041584014893, 0.11828279495239258, 0.09361410140991211, 0.14435482025146484, 0.15596342086791992, 0.08910036087036133, 0.16249966621398926, 0.20270442962646484, 0.15657663345336914, 0.18145179748535156, 0.11853337287902832, 0.1719365119934082, 0.20537877082824707, 0.1939859390258789, 0.10310816764831543, 0.09840679168701172, 0.11524415016174316, 0.10235428810119629, 0.16898036003112793, 0.1837470531463623, 0.12323403358459473, 0.08802056312561035, 0.1691300868988037, 0.12455940246582031, 0.17441701889038086, 0.08982110023498535, 0.08838891983032227, 0.1506023406982422], [0.12167763710021973, 0.14889121055603027, 0.13782906532287598, 0.19814372062683105, 0.12048506736755371, 0.18787813186645508, 0.18213486671447754, 0.16826868057250977, 0.17247819900512695, 0.15443897247314453, 0.1341543197631836, 0.17195987701416016, 0.14719343185424805, 0.11377835273742676, 0.10444188117980957, 0.1305370330810547, 0.21536612510681152, 0.10641050338745117, 0.15615320205688477, 0.2041621208190918, 0.10681772232055664, 0.11560201644897461, 0.10807037353515625, 0.10745835304260254, 0.17787623405456543, 0.09442400932312012, 0.11865854263305664, 0.1764392852783203], []]}, "event": {}}