{"run": {"data": "/data/imagenet", "data_backend": "dali-cpu", "arch": "resnet50", "model_config": "fanin", "workers": 5, "epochs": 2, "start_epoch": 0, "batch_size": 256, "optimizer_batch_size": -1, "lr": 0.1, "lr_schedule": "step", "warmup": 0, "label_smoothing": 0.1, "mixup": 0.0, "momentum": 0.9, "weight_decay": 0.0001, "bn_weight_decay": false, "nesterov": false, "print_freq": 1, "resume": "", "pretrained_weights": "", "fp16": false, "static_loss_scale": 128.0, "dynamic_loss_scale": false, "prof": 100, "amp": true, "local_rank": 0, "seed": null, "gather_checkpoints": false, "raport_file": "/data/workspace/./raport_8GPU_256BS_dali-cpu_inferencebench.json", "final_weights": "model.pth.tar", "evaluate": true, "training_only": false, "save_checkpoints": false, "workspace": "/data/workspace", "distributed": true, "gpu": 0, "world_size": 8}, "epoch": {"ep": [0, 1], "val.top1": [0.09765625, 0.10172526041666667], "val.top5": [0.49609375, 0.4923502604166667], "val.loss": [1347.725, 1343.9010416666667], "val.compute_ips": [11857.275491020302, 11633.759653410749], "val.total_ips": [10141.58640730325, 10649.422552043501], "val.data_time": [0.021154022216796874, 0.012663933695579062], "val.compute_time": [0.3929953193664551, 0.2932508867614123]}, "iter": {"it": [[], []], "val.it": [[1, 2, 3, 4, 5, 6, 7, 8, 9, 10, 11, 12, 13, 14, 15, 16, 17, 18, 19, 20, 21, 22, 23, 24, 25, 1, 2, 3, 4, 5, 6, 7, 8, 9, 10, 11, 12, 13, 14, 15, 16, 17, 18, 19, 20, 21, 22, 23, 24]], "val.top1": [[0.0, 0.0, 2.44140625, 0.0, 0.0, 0.0, 0.0, 0.0, 0.0, 0.0, 0.0, 0.0, 0.0, 0.0, 0.0, 0.0, 0.0, 0.0, 0.0, 0.0, 0.0, 0.0, 0.0, 0.0, 0.0], [0.0, 2.44140625, 0.0, 0.0, 0.0, 0.0, 0.0, 0.0, 0.0, 0.0, 0.0, 0.0, 0.0, 0.0, 0.0, 0.0, 0.0, 0.0, 0.0, 0.0, 0.0, 0.0, 0.0, 0.0], []], "val.top5": [[2.392578125, 0.0, 2.44140625, 2.44140625, 0.0, 0.0, 0.0, 0.0, 0.09765625, 0.0, 0.0, 0.0, 0.0, 0.0, 0.0, 2.294921875, 2.44140625, 0.0, 0.0, 0.0, 0.0, 0.0, 0.0, 0.0, 0.29296875], [2.099609375, 2.44140625, 0.0, 2.44140625, 0.0, 0.0, 0.0, 0.09765625, 0.0, 0.0, 0.0, 0.0, 0.0, 0.0, 0.0, 4.736328125, 0.0, 0.0, 0.0, 0.0, 0.0, 0.0, 0.0, 0.0], []], "val.loss": [[1359.25, 1394.0, 1215.6875, 1244.375, 1342.375, 1421.875, 1343.875, 1261.25, 1397.3125, 1342.625, 1412.25, 1340.625, 1282.125, 1369.25, 1402.625, 1332.6875, 1223.0625, 1331.875, 1307.25, 1411.25, 1348.75, 1435.5, 1336.25, 1374.0, 1463.0], [1355.125, 1271.875, 1248.875, 1282.75, 1422.75, 1282.5, 1418.375, 1281.125, 1375.0, 1325.875, 1425.0, 1284.875, 1382.0, 1405.25, 1324.25, 1223.0, 1316.25, 1314.5, 1419.75, 1348.75, 1384.125, 1330.375, 1364.0, 1467.25], []], "val.compute_ips": [[371.9539797192172, 14208.572502315734, 10656.032789569661, 8237.714627664931, 20564.05450593226, 13127.270686688327, 8922.048941809933, 10581.604119342679, 9548.148592109768, 14095.100138326658, 11767.871947042802, 8501.459898832847, 15091.771657472153, 10961.890349634643, 8617.32043634671, 8647.953713463627, 9035.540334685695, 13967.986549002964, 18422.306370220405, 20456.41391332511, 13215.67029190084, 9707.69840132541, 18235.601072490783, 10017.603351199556, 9472.298105084865], [9877.007430233762, 13253.719775039923, 9010.338988526677, 8451.756819753844, 10255.658673798323, 10280.722830080738, 10889.489967394666, 9952.09817315624, 8919.464196748888, 8301.73969837105, 8901.754137689111, 15926.486545817272, 12307.3252668876, 8600.530445508866, 16618.721435992284, 10494.407125011454, 8647.561944800149, 17069.565650764758, 9661.207977361784, 14922.84810023227, 15134.128498362366, 12249.111742980593, 14048.580971305677, 9848.109345800822], []], "val.total_ips": [[371.93905002665946, 14085.947220750939, 9659.274201782539, 8207.623489843108, 9306.18513057468, 10299.891714819127, 8888.582060655981, 10537.93512802646, 9510.83024090596, 14018.409448381995, 10162.969114513517, 8469.322963674314, 14935.120563331306, 8902.058569566128, 8581.21607646631, 8613.812079083218, 8993.754153491782, 13883.822059443899, 15371.338930762238, 13493.435593095204, 10456.77156223409, 9663.468651423995, 8598.137214903018, 9102.50579587131, 9425.30916895352], [9839.68250688153, 13175.110036780157, 8979.435568661846, 8421.776971215735, 10207.023046183864, 10234.604894775784, 10839.020508491472, 9909.35534711271, 8880.256828493953, 8272.868628927716, 8868.091138655054, 15812.149846571278, 12249.461093761141, 8567.28269655032, 16492.178331915777, 8856.241782396668, 8612.76703741619, 16938.49562139512, 8784.861892533425, 14815.647429750185, 13569.853829918991, 12181.021557310796, 13968.963283625779, 9805.894988224845], []], "val.data_time": [[0.00022101402282714844, 0.0012547969818115234, 0.019832611083984375, 0.0009114742279052734, 0.12047743797302246, 0.042825937271118164, 0.0008642673492431641, 0.0008020401000976562, 0.0008416175842285156, 0.0007948875427246094, 0.02748274803161621, 0.0009140968322753906, 0.0014233589172363281, 0.04323005676269531, 0.0009999275207519531, 0.0009386539459228516, 0.0010530948638916016, 0.000888824462890625, 0.022065401077270508, 0.05166220664978027, 0.04088640213012695, 0.0009655952453613281, 0.1258833408355713, 0.020552873611450195, 0.001077890396118164], [0.0007865428924560547, 0.0009219646453857422, 0.0007822513580322266, 0.0008625984191894531, 0.0009515285491943359, 0.0008976459503173828, 0.0008757114410400391, 0.0008876323699951172, 0.0010137557983398438, 0.0008609294891357422, 0.0008733272552490234, 0.0009298324584960938, 0.0007860660552978516, 0.0009241104125976562, 0.0009455680847167969, 0.03609776496887207, 0.0009567737579345703, 0.0009284019470214844, 0.021146535873413086, 0.0009930133819580078, 0.015599489212036133, 0.000934600830078125, 0.0008308887481689453, 0.0008952617645263672], []], "val.compute_time": [[5.506057500839233, 0.14413833618164062, 0.19219160079956055, 0.248612642288208, 0.09959125518798828, 0.15601110458374023, 0.22954368591308594, 0.1935434341430664, 0.2144918441772461, 0.14529871940612793, 0.17403316497802734, 0.24089980125427246, 0.13570308685302734, 0.1868290901184082, 0.23766088485717773, 0.23681902885437012, 0.22666049003601074, 0.1466209888458252, 0.11116957664489746, 0.10011529922485352, 0.1549675464630127, 0.2109665870666504, 0.11230778694152832, 0.20444011688232422, 0.21620941162109375], [0.2073502540588379, 0.15452265739440918, 0.2272944450378418, 0.24231648445129395, 0.19969463348388672, 0.19920778274536133, 0.18807125091552734, 0.20578575134277344, 0.22961020469665527, 0.24669528007507324, 0.23006701469421387, 0.12859082221984863, 0.16640496253967285, 0.23812484741210938, 0.12323451042175293, 0.19515156745910645, 0.2368297576904297, 0.1199796199798584, 0.21198177337646484, 0.1372392177581787, 0.13532328605651855, 0.16719579696655273, 0.14577984809875488, 0.20795869827270508], []]}, "event": {}}