{"run": {"data": "/data/imagenet", "data_backend": "dali-cpu", "arch": "resnet50", "model_config": "fanin", "workers": 5, "epochs": 2, "start_epoch": 0, "batch_size": 128, "optimizer_batch_size": -1, "lr": 0.1, "lr_schedule": "step", "warmup": 0, "label_smoothing": 0.1, "mixup": 0.0, "momentum": 0.9, "weight_decay": 0.0001, "bn_weight_decay": false, "nesterov": false, "print_freq": 1, "resume": "", "pretrained_weights": "", "fp16": false, "static_loss_scale": 128.0, "dynamic_loss_scale": false, "prof": 100, "amp": true, "local_rank": 0, "seed": null, "gather_checkpoints": false, "raport_file": "/data/workspace/./raport_8GPU_128BS_dali-cpu_inferencebench.json", "final_weights": "model.pth.tar", "evaluate": true, "training_only": false, "save_checkpoints": false, "workspace": "/data/workspace", "distributed": true, "gpu": 0, "world_size": 8}, "epoch": {"ep": [0, 1], "val.top1": [0.1016422193877551, 0.1016422193877551], "val.top5": [0.45838647959183676, 0.45838647959183676], "val.loss": [934.5363520408164, 934.1173469387755], "val.compute_ips": [13546.348918401418, 13926.019408545433], "val.total_ips": [11861.35726921466, 12446.426068085539], "val.data_time": [0.00953436870964206, 0.008133367616303113], "val.compute_time": [0.17476116394510074, 0.12466730876844756]}, "iter": {"it": [[], []], "val.it": [[1, 2, 3, 4, 5, 6, 7, 8, 9, 10, 11, 12, 13, 14, 15, 16, 17, 18, 19, 20, 21, 22, 23, 24, 25, 26, 27, 28, 29, 30, 31, 32, 33, 34, 35, 36, 37, 38, 39, 40, 41, 42, 43, 44, 45, 46, 47, 48, 49, 1, 2, 3, 4, 5, 6, 7, 8, 9, 10, 11, 12, 13, 14, 15, 16, 17, 18, 19, 20, 21, 22, 23, 24, 25, 26, 27, 28, 29, 30, 31, 32, 33, 34, 35, 36, 37, 38, 39, 40, 41, 42, 43, 44, 45, 46, 47, 48, 49]], "val.top1": [[0.0, 0.0, 0.0, 0.0, 0.0, 0.0, 0.0, 0.0, 0.0, 0.0, 0.0, 0.0, 0.0, 0.0, 0.0, 0.0, 0.0, 0.0, 0.0, 0.0, 4.8828125, 0.0, 0.0, 0.0, 0.0, 0.0, 0.0, 0.0, 0.0, 0.0, 0.09765625, 0.0, 0.0, 0.0, 0.0, 0.0, 0.0, 0.0, 0.0, 0.0, 0.0, 0.0, 0.0, 0.0, 0.0, 0.0, 0.0, 0.0, 0.0], [0.0, 0.0, 0.0, 0.0, 0.0, 0.0, 0.0, 0.0, 0.0, 0.0, 0.0, 0.0, 0.0, 0.0, 0.0, 0.0, 0.0, 0.0, 0.0, 0.9765625, 3.90625, 0.0, 0.0, 0.0, 0.0, 0.0, 0.0, 0.0, 0.0, 0.0, 0.09765625, 0.0, 0.0, 0.0, 0.0, 0.0, 0.0, 0.0, 0.0, 0.0, 0.0, 0.0, 0.0, 0.0, 0.0, 0.0, 0.0, 0.0, 0.0], []], "val.top5": [[0.0, 0.0, 3.41796875, 0.0, 0.0, 0.0, 0.0, 0.0, 0.0, 2.24609375, 0.0, 0.0, 0.0, 0.0, 0.0, 0.0, 0.0, 3.125, 1.7578125, 0.0, 5.2734375, 1.46484375, 0.29296875, 0.0, 0.0, 0.0, 0.0, 0.0, 0.0, 0.0, 4.4921875, 0.390625, 0.0, 0.0, 0.0, 0.0, 0.0, 0.0, 0.0, 0.0, 0.0, 0.0, 0.0, 0.0, 0.0, 0.0, 0.0, 0.0, 0.0], [0.0, 0.5859375, 2.83203125, 0.0, 0.0, 0.0, 0.0, 0.0, 0.09765625, 2.1484375, 0.0, 0.0, 0.0, 0.0, 0.0, 0.0, 0.0, 4.8828125, 0.0, 0.9765625, 4.296875, 1.7578125, 0.0, 0.0, 0.0, 0.0, 0.0, 0.0, 0.0, 0.0, 4.8828125, 0.0, 0.0, 0.0, 0.0, 0.0, 0.0, 0.0, 0.0, 0.0, 0.0, 0.0, 0.0, 0.0, 0.0, 0.0, 0.0, 0.0, 0.0], []], "val.loss": [[909.875, 884.25, 855.90625, 918.4375, 1015.375, 962.875, 964.1875, 897.3125, 878.9375, 916.0625, 997.25, 851.875, 998.5, 1028.6875, 1021.9375, 894.1875, 956.6875, 1004.4375, 937.9375, 893.3125, 838.3125, 847.0, 955.25, 886.5, 973.375, 987.5, 932.4375, 1002.4375, 921.625, 994.125, 861.0625, 916.0625, 988.6875, 945.3125, 879.4375, 838.5, 887.375, 954.0625, 809.4375, 1003.4375, 967.5, 950.875, 945.0, 929.3125, 929.625, 1014.0, 944.4375, 910.4375, 991.125], [867.6875, 899.9375, 850.8125, 934.625, 1003.4375, 981.5625, 924.6875, 895.3125, 902.5, 928.125, 987.625, 855.9375, 1012.75, 1015.6875, 1008.75, 888.625, 1005.1875, 949.75, 944.5625, 899.4375, 832.1875, 857.3125, 948.5625, 903.5625, 984.5, 966.625, 931.9375, 1022.8125, 904.125, 1017.0, 829.3125, 938.625, 987.8125, 924.1875, 869.75, 837.0, 926.25, 915.1875, 835.625, 999.8125, 972.1875, 949.5625, 945.75, 905.25, 956.9375, 992.375, 961.6875, 908.25, 990.5625], []], "val.compute_ips": [[213.4694904297842, 12461.172188889017, 19031.311269546568, 12904.348741553522, 10943.37251065044, 12890.251342307058, 9135.468211731775, 9767.771557488151, 14460.487707650145, 19137.395048746144, 11972.568242764833, 10234.665865997536, 15598.437224437617, 13790.983280512983, 16192.270237664374, 18931.98668800113, 13492.86332363641, 12223.036675081037, 8805.655541454553, 16202.715799560128, 16284.915374669654, 11226.735507075904, 12594.584129236959, 10188.584656040726, 9722.17963193517, 14489.269748738294, 11701.79218875584, 11699.114717571141, 11393.9671097835, 8038.403641359071, 18663.140976226583, 16483.60184218606, 12609.300408961331, 14963.061671276973, 11067.192921065447, 11729.243030673775, 14781.33200260181, 17379.525169143115, 15967.66772127192, 14717.209143585544, 11219.726220921879, 10930.616893594279, 19137.73614230207, 13620.936429860365, 16647.934384545017, 9266.960167950097, 19794.938983191456, 19506.707251826923, 19554.487987215503], [15115.087738561539, 15219.586449326718, 15668.201138187655, 19540.075867936288, 19432.482562664012, 19464.0978514554, 13537.646593813926, 9637.837374000304, 14551.910553349506, 9670.431212201724, 10500.064286796955, 11138.833969163737, 14872.182387323748, 16461.237403895535, 19110.146902308363, 15801.823739339667, 13893.725280626273, 14695.80745779414, 15331.120076245685, 13793.374941791193, 13823.96374521227, 10446.153368697298, 11592.041499554667, 15370.843831753291, 11028.940715461435, 13381.044246574489, 16378.876602625216, 11829.35657174649, 15165.470119029544, 11700.803931718001, 17870.30633974228, 15470.390980639351, 9239.787313320454, 17790.58436404908, 12039.92772063791, 13088.347156195909, 15008.656849520907, 16079.274970798766, 14598.50341597384, 13010.91257630148, 14754.26759189282, 16737.594974396547, 17225.551346170043, 11853.12308299457, 18812.90455061126, 9387.639905314167, 14763.04123027426, 14823.98257694206, 10270.839670852354], []], "val.total_ips": [[213.46083309303276, 12303.218042183602, 13237.931032782237, 10966.36860045602, 10874.546268445092, 12783.021208964552, 9086.993115413097, 9704.035499643016, 14330.027879540101, 10718.981591662341, 10291.142831128129, 10161.274003974639, 15436.584790445419, 9687.31346084446, 16031.919612095513, 14202.41755756239, 10336.566202660813, 12118.127378147705, 8752.111212772677, 15962.32674890084, 13298.141639445777, 9603.400671684174, 12487.511799988952, 10116.898283765258, 9653.238851491824, 14344.385761711053, 11611.095090050878, 11615.805447975941, 11309.92673112979, 7979.161681897476, 18409.31701128142, 11591.447082414601, 8722.020876148392, 14764.7667561612, 9808.907094440283, 11620.959814712598, 14598.50341597384, 14764.614487651945, 11452.238325694005, 12520.419943038214, 10487.526697612635, 10848.315141534335, 18856.101152008992, 10963.233440796812, 16431.44952120802, 8138.877974645165, 11673.612802748416, 11575.452028212516, 14760.808795378234], [11540.368209066311, 13583.458403306862, 12764.974948360157, 13228.471756458746, 12452.176309083055, 14017.471535667311, 10559.776401486002, 9570.019420937, 14423.87125547406, 9444.03415270207, 10427.36067046376, 11057.647717910693, 14715.091378158459, 14147.215483989974, 16035.690589087433, 12333.460534061573, 13767.509379287354, 14330.027879540101, 13342.344157437754, 13669.09804271029, 13695.206150294473, 10378.629034284775, 11493.85775339533, 15200.464674134239, 9732.335610649228, 13267.947533285966, 16212.746433734848, 10299.78056384234, 15014.480767684536, 11617.093610955584, 17646.368583883544, 12164.22048136127, 8425.816537482908, 17577.039979373934, 10256.270929996537, 12965.077929918616, 14858.702166377218, 14323.528437172758, 14446.090935387307, 12889.555017361268, 14616.388502821206, 14981.329166201585, 13883.889380602492, 10516.724770687131, 18564.0813454415, 8634.38440290616, 14607.986993860857, 14665.598907327734, 10197.583655250193], []],