{"run": {"data": "/data/imagenet", "data_backend": "dali-gpu", "arch": "resnet50", "model_config": "fanin", "workers": 3, "epochs": 2, "start_epoch": 0, "batch_size": 224, "optimizer_batch_size": -1, "lr": 0.1, "lr_schedule": "step", "warmup": 0, "label_smoothing": 0.1, "mixup": 0.1, "true_weight_decay": false, "momentum": 0.9, "weight_decay": 0.0001, "bn_weight_decay": false, "nesterov": false, "print_freq": 1, "resume": "", "pretrained_weights": "", "fp16": false, "static_loss_scale": 1, "dynamic_loss_scale": false, "prof": 100, "local_rank": 0, "seed": null, "gather_checkpoints": false, "raport_file": "/data/workspace/./raport_16GPU_224BS_dali-gpu_inferencebench.json", "final_weights": "model.pth.tar", "evaluate": true, "training_only": false, "save_checkpoints": false, "workspace": "/data/workspace", "distributed": true, "gpu": 0, "world_size": 16}, "epoch": {"ep": [0, 1], "val.top1": [0.0757334152502673, 0.0757334152502673], "val.top5": [0.4823022889239447, 0.4823022889239447], "val.loss": [1104.6137390136719, 1104.653817313058], "val.compute_ips": [10901.705600338197, 12202.841636182011], "val.total_ips": [10846.98653723785, 11565.994415223196], "val.data_time": [0.0015490055084228516, 0.01225597517830985], "val.compute_time": [0.972441485949925, 0.6256875821522304]}, "iter": {"it": [[], []], "val.it": [[1, 2, 3, 4, 5, 6, 7, 8, 9, 10, 11, 12, 13, 14, 1, 2, 3, 4, 5, 6, 7, 8, 9, 10, 11, 12, 13, 14]], "val.top1": [[0.0, 0.0, 0.0, 0.0, 0.1116071417927742, 0.0, 0.0, 0.0, 0.0, 0.0, 0.0, 0.0, 0.0, 0.948660671710968], [0.0, 0.0, 0.0, 0.0, 0.1116071417927742, 0.0, 0.0, 0.0, 0.0, 0.0, 0.0, 0.0, 0.0, 0.948660671710968], []], "val.top5": [[1.3950892686843872, 0.0, 0.0, 0.0, 1.3950892686843872, 0.0, 0.0, 0.3348214328289032, 0.0, 0.0, 0.0, 0.0, 0.8370535373687744, 2.7901785373687744], [1.3950892686843872, 0.0, 0.0, 0.0, 1.3950892686843872, 0.0, 0.0, 0.3348214328289032, 0.0, 0.0, 0.0, 0.0, 0.8370535373687744, 2.7901785373687744], []], "val.loss": [[1042.5682373046875, 1013.6478881835938, 1093.5699462890625, 1017.5572509765625, 1048.8414306640625, 1140.0133056640625, 1144.6383056640625, 1144.239501953125, 1158.7042236328125, 1161.4183349609375, 1111.1112060546875, 1162.33740234375, 1121.258056640625, 1104.687255859375], [1035.0263671875, 1011.4089965820312, 1097.28466796875, 1016.4429321289062, 1054.36767578125, 1140.6748046875, 1152.214111328125, 1137.156494140625, 1155.5517578125, 1158.3709716796875, 1108.0372314453125, 1165.6572265625, 1115.57666015625, 1117.383544921875], []], "val.compute_ips": [[374.9116593662774, 13686.658523350123, 17088.722818975817, 10482.177224581443, 10402.257503245432, 10998.209351311052, 11863.03372102383, 11286.091582272162, 10424.352593712401, 12401.382609800405, 11814.25371072168, 10942.719286266483, 10358.361403276664, 10500.74641683094], [17172.7841838967, 15928.321779450534, 11197.107490070941, 10915.354105279057, 10648.299578456588, 10603.084730101564, 11150.703121627224, 19947.61832448019, 11819.548566468316, 12218.46160898837, 12215.760898378236, 12008.798292992145, 20678.1089424475, 12551.735785724186], []], "val.total_ips": [[374.8973351074494, 13630.21777323207, 17030.776897106472, 10461.212344916086, 10381.137597648696, 10894.256627374814, 11724.952351833146, 11261.647952173686, 10401.703267055775, 12367.081581813814, 11787.499185278237, 10919.953055285567, 10337.127735758104, 10285.347816745967], [17122.513655401166, 12080.09490249463, 10344.191200231211, 10890.452433372671, 10625.666586556812, 10581.55197934426, 11126.306494052478, 19852.490921865177, 10985.020604423711, 12190.124027600614, 12186.882522665383, 11868.46610483964, 10399.573246552533, 11736.697425519324], []], "val.data_time": [[0.00036525726318359375, 0.0010843276977539062, 0.0007135868072509766, 0.0006852149963378906, 0.0007009506225585938, 0.003109455108642578, 0.003557920455932617, 0.0006892681121826172, 0.0007486343383789062, 0.0008015632629394531, 0.0006885528564453125, 0.000682830810546875, 0.0007107257843017578, 0.007147789001464844], [0.0006127357482910156, 0.07167840003967285, 0.026391983032226562, 0.0007507801055908203, 0.0007169246673583984, 0.0006878376007080078, 0.0007047653198242188, 0.0008609294891357422, 0.02303600311279297, 0.0006818771362304688, 0.0006952285766601562, 0.0035288333892822266, 0.17130613327026367, 0.01982879638671875], []], "val.compute_time": [[9.559585332870483, 0.26186084747314453, 0.20972895622253418, 0.34191370010375977, 0.3445405960083008, 0.32587122917175293, 0.30211496353149414, 0.31755900382995605, 0.3438103199005127, 0.2890000343322754, 0.3033623695373535, 0.32752370834350586, 0.34600067138671875, 0.3413090705871582], [0.20870232582092285, 0.2250080108642578, 0.3200826644897461, 0.32834482192993164, 0.3365795612335205, 0.3380148410797119, 0.3214147090911865, 0.1796705722808838, 0.3032264709472656, 0.29332661628723145, 0.29339146614074707, 0.298447847366333, 0.173323392868042, 0.2855381965637207], []]}, "event": {}}