{"run": {"data": "/data/imagenet", "data_backend": "pytorch", "arch": "resnet50", "model_config": "fanin", "workers": 3, "epochs": 2, "start_epoch": 0, "batch_size": 256, "optimizer_batch_size": -1, "lr": 0.1, "lr_schedule": "step", "warmup": 0, "label_smoothing": 0.1, "mixup": 0.1, "true_weight_decay": false, "momentum": 0.9, "weight_decay": 0.0001, "bn_weight_decay": false, "nesterov": false, "print_freq": 1, "resume": "", "pretrained_weights": "", "fp16": false, "static_loss_scale": 1, "dynamic_loss_scale": false, "prof": 100, "local_rank": 0, "seed": null, "gather_checkpoints": false, "raport_file": "/data/workspace/./raport_16GPU_256BS_pytorch_inferencebench.json", "final_weights": "model.pth.tar", "evaluate": true, "training_only": false, "save_checkpoints": false, "workspace": "/data/workspace", "distributed": true, "gpu": 0, "world_size": 16}, "epoch": {"ep": [0, 1], "val.top1": [0.10109335298721607, 0.10828646558981675], "val.top5": [0.5198529867025522, 0.5198529912875249], "val.loss": [1039.1382446289062, 1039.7012376051682], "val.compute_ips": [14926.915391040067, 14391.012233345507], "val.total_ips": [14078.970885297898, 12985.35718525813], "val.data_time": [0.1248946740077092, 0.15929147830376258], "val.compute_time": [1.2164053550133338, 0.7787429644511297]}, "iter": {"it": [[], []], "val.it": [[1, 2, 3, 4, 5, 6, 7, 8, 9, 10, 11, 12, 13, 1, 2, 3, 4, 5, 6, 7, 8, 9, 10, 11, 12, 13]], "val.top1": [[0.09765625, 0.048828125, 0.048828125, 0.1708984375, 0.0732421875, 0.146484375, 0.09765625, 0.048828125, 0.09765625, 0.146484375, 0.09765625, 0.1220703125, 0.1179245263338089], [0.048828125, 0.048828125, 0.0732421875, 0.0732421875, 0.146484375, 0.0244140625, 0.048828125, 0.1220703125, 0.09765625, 0.1220703125, 0.2685546875, 0.09765625, 0.2358490526676178], []], "val.top5": [[0.4150390625, 0.4638671875, 0.3662109375, 0.634765625, 0.7568359375, 0.6103515625, 0.439453125, 0.5126953125, 0.439453125, 0.4150390625, 0.4638671875, 0.4150390625, 0.8254716396331787], [0.3662109375, 0.439453125, 0.2197265625, 0.537109375, 0.5126953125, 0.3173828125, 0.48828125, 0.537109375, 0.439453125, 0.7568359375, 0.7080078125, 0.6103515625, 0.8254716992378235], []], "val.loss": [[1046.349609375, 1031.7081298828125, 1045.88037109375, 1036.693359375, 1035.337158203125, 1042.1046142578125, 1035.3780517578125, 1051.5438232421875, 1023.6356811523438, 1046.1395263671875, 1038.773193359375, 1048.41845703125, 1026.835205078125], [1038.2933349609375, 1031.9163818359375, 1039.1744384765625, 1052.591552734375, 1035.25341796875, 1041.461669921875, 1047.787841796875, 1048.0865478515625, 1041.4521484375, 1030.7296142578125, 1025.90478515625, 1047.399658203125, 1036.064697265625], []], "val.compute_ips": [[384.11666789713126, 15366.526820070732, 20763.580045540028, 20807.589116021965, 20731.48323428082, 20730.132386674213, 20803.40653411155, 7217.762209475507, 17772.474576271186, 19498.294378819108, 8616.179474679875, 20976.103401500084, 382.2512381786769], [11547.884888623903, 16034.942238300842, 8117.519320126593, 12425.859570805516, 20918.737979244266, 5081.783673506815, 14268.911380083338, 20417.83089676319, 5781.444646620807, 14935.484115061481, 15664.18680460009, 20993.815678271603, 13928.016791453902], []], "val.total_ips": [[341.6478929719968, 13605.30625555838, 20694.24939289982, 20727.006099915063, 20647.466680768266, 20589.09367030354, 20692.180613519395, 7211.399800446708, 12986.472334748149, 16357.028847810874, 7874.190372606042, 20932.909616174267, 367.6699311502022], [2275.5369286825667, 15152.869791933108, 3432.951466329044, 12398.445768655365, 20743.022641217834, 4072.414911599715, 14238.601311154762, 20373.906950543686, 5343.324986734892, 14896.95545186764, 15646.283099699822, 20952.695312804903, 5065.656686615375], []], "val.data_time": [[1.3255245685577393, 0.034505605697631836, 0.0006608963012695312, 0.0007653236389160156, 0.0008039474487304688, 0.0013535022735595703, 0.001058340072631836, 0.0005006790161132812, 0.08493638038635254, 0.04034256935119629, 0.04479575157165527, 0.0004029273986816406, 0.08798027038574219], [1.4453177452087402, 0.01486968994140625, 0.6885547637939453, 0.0007288455963134766, 0.0016586780548095703, 0.19977521896362305, 0.0006110668182373047, 0.0004324913024902344, 0.0580904483795166, 0.0007092952728271484, 0.00029921531677246094, 0.0003829002380371094, 0.10651731491088867], []], "val.compute_time": [[10.663426876068115, 0.2665534019470215, 0.19726848602294922, 0.19685125350952148, 0.19757390022277832, 0.1975867748260498, 0.19689083099365234, 0.5674889087677002, 0.23046875, 0.2100696563720703, 0.4753847122192383, 0.19526982307434082, 2.2184362411499023], [0.35469698905944824, 0.25544214248657227, 0.5045876502990723, 0.3296351432800293, 0.19580531120300293, 0.806016206741333, 0.28705763816833496, 0.2006089687347412, 0.7084734439849854, 0.2742462158203125, 0.2614881992340088, 0.19510507583618164, 0.06088447570800781], []]}, "event": {}}