{"run": {"data": "/data/imagenet", "data_backend": "pytorch", "arch": "resnet50", "model_config": "fanin", "workers": 3, "epochs": 2, "start_epoch": 0, "batch_size": 448, "optimizer_batch_size": -1, "lr": 0.1, "lr_schedule": "step", "warmup": 0, "label_smoothing": 0.1, "mixup": 0.1, "true_weight_decay": false, "momentum": 0.9, "weight_decay": 0.0001, "bn_weight_decay": false, "nesterov": false, "print_freq": 1, "resume": "", "pretrained_weights": "", "fp16": false, "static_loss_scale": 1, "dynamic_loss_scale": false, "prof": 100, "local_rank": 0, "seed": null, "gather_checkpoints": false, "raport_file": "/data/workspace/./raport_16GPU_448BS_pytorch_inferencebench.json", "final_weights": "model.pth.tar", "evaluate": true, "training_only": false, "save_checkpoints": false, "workspace": "/data/workspace", "distributed": true, "gpu": 0, "world_size": 16}, "epoch": {"ep": [0, 1], "val.top1": [0.09995023586920329, 0.10020106711557933], "val.top5": [0.5002528343881879, 0.5003030214990888], "val.loss": [1575.1898542131696, 1575.2033168247767], "val.compute_ips": [14554.542002411268, 14251.342711314463], "val.total_ips": [14291.535954867779, 12626.576286444082], "val.data_time": [0.34108996391296387, 0.3880853312356131], "val.compute_time": [2.9308368819100514, 1.7812947716031755]}, "iter": {"it": [[], []], "val.it": [[1, 2, 3, 4, 5, 6, 7, 1, 2, 3, 4, 5, 6, 7]], "val.top1": [[0.09765625, 0.1116071417927742, 0.09765625, 0.153459832072258, 0.0837053582072258, 0.0697544664144516, 0.08581235259771347], [0.09765625, 0.09765625, 0.0558035708963871, 0.09765625, 0.0558035708963871, 0.1395089328289032, 0.15732264518737793], []], "val.top5": [[0.5719865560531616, 0.4743303954601288, 0.5859375, 0.48828125, 0.3906249701976776, 0.4185267686843872, 0.5720824003219604], [0.5022321939468384, 0.4603794813156128, 0.4185267984867096, 0.5998884439468384, 0.4603794813156128, 0.4743303954601288, 0.5863843560218811], []], "val.loss": [[1559.51416015625, 1572.67724609375, 1572.861328125, 1580.185791015625, 1584.86376953125, 1580.788818359375, 1575.4378662109375], [1559.434814453125, 1577.4412841796875, 1578.85205078125, 1572.70361328125, 1583.982666015625, 1574.7506103515625, 1579.2581787109375], []], "val.compute_ips": [[576.2416337856004, 17174.736391352755, 20761.02785444727, 20757.71667658589, 20808.90686965628, 20689.393222580755, 1113.7713684703365], [6922.052256654569, 14860.046150766486, 7461.75738245564, 20672.89074880235, 20716.637155311535, 8142.801717138067, 18860.818530394998], []], "val.total_ips": [[488.9685094888668, 15538.385283566708, 20736.942022337993, 20729.16403019662, 20782.152493013233, 20672.578025222592, 1092.5613202484358], [2203.3847789181705, 14340.212174749206, 5299.257617443389, 12921.686236805834, 20692.725363837526, 7525.773077127183, 13748.277077261406], []], "val.data_time": [[2.2202045917510986, 0.043951988220214844, 0.0004010200500488281, 0.0004756450653076172, 0.00044345855712890625, 0.0002818107604980469, 0.1218712329864502], [2.2176456451416016, 0.017485857009887695, 0.3920106887817383, 0.2079920768737793, 0.0003998279571533203, 0.0721735954284668, 0.13785719871520996], []], "val.compute_time": [[12.439226150512695, 0.4173572063446045, 0.3452622890472412, 0.34531736373901367, 0.3444678783416748, 0.34645771980285645, 6.277769565582275], [1.0355310440063477, 0.48236727714538574, 0.9606316089630127, 0.34673428535461426, 0.34600210189819336, 0.880286693572998, 0.3707156181335449], []]}, "event": {}}