{"run": {"data": "/data/imagenet", "data_backend": "dali-cpu", "arch": "resnet50", "model_config": "fanin", "workers": 3, "epochs": 2, "start_epoch": 0, "batch_size": 224, "optimizer_batch_size": -1, "lr": 0.1, "lr_schedule": "step", "warmup": 0, "label_smoothing": 0.1, "mixup": 0.1, "true_weight_decay": false, "momentum": 0.9, "weight_decay": 0.0001, "bn_weight_decay": false, "nesterov": false, "print_freq": 1, "resume": "", "pretrained_weights": "", "fp16": false, "static_loss_scale": 1, "dynamic_loss_scale": false, "prof": 100, "local_rank": 0, "seed": null, "gather_checkpoints": false, "raport_file": "/data/workspace/./raport_16GPU_224BS_dali-cpu_inferencebench.json", "final_weights": "model.pth.tar", "evaluate": true, "training_only": false, "save_checkpoints": false, "workspace": "/data/workspace", "distributed": true, "gpu": 0, "world_size": 16}, "epoch": {"ep": [0, 1], "val.top1": [0.09964923134871892, 0.09964923347745623], "val.top5": [0.5002391572509494, 0.5002391588475023], "val.loss": [1241.180463518415, 1241.1319056919642], "val.compute_ips": [11793.020020465734, 12337.449689271412], "val.total_ips": [10755.496209787085, 11203.029941691839], "val.data_time": [0.018662231309073313, 0.020608535834721158], "val.compute_time": [0.9889355046408517, 0.6404634288379124]}, "iter": {"it": [[], []], "val.it": [[1, 2, 3, 4, 5, 6, 7, 8, 9, 10, 11, 12, 13, 14, 1, 2, 3, 4, 5, 6, 7, 8, 9, 10, 11, 12, 13, 14]], "val.top1": [[0.0, 0.0, 0.0, 0.0, 0.0, 0.0, 0.0, 0.0, 0.0, 0.0, 0.0, 0.3348214328289032, 1.0602678060531616, 0.0], [0.0, 0.0, 0.0, 0.0, 0.0, 0.0, 0.0, 0.0, 0.0, 0.0, 0.0, 0.6417410373687744, 0.7533482313156128, 0.0], []], "val.top5": [[0.0, 0.0, 1.9810267686843872, 0.8091517686843872, 0.0, 0.0, 0.0, 0.0, 1.3950892686843872, 0.0, 0.0, 0.3348214328289032, 2.0926339626312256, 0.390625], [0.0, 0.0, 2.2879464626312256, 0.5022321343421936, 0.0, 0.0, 0.0, 0.0, 1.3950892686843872, 0.0, 0.0, 0.6417410373687744, 2.0926339626312256, 0.0837053582072258], []], "val.loss": [[1293.444091796875, 1278.3804931640625, 1241.2872314453125, 1297.569091796875, 1230.1766357421875, 1255.0557861328125, 1198.7344970703125, 1192.3515625, 1254.9310302734375, 1330.915771484375, 1195.527099609375, 1190.43896484375, 1237.80908203125, 1179.9051513671875], [1291.759521484375, 1276.466796875, 1235.4849853515625, 1297.36767578125, 1231.0947265625, 1256.0784912109375, 1200.4617919921875, 1191.274658203125, 1263.4249267578125, 1320.1939697265625, 1197.4747314453125, 1181.896728515625, 1237.861572265625, 1195.006103515625], []], "val.compute_ips": [[357.7940207040607, 13492.560555198525, 16056.72426017806, 11351.613505294692, 10508.777271646883, 20691.828143302926, 15139.710946902593, 11344.708594422731, 10869.254533741041, 11652.948810355292, 11878.050456714815, 9934.143404326185, 10908.470854767653, 10915.694928964844], [11063.108244497842, 12121.757590418962, 9854.717146977842, 11791.30855381333, 10281.457625982584, 10520.684622011826, 11768.074621081943, 11637.234119012284, 10947.588479691914, 11022.111507296682, 18936.315217569307, 14452.271363470301, 20821.45909364153, 15128.222827612928], []], "val.total_ips": [[357.78130669178114, 13410.397908916544, 16005.231523705384, 11325.716398737568, 10488.708485993202, 10920.06411232442, 11376.604645882746, 10762.633552895355, 10846.714382712085, 11622.963529170709, 11850.875734550977, 9914.61823630905, 10884.396465123687, 10810.240654005662], [11037.569165499817, 12078.49335748113, 9836.39722792413, 11765.495654188455, 10260.656820820572, 10497.901127280295, 11740.143933347183, 11608.521709046878, 10923.833457960089, 10997.927725158359, 18864.454160878344, 10844.718988159995, 10834.831110851635, 11816.94699175539], []], "val.data_time": [[0.0003559589385986328, 0.0016274452209472656, 0.0007181167602539062, 0.0007219314575195312, 0.0006525516510009766, 0.15499472618103027, 0.07830405235290527, 0.017085790634155273, 0.0006852149963378906, 0.00079345703125, 0.0006918907165527344, 0.0007104873657226562, 0.0007266998291015625, 0.0032029151916503906], [0.0007495880126953125, 0.0010590553283691406, 0.0006773471832275391, 0.0006668567657470703, 0.0007066726684570312, 0.0007393360137939453, 0.0007245540618896484, 0.0007617473602294922, 0.0007119178771972656, 0.0007150173187255859, 0.000720977783203125, 0.08249473571777344, 0.15865492820739746, 0.06638503074645996], []], "val.compute_time": [[10.016936540603638, 0.2656278610229492, 0.22320866584777832, 0.31572604179382324, 0.3410482406616211, 0.17320847511291504, 0.23672842979431152, 0.3159182071685791, 0.32973742485046387, 0.30756163597106934, 0.30173301696777344, 0.3607759475708008, 0.3285520076751709, 0.3283345699310303], [0.3239595890045166, 0.2956666946411133, 0.36368370056152344, 0.303952693939209, 0.3485887050628662, 0.34066224098205566, 0.3045527935028076, 0.30797696113586426, 0.3273780345916748, 0.3251645565032959, 0.18926596641540527, 0.24798870086669922, 0.17213010787963867, 0.2369081974029541], []]}, "event": {}}