{"run": {"data": "/data/imagenet", "data_backend": "dali-cpu", "arch": "resnet50", "model_config": "fanin", "workers": 5, "epochs": 2, "start_epoch": 0, "batch_size": 128, "optimizer_batch_size": -1, "lr": 0.1, "lr_schedule": "step", "warmup": 0, "label_smoothing": 0.1, "mixup": 0.0, "true_weight_decay": false, "momentum": 0.9, "weight_decay": 0.0001, "bn_weight_decay": false, "nesterov": false, "print_freq": 1, "resume": "", "pretrained_weights": "", "fp16": true, "static_loss_scale": 128.0, "dynamic_loss_scale": false, "prof": 100, "local_rank": 0, "seed": null, "gather_checkpoints": false, "raport_file": "/data/workspace/./raport_8GPU_128BS_dali-cpu_inferencebench.json", "final_weights": "model.pth.tar", "evaluate": true, "training_only": false, "save_checkpoints": false, "workspace": "/data/workspace", "distributed": true, "gpu": 0, "world_size": 8}, "epoch": {"ep": [0, 1], "val.top1": [0.09765625, 0.09765625], "val.top5": [0.4922672193877551, 0.4942602040816326], "val.loss": [782.2755102040817, 782.0510204081633], "val.compute_ips": [13253.702232668751, 13586.207577592753], "val.total_ips": [11827.579926768525, 12402.08553234195], "val.data_time": [0.009076507724061305, 0.006997976984296527], "val.compute_time": [0.18534980014878877, 0.13117860288036112]}, "iter": {"it": [[], []], "val.it": [[1, 2, 3, 4, 5, 6, 7, 8, 9, 10, 11, 12, 13, 14, 15, 16, 17, 18, 19, 20, 21, 22, 23, 24, 25, 26, 27, 28, 29, 30, 31, 32, 33, 34, 35, 36, 37, 38, 39, 40, 41, 42, 43, 44, 45, 46, 47, 48, 49, 1, 2, 3, 4, 5, 6, 7, 8, 9, 10, 11, 12, 13, 14, 15, 16, 17, 18, 19, 20, 21, 22, 23, 24, 25, 26, 27, 28, 29, 30, 31, 32, 33, 34, 35, 36, 37, 38, 39, 40, 41, 42, 43, 44, 45, 46, 47, 48, 49]], "val.top1": [[0.0, 0.0, 0.0, 0.0, 0.0, 0.29296875, 0.0, 0.0, 0.0, 4.1015625, 0.0, 0.0, 0.0, 0.0, 0.0, 0.0, 0.0, 0.0, 0.0, 0.0, 0.0, 0.0, 0.0, 0.0, 0.0, 0.0, 0.29296875, 0.09765625, 0.0, 0.0, 0.0, 0.0, 0.0, 0.0, 0.0, 0.0, 0.0, 0.0, 0.0, 0.0, 0.0, 0.0, 0.0, 0.0, 0.0, 0.0, 0.0, 0.0, 0.0], [0.0, 0.0, 0.0, 0.0, 0.0, 0.29296875, 0.0, 0.0, 0.09765625, 4.00390625, 0.0, 0.0, 0.0, 0.0, 0.0, 0.0, 0.0, 0.0, 0.0, 0.0, 0.0, 0.0, 0.0, 0.0, 0.0, 0.0, 0.390625, 0.0, 0.0, 0.0, 0.0, 0.0, 0.0, 0.0, 0.0, 0.0, 0.0, 0.0, 0.0, 0.0, 0.0, 0.0, 0.0, 0.0, 0.0, 0.0, 0.0, 0.0, 0.0], []], "val.top5": [[0.09765625, 0.390625, 0.48828125, 0.0, 4.8828125, 4.8828125, 0.0, 0.1953125, 0.48828125, 4.8828125, 0.0, 0.0, 0.0, 0.0, 0.0, 0.0, 0.0, 0.0, 0.0, 0.0, 0.0, 0.0, 0.0, 0.0, 0.0, 0.0, 3.3203125, 1.5625, 0.0, 0.0, 0.0, 0.0, 0.0, 0.0, 0.0, 0.0, 0.0, 0.0, 0.0, 0.0, 0.0, 2.9296875, 0.0, 0.0, 0.0, 0.0, 0.0, 0.0, 0.0], [0.09765625, 0.87890625, 0.0, 0.0, 4.8828125, 4.8828125, 0.0, 0.390625, 0.48828125, 4.6875, 0.0, 0.0, 0.0, 0.0, 0.0, 0.0, 0.0, 0.0, 0.0, 0.0, 0.0, 0.0, 0.0, 0.0, 0.0, 0.0, 4.8828125, 0.0, 0.0, 0.0, 0.0, 0.0, 0.0, 0.0, 0.0, 0.0, 0.0, 0.0, 0.0, 0.0, 0.0, 2.9296875, 0.0, 0.0, 0.0, 0.0, 0.0, 0.0, 0.09765625], []], "val.loss": [[721.5, 824.5, 787.0, 866.0, 778.0, 667.0, 772.5, 780.5, 688.5, 770.5, 768.5, 753.0, 777.0, 778.0, 861.0, 858.5, 736.0, 730.5, 838.0, 745.5, 726.0, 819.5, 779.0, 923.5, 811.0, 743.5, 713.5, 813.0, 817.0, 789.5, 712.0, 736.0, 825.5, 738.5, 841.0, 786.0, 770.5, 736.0, 726.0, 706.5, 847.5, 809.0, 828.0, 850.5, 769.0, 786.0, 887.0, 740.5, 798.5], [734.0, 807.5, 806.0, 877.5, 741.5, 681.0, 759.0, 776.0, 710.0, 767.5, 760.5, 747.0, 790.5, 809.5, 828.0, 876.0, 714.5, 752.5, 823.5, 727.0, 762.0, 797.5, 807.5, 904.0, 820.5, 715.5, 727.0, 832.0, 794.0, 793.5, 715.0, 739.5, 804.5, 756.5, 837.5, 780.5, 758.5, 752.5, 736.5, 709.0, 874.5, 747.0, 872.5, 816.0, 775.0, 802.0, 869.5, 757.0, 774.5], []], "val.compute_ips": [[196.47062405583597, 11429.989903210268, 16003.544638864876, 11100.544812168047, 10669.056262001228, 12328.398002181526, 10020.47808426598, 10327.568677051222, 15014.2183318185, 19286.06137459699, 11560.652289538, 9238.932655304521, 9795.238716004333, 8851.605761522116, 11759.78450544185, 17703.02909996208, 10707.490803205043, 19301.92254904164, 11470.099522231332, 14896.374191445011, 16651.290614726135, 12530.136143372689, 9950.276724052052, 10574.049180166428, 9431.715171012902, 12483.011337973929, 17143.52491118828, 13097.167684665372, 18564.803527123408, 8857.428946174468, 18583.59999307707, 17119.40345101103, 10505.200776828213, 10495.907410484746, 10320.148822725165, 13063.585612000948, 16514.785732962147, 14417.576808169239, 17499.978796138974, 11383.156235340264, 15853.326256187274, 14067.60788578129, 18823.8707607619, 14017.197048370304, 13794.216649537513, 8051.4835763481415, 19854.78527544968, 19354.98206890336, 14765.731196325556], [11778.586383356827, 13629.192066766096, 14713.37744297024, 17408.336188133057, 17702.299445227556, 15789.276062613504, 9977.900457198082, 9432.688734275072, 15413.262669834276, 10807.3689354346, 15263.99374509114, 10590.083700516563, 16077.649822751451, 18884.78782922218, 16658.84708264325, 11848.02222314175, 14384.018701041217, 18008.097609244367, 17514.751227469213, 17619.72807568131, 15859.004423569724, 10969.953836448109, 11153.412648248031, 10080.805005938215, 14933.718458147023, 13330.541903845557, 14985.301718002038, 11518.9193213575, 13903.84518217575, 7935.948913903076, 18567.532276193604, 14140.182444311291, 8863.076895773962, 17868.001664087333, 12072.585874826429, 13762.656600678045, 15047.568532649444, 13396.278008415235, 14051.039837209531, 14215.015062404225, 15893.747163527365, 12200.502499772749, 18529.722401504823, 12839.424645904208, 15796.8255163891, 13177.21198138302, 9720.353366391084, 13602.645476571284, 10098.843141081561], []], "val.total_ips": [[196.46150224070738, 11315.97579232194, 14673.766031083338, 11022.543894182772, 10592.460419163745, 12232.50566345116, 9958.374595401723, 10248.659660777521, 14862.147072359656, 9731.255117161125, 10167.359794710092, 9186.408067845188, 9728.852430646006, 8799.593711776793, 11661.69503417079, 17492.566299163853, 8948.351878126477, 19017.575543964365, 8633.325686902372, 14741.151967160788, 13791.426118173673, 10564.945504636804, 9880.506603541366, 10470.601146289673, 9369.965478122764, 12376.428691632951, 16933.05300342212, 9225.814640265671, 18317.925243530033, 8210.432003915039, 18364.214078340323, 11319.85297520683, 8596.450701631837, 10428.19615355666, 10257.912137148971, 12952.097369151155, 16336.575173541774, 12518.303373701161, 14819.021267786411, 9693.741555434179, 15699.012712824675, 11053.805796407678, 18570.18153517552, 10683.785636106744, 13657.926892169926, 7827.247587111824, 9032.775440758633, 12553.942306961571, 12834.245122501487], [11688.7669849011, 13509.627596966522, 12309.388727437392, 14640.004144908171, 14679.18238894832, 13760.936891446367, 9670.0828458854, 9379.173263802448, 15263.397050357156, 10265.610769054267, 15123.497043941225, 10523.398620554473, 15898.159560252449, 14122.700057214633, 13685.038732618754, 11754.055921817828, 14210.546972915385, 15554.825458680709, 12130.208816285953, 15245.680225190528, 13381.502839891202, 10898.35976787205, 11059.640876949936, 10016.575391920445, 14751.683133494304, 12553.758837387395, 14810.129916345404, 10866.429929336042, 13374.460645466661, 7889.084135564703, 18299.350233909656, 11186.558566442673, 8578.987803562653, 17607.737197909195, 10349.817571931177, 13610.57702314291, 14887.286597180579, 13067.281942065407, 13918.57908211214, 14092.117200060371, 15732.480937728938, 11186.383751881775, 18285.56045350238, 10607.686237317606, 15634.265678976393, 12626.352076528918, 9657.341200172687, 13475.294987277593, 10033.399668743445], []],