{"run": {"data": "/data/imagenet", "data_backend": "dali-cpu", "arch": "resnet50", "model_config": "fanin", "workers": 5, "epochs": 2, "start_epoch": 0, "batch_size": 256, "optimizer_batch_size": -1, "lr": 0.1, "lr_schedule": "step", "warmup": 0, "label_smoothing": 0.1, "mixup": 0.0, "true_weight_decay": false, "momentum": 0.9, "weight_decay": 0.0001, "bn_weight_decay": false, "nesterov": false, "print_freq": 1, "resume": "", "pretrained_weights": "", "fp16": true, "static_loss_scale": 128.0, "dynamic_loss_scale": false, "prof": 100, "local_rank": 0, "seed": null, "gather_checkpoints": false, "raport_file": "/data/workspace/./raport_8GPU_256BS_dali-cpu_inferencebench.json", "final_weights": "model.pth.tar", "evaluate": true, "training_only": false, "save_checkpoints": false, "workspace": "/data/workspace", "distributed": true, "gpu": 0, "world_size": 8}, "epoch": {"ep": [0, 1], "val.top1": [0.107421875, 0.10986328125], "val.top5": [0.486328125, 0.506591796875], "val.loss": [1437.88, 1434.3333333333333], "val.compute_ips": [11336.279194010656, 11794.804035284542], "val.total_ips": [10345.467294926146, 11102.151513533954], "val.data_time": [0.013764362335205078, 0.009326652604706434], "val.compute_time": [0.4106620407104492, 0.2956942587482686]}, "iter": {"it": [[], []], "val.it": [[1, 2, 3, 4, 5, 6, 7, 8, 9, 10, 11, 12, 13, 14, 15, 16, 17, 18, 19, 20, 21, 22, 23, 24, 25, 1, 2, 3, 4, 5, 6, 7, 8, 9, 10, 11, 12, 13, 14, 15, 16, 17, 18, 19, 20, 21, 22, 23, 24]], "val.top1": [[0.0, 0.0, 0.78125, 0.0, 0.0, 0.0, 1.904296875, 0.0, 0.0, 0.0, 0.0, 0.0, 0.0, 0.0, 0.0, 0.0, 0.0, 0.0, 0.0, 0.0, 0.0, 0.0, 0.0, 0.0, 0.0], [0.0, 0.1953125, 0.537109375, 0.0, 0.0, 1.904296875, 0.0, 0.0, 0.0, 0.0, 0.0, 0.0, 0.0, 0.0, 0.0, 0.0, 0.0, 0.0, 0.0, 0.0, 0.0, 0.0, 0.0, 0.0], []], "val.top5": [[0.0, 0.0, 2.44140625, 0.0, 0.0, 0.048828125, 2.44140625, 2.44140625, 2.44140625, 0.0, 0.0, 0.0, 0.0, 0.0, 0.0, 0.0, 0.0, 0.0, 0.0, 0.0, 0.0, 0.0, 0.0, 2.34375, 0.0], [0.0, 0.87890625, 1.5625, 0.0, 0.0, 2.490234375, 2.44140625, 0.0, 2.44140625, 0.0, 0.0, 0.0, 0.0, 0.0, 0.0, 0.0, 0.0, 0.0, 0.0, 0.0, 0.0, 0.0, 2.34375, 0.0], []], "val.loss": [[1474.0, 1394.0, 1305.0, 1417.0, 1364.0, 1389.0, 1396.0, 1375.0, 1400.0, 1438.0, 1455.0, 1357.0, 1549.0, 1440.0, 1429.0, 1342.0, 1552.0, 1459.0, 1497.0, 1475.0, 1491.0, 1493.0, 1466.0, 1454.0, 1536.0], [1428.0, 1309.0, 1389.0, 1364.0, 1354.0, 1404.0, 1417.0, 1378.0, 1412.0, 1472.0, 1384.0, 1418.0, 1525.0, 1449.0, 1381.0, 1412.0, 1523.0, 1521.0, 1472.0, 1504.0, 1420.0, 1538.0, 1456.0, 1494.0], []], "val.compute_ips": [[351.2407907255042, 14146.65631103777, 15046.11888100864, 8816.582477755665, 9916.825704977384, 9269.830294985728, 9783.09003586401, 10531.049167746547, 8177.587899743342, 15412.488323022379, 10308.952405640564, 9148.895512214242, 15491.343703054468, 14836.323520674288, 9223.902644670874, 8529.994321900009, 9566.811256179773, 13829.260607075355, 9897.572128962083, 15696.631670890842, 15000.767667947883, 10279.861600176158, 20511.07246266073, 10236.641726728445, 9397.478734623683], [10477.178229258017, 13981.058844592593, 9518.68190406115, 10654.935718866325, 9925.78666444808, 15925.187371730815, 12858.72153096296, 13186.901717687622, 8757.116707054374, 10090.97760114843, 12896.308673021287, 14516.424626397788, 11492.996566792346, 8068.348157039993, 17231.183648906444, 18144.273615194837, 10398.65602339776, 16118.619289949711, 13096.508727768927, 10370.284251776484, 15637.111739755703, 13471.300879640303, 8858.99100790096, 8860.864381323343], []], "val.total_ips": [[351.2284540555747, 14020.17123345803, 12803.579949947905, 8576.717869762695, 9735.77714761092, 9228.540356101896, 9741.993519653686, 10482.765655318182, 8148.892104621567, 15314.501627735326, 9228.00499755601, 9112.24868672296, 15375.328391950356, 9468.935912783712, 9180.29160419069, 8498.406751288621, 9524.645170446986, 13744.753019788435, 9164.571557818324, 15585.446804959076, 14372.226075666415, 10237.141911225784, 8838.881694937927, 8543.925552897646, 9357.706322654863], [10437.801157766318, 13899.210687101951, 9480.65125837565, 10607.80413324689, 9877.359507577108, 15795.344092882478, 11229.259820121313, 13114.363913392632, 8722.401706719957, 10047.98809672812, 12817.81345239019, 14417.43161654375, 11442.109136440531, 8039.080704000479, 17110.162382453884, 13424.541611707415, 8974.322785550708, 16002.888724118531, 13028.179289738904, 10327.245852839835, 15532.970458198994, 13396.967477405116, 8820.93729795895, 8821.906626750402], []], "val.data_time": [[0.0002048015594482422, 0.0013060569763183594, 0.02384042739868164, 0.006496429443359375, 0.0038404464721679688, 0.0009884834289550781, 0.0008831024169921875, 0.0008957386016845703, 0.0008819103240966797, 0.0008502006530761719, 0.023270845413208008, 0.0009002685546875, 0.0009975433349609375, 0.0782465934753418, 0.0010547637939453125, 0.0008924007415771484, 0.0009477138519287109, 0.0009105205535888672, 0.01654982566833496, 0.0009307861328125, 0.00597071647644043, 0.0008313655853271484, 0.13185501098632812, 0.039636850357055664, 0.0009262561798095703], [0.0007374286651611328, 0.0008625984191894531, 0.0008630752563476562, 0.0008540153503417969, 0.0010116100311279297, 0.0010571479797363281, 0.023111343383789062, 0.0008590221405029297, 0.0009307861328125, 0.0008683204650878906, 0.0009725093841552734, 0.0009686946868896484, 0.0007925033569335938, 0.0009241104125976562, 0.0008406639099121094, 0.03968334197998047, 0.03125810623168945, 0.0009188652038574219, 0.000820159912109375, 0.0008230209350585938, 0.0008780956268310547, 0.0008435249328613281, 0.000997304916381836, 0.001020669937133789], []], "val.compute_time": [[5.8307578563690186, 0.14476919174194336, 0.13611483573913574, 0.23228955268859863, 0.20651769638061523, 0.2209317684173584, 0.20934081077575684, 0.1944725513458252, 0.2504405975341797, 0.13287925720214844, 0.19866228103637695, 0.22385215759277344, 0.1322028636932373, 0.13803958892822266, 0.222031831741333, 0.24009394645690918, 0.21407341957092285, 0.14809179306030273, 0.20691943168640137, 0.13047385215759277, 0.13652634620666504, 0.19922447204589844, 0.09984850883483887, 0.20006561279296875, 0.21793079376220703], [0.19547247886657715, 0.1464838981628418, 0.21515583992004395, 0.19221138954162598, 0.2063312530517578, 0.1286013126373291, 0.1592693328857422, 0.1553056240081787, 0.23386693000793457, 0.20295357704162598, 0.15880513191223145, 0.1410815715789795, 0.17819547653198242, 0.2538313865661621, 0.11885428428649902, 0.11287307739257812, 0.19694852828979492, 0.1270580291748047, 0.15637755393981934, 0.19748735427856445, 0.13097047805786133, 0.15202689170837402, 0.23117756843566895, 0.23112869262695312], []]}, "event": {}}