{"run": {"data": "/data/imagenet", "data_backend": "pytorch", "arch": "resnet50", "model_config": "fanin", "workers": 5, "epochs": 2, "start_epoch": 0, "batch_size": 256, "optimizer_batch_size": -1, "lr": 0.1, "lr_schedule": "step", "warmup": 0, "label_smoothing": 0.1, "mixup": 0.0, "true_weight_decay": false, "momentum": 0.9, "weight_decay": 0.0001, "bn_weight_decay": false, "nesterov": false, "print_freq": 1, "resume": "", "pretrained_weights": "", "fp16": true, "static_loss_scale": 128.0, "dynamic_loss_scale": false, "prof": 100, "local_rank": 0, "seed": null, "gather_checkpoints": false, "raport_file": "/data/workspace/./raport_8GPU_256BS_pytorch_inferencebench.json", "final_weights": "model.pth.tar", "evaluate": true, "training_only": false, "save_checkpoints": false, "workspace": "/data/workspace", "distributed": true, "gpu": 0, "world_size": 8}, "epoch": {"ep": [0, 1], "val.top1": [0.09765625, 0.09765625], "val.top5": [0.49933667421340944, 0.5021005296707153], "val.loss": [924.06, 923.4], "val.compute_ips": [14469.09300364198, 14132.35545840957], "val.total_ips": [13426.966729368738, 12308.629390217262], "val.data_time": [0.11057618141174316, 0.12216249465942383], "val.compute_time": [0.514613332748413, 0.3772170734405518]}, "iter": {"it": [[], []], "val.it": [[1, 2, 3, 4, 5, 6, 7, 8, 9, 10, 11, 12, 13, 14, 15, 16, 17, 18, 19, 20, 21, 22, 23, 24, 25, 1, 2, 3, 4, 5, 6, 7, 8, 9, 10, 11, 12, 13, 14, 15, 16, 17, 18, 19, 20, 21, 22, 23, 24, 25]], "val.top1": [[0.0, 0.244140625, 0.09765625, 0.146484375, 0.048828125, 0.048828125, 0.0, 0.244140625, 0.0, 0.09765625, 0.09765625, 0.146484375, 0.09765625, 0.09765625, 0.0, 0.09765625, 0.09765625, 0.09765625, 0.048828125, 0.1953125, 0.146484375, 0.244140625, 0.146484375, 0.0, 0.0], [0.146484375, 0.0, 0.1953125, 0.1953125, 0.048828125, 0.244140625, 0.146484375, 0.09765625, 0.09765625, 0.244140625, 0.244140625, 0.0, 0.09765625, 0.048828125, 0.09765625, 0.048828125, 0.048828125, 0.09765625, 0.1953125, 0.0, 0.0, 0.0, 0.048828125, 0.09765625, 0.0], []], "val.top5": [[0.537109375, 0.634765625, 0.390625, 0.48828125, 0.537109375, 0.537109375, 0.830078125, 0.439453125, 0.68359375, 0.1953125, 0.48828125, 0.439453125, 0.439453125, 0.634765625, 0.5859375, 0.68359375, 0.537109375, 0.341796875, 0.830078125, 0.439453125, 0.341796875, 0.537109375, 0.244140625, 0.1953125, 0.4716981053352356], [0.48828125, 0.439453125, 0.5859375, 0.537109375, 0.390625, 0.68359375, 0.537109375, 0.537109375, 0.634765625, 0.48828125, 0.634765625, 0.244140625, 0.341796875, 0.439453125, 0.48828125, 0.48828125, 0.439453125, 0.634765625, 0.732421875, 0.390625, 0.439453125, 0.48828125, 0.537109375, 0.341796875, 0.5896226167678833], []], "val.loss": [[909.0, 917.5, 917.0, 919.0, 929.0, 926.5, 931.0, 930.0, 912.5, 926.5, 934.5, 913.5, 911.5, 927.0, 926.0, 909.0, 930.5, 926.0, 923.5, 931.0, 929.5, 934.5, 922.0, 935.5, 929.5], [931.5, 916.0, 916.5, 929.0, 912.0, 921.5, 935.5, 921.5, 919.5, 923.0, 921.0, 925.5, 929.0, 915.5, 945.5, 919.0, 926.5, 932.0, 931.0, 921.5, 922.5, 910.0, 922.0, 936.0, 902.0], []], "val.compute_ips": [[321.6731215981591, 17284.30093022039, 20449.936773741985, 20840.453088001243, 20789.812169030447, 20085.849754829174, 20661.049396880375, 20776.939095772985, 20715.25969512886, 20730.75775719971, 20603.41504084736, 6316.987672587815, 7432.526673369547, 16738.671286237357, 9999.19050407246, 20633.653990924966, 3630.2088894730323, 7333.237655053485, 19316.810682569987, 10361.465419099739, 20459.97077941411, 7421.5265582948505, 7556.433610639258, 20937.01685942356, 330.17768663858845], [6352.985032282876, 10283.787517853103, 10560.607272736213, 20709.765951342528, 3036.2846169126938, 11651.36594926802, 12557.502678174631, 20573.26459239957, 20590.37684272092, 2567.2510097233503, 20953.666412163464, 7451.236612827674, 11302.709107631821, 20113.315847025242, 2112.5936359538136, 20863.12952240314, 8855.931345905621, 13565.86775152321, 20732.609075111024, 4305.069140738743, 20935.230903463234, 13260.041728542186, 20814.59744892025, 21003.466190030245, 19737.791643775563], []], "val.total_ips": [[254.573936954566, 15863.48543558434, 19523.199810903076, 20637.966921339677, 20640.744014378946, 19924.32547178564, 20475.528320326466, 20585.294443845334, 20551.16439621224, 20547.57575511122, 20442.97720554987, 2364.3689886011225, 7408.590401015649, 9431.176690433267, 9969.458397794864, 20517.343358803057, 2884.8604768082655, 6095.026797745036, 12894.97286180507, 10337.872394300768, 20348.399930829128, 6387.542035774969, 6440.732878504659, 20826.406319250145, 320.58099056113144], [844.0711257675554, 10060.615484798867, 10519.635486343965, 20533.38096285318, 2026.3968130362236, 5838.5361217143545, 12488.601109007854, 20430.77290749475, 20445.36141914262, 2291.623928577622, 8697.355631403465, 7426.749637089418, 11263.065507222052, 19899.308712674032, 1946.8054791093036, 7693.399650525332, 8837.735868002934, 13522.621979229472, 20627.212740462543, 4301.156660434365, 10319.913249596031, 13227.412507468387, 20701.6804686954, 20894.44114120031, 4919.446684794786], []], "val.data_time": [[1.6781024932861328, 0.01061248779296875, 0.004753828048706055, 0.0009641647338867188, 0.0007114410400390625, 0.0008265972137451172, 0.0008981227874755859, 0.0009176731109619141, 0.0007894039154052734, 0.0008807182312011719, 0.0007801055908203125, 0.5419878959655762, 0.0008902549743652344, 0.09480071067810059, 0.0006108283996582031, 0.0005626678466796875, 0.14575815200805664, 0.05673527717590332, 0.05279994010925293, 0.00045108795166015625, 0.0005488395690917969, 0.04467010498046875, 0.046948909759521484, 0.0005195140838623047, 0.07688331604003906], [2.1039676666259766, 0.0044176578521728516, 0.00075531005859375, 0.0008494853973388672, 0.3361523151397705, 0.17499947547912598, 0.0008997917175292969, 0.00069427490234375, 0.0007054805755615234, 0.09594893455505371, 0.13773441314697266, 0.0009062290191650391, 0.0006377696990966797, 0.0010950565338134766, 0.08255529403686523, 0.16803860664367676, 0.0004761219024658203, 0.00048279762268066406, 0.0005047321319580078, 0.00043272972106933594, 0.10062575340270996, 0.0003809928894042969, 0.0005366802215576172, 0.0005087852478027344, 0.12941384315490723], []], "val.compute_time": [[6.366711616516113, 0.11848902702331543, 0.10014700889587402, 0.09827041625976562, 0.0985097885131836, 0.10196232795715332, 0.09912371635437012, 0.0985708236694336, 0.09886431694030762, 0.09879040718078613, 0.09940099716186523, 0.3242051601409912, 0.275545597076416, 0.12235140800476074, 0.20481657981872559, 0.09925532341003418, 0.564154863357544, 0.27927637100219727, 0.10602164268493652, 0.19765543937683105, 0.1000978946685791, 0.275954008102417, 0.2710273265838623, 0.09781718254089355, 2.5683140754699707], [0.32236814498901367, 0.19914841651916504, 0.19392824172973633, 0.09889054298400879, 0.6745085716247559, 0.17577338218688965, 0.16308975219726562, 0.09954667091369629, 0.09946393966674805, 0.7977404594421387, 0.09773945808410645, 0.2748537063598633, 0.18119549751281738, 0.10182309150695801, 0.9694244861602783, 0.09816360473632812, 0.23125743865966797, 0.15096712112426758, 0.09878158569335938, 0.47571825981140137, 0.09782552719116211, 0.1544489860534668, 0.09839248657226562, 0.09750771522521973, 0.042963266372680664], []]}, "event": {}}