{"run": {"data": "/data/imagenet", "data_backend": "pytorch", "arch": "resnet50", "model_config": "fanin", "workers": 5, "epochs": 2, "start_epoch": 0, "batch_size": 128, "optimizer_batch_size": -1, "lr": 0.1, "lr_schedule": "step", "warmup": 0, "label_smoothing": 0.1, "mixup": 0.1, "momentum": 0.9, "weight_decay": 0.0001, "bn_weight_decay": false, "nesterov": false, "print_freq": 1, "resume": "", "pretrained_weights": "", "fp16": false, "static_loss_scale": 128.0, "dynamic_loss_scale": false, "prof": 100, "amp": true, "local_rank": 0, "seed": null, "gather_checkpoints": false, "raport_file": "/data/workspace/./raport_8GPU_128BS_pytorch_inferencebench.json", "final_weights": "model.pth.tar", "evaluate": true, "training_only": false, "save_checkpoints": false, "workspace": "/data/workspace", "distributed": true, "gpu": 0, "world_size": 8}, "epoch": {"ep": [0, 1], "val.top1": [0.10604182706803691, 0.10645546536056363], "val.top5": [0.500314364627916, 0.5007280026163373], "val.loss": [1222.4336734693877, 1222.295918367347], "val.compute_ips": [13758.510747403378, 14216.223120568387], "val.total_ips": [12144.985331459251, 12327.626425415978], "val.data_time": [0.08527538727740852, 0.06939133332700145], "val.compute_time": [0.2775797114080312, 0.20440338339124406]}, "iter": {"it": [[], []], "val.it": [[1, 2, 3, 4, 5, 6, 7, 8, 9, 10, 11, 12, 13, 14, 15, 16, 17, 18, 19, 20, 21, 22, 23, 24, 25, 26, 27, 28, 29, 30, 31, 32, 33, 34, 35, 36, 37, 38, 39, 40, 41, 42, 43, 44, 45, 46, 47, 48, 49, 1, 2, 3, 4, 5, 6, 7, 8, 9, 10, 11, 12, 13, 14, 15, 16, 17, 18, 19, 20, 21, 22, 23, 24, 25, 26, 27, 28, 29, 30, 31, 32, 33, 34, 35, 36, 37, 38, 39, 40, 41, 42, 43, 44, 45, 46, 47, 48, 49]], "val.top1": [[0.0, 0.1953125, 0.1953125, 0.09765625, 0.0, 0.1953125, 0.09765625, 0.0, 0.09765625, 0.09765625, 0.1953125, 0.09765625, 0.0, 0.09765625, 0.09765625, 0.0, 0.29296875, 0.29296875, 0.09765625, 0.0, 0.09765625, 0.09765625, 0.0, 0.29296875, 0.09765625, 0.0, 0.0, 0.09765625, 0.09765625, 0.0, 0.0, 0.09765625, 0.09765625, 0.29296875, 0.0, 0.1953125, 0.0, 0.1953125, 0.0, 0.1953125, 0.1953125, 0.09765625, 0.1953125, 0.09765625, 0.09765625, 0.0, 0.09765625, 0.29296875, 0.1179245263338089], [0.1953125, 0.09765625, 0.09765625, 0.09765625, 0.09765625, 0.0, 0.1953125, 0.0, 0.29296875, 0.0, 0.1953125, 0.1953125, 0.09765625, 0.1953125, 0.0, 0.1953125, 0.0, 0.0, 0.1953125, 0.09765625, 0.09765625, 0.09765625, 0.0, 0.09765625, 0.29296875, 0.0, 0.0, 0.0, 0.1953125, 0.0, 0.09765625, 0.29296875, 0.09765625, 0.09765625, 0.0, 0.0, 0.09765625, 0.1953125, 0.09765625, 0.0, 0.0, 0.1953125, 0.1953125, 0.09765625, 0.09765625, 0.1953125, 0.09765625, 0.09765625, 0.2358490526676178], []], "val.top5": [[0.5859375, 0.390625, 0.68359375, 0.68359375, 0.1953125, 0.390625, 0.5859375, 0.1953125, 0.29296875, 0.48828125, 0.29296875, 0.78125, 0.29296875, 0.1953125, 0.29296875, 0.29296875, 0.48828125, 0.5859375, 0.48828125, 0.68359375, 0.5859375, 0.87890625, 0.390625, 0.9765625, 0.09765625, 0.5859375, 0.09765625, 0.390625, 0.5859375, 0.390625, 0.5859375, 0.48828125, 0.68359375, 0.390625, 0.5859375, 0.48828125, 0.48828125, 0.48828125, 0.29296875, 0.5859375, 0.78125, 0.78125, 0.390625, 0.48828125, 0.87890625, 0.5859375, 0.5859375, 0.48828125, 0.5896226167678833], [0.5859375, 0.78125, 0.48828125, 0.390625, 0.5859375, 0.29296875, 0.5859375, 0.68359375, 0.68359375, 0.29296875, 0.5859375, 0.5859375, 0.390625, 0.48828125, 0.29296875, 0.48828125, 0.1953125, 0.390625, 0.29296875, 0.29296875, 0.68359375, 0.5859375, 0.390625, 0.390625, 0.78125, 0.48828125, 0.68359375, 0.29296875, 0.87890625, 0.390625, 0.29296875, 1.26953125, 0.390625, 0.5859375, 0.29296875, 0.29296875, 0.390625, 0.29296875, 0.48828125, 0.1953125, 0.68359375, 0.68359375, 0.48828125, 0.48828125, 0.29296875, 0.78125, 0.68359375, 0.29296875, 0.707547128200531], []], "val.loss": [[1249.875, 1224.25, 1215.5, 1227.625, 1217.375, 1199.75, 1238.75, 1213.625, 1212.125, 1241.125, 1223.75, 1225.75, 1200.0, 1234.625, 1237.0, 1237.25, 1213.875, 1202.75, 1212.25, 1215.875, 1247.625, 1222.5, 1206.375, 1197.0, 1242.5, 1224.625, 1248.0, 1231.625, 1245.125, 1207.5, 1229.625, 1207.625, 1198.75, 1237.75, 1199.0, 1195.125, 1220.5, 1211.875, 1225.25, 1235.875, 1216.125, 1217.5, 1237.125, 1197.0, 1230.0, 1247.5, 1238.375, 1213.375, 1224.875], [1216.875, 1224.875, 1216.375, 1226.875, 1214.5, 1214.625, 1221.25, 1233.875, 1214.25, 1219.0, 1206.5, 1218.0, 1204.25, 1244.0, 1235.25, 1210.625, 1223.25, 1239.875, 1213.5, 1233.125, 1215.75, 1221.375, 1225.5, 1205.5, 1245.0, 1227.375, 1227.375, 1227.125, 1217.625, 1228.0, 1201.625, 1224.375, 1219.0, 1199.125, 1221.375, 1223.0, 1224.5, 1223.875, 1216.0, 1231.25, 1228.25, 1231.25, 1199.125, 1216.5, 1223.75, 1236.75, 1237.75, 1261.625, 1201.875], []], "val.compute_ips": [[174.31378880053586, 14512.574154919108, 20011.589086029522, 20051.856484572327, 20049.42276828853, 19918.41178325635, 19986.445857027185, 20069.471722623304, 19973.247716661397, 20018.304634773853, 20016.811901122255, 3999.381041951452, 4880.982995412182, 20230.84200510603, 12680.404996619516, 19941.71725726172, 2685.081210102484, 8238.21235376822, 13158.278277493198, 19228.900859598853, 19386.695506946766, 3238.1854683906963, 6697.2721015560555, 20286.551713388282, 19695.992882790753, 19903.366201556135, 2440.6038287370648, 5692.339994990172, 12250.649035485794, 19749.518540317833, 19802.331556719473, 2927.73537160709, 4847.592884875847, 16146.614997105242, 19803.70115779912, 20006.64857436987, 2383.304475985319, 6033.104784379829, 4035.959589353255, 19374.189936170693, 19054.27646878757, 9749.368490345896, 18086.96673994155, 3546.9303301602035, 19493.51555862169, 19951.9073889978, 19205.6848186737, 20146.47842504468, 403.28890427918697], [9997.200520463575, 20252.019540164845, 19898.663355602708, 16611.169195425417, 2794.7634362772815, 19654.801830496064, 18738.459272444874, 19505.20125706189, 18417.369044862393, 1444.8350692230968, 20217.224057503023, 19821.24879894778, 19687.145255109757, 19537.94254572914, 3105.5327319857847, 17798.767942910898, 19937.736671324255, 19500.241977371374, 19332.50494456773, 1650.5741682214975, 20228.55519446878, 19023.387632710732, 15878.176291613523, 17188.53220423093, 2323.374732093109, 20217.890243558, 19335.464059172824, 19235.3597241194, 19721.85903929249, 2149.2718421726877, 7176.567111856715, 10868.217234416199, 15447.30001438642, 16747.580632708527, 4239.845070241787, 5583.789720288357, 19619.69611394585, 20095.576581339745, 19871.779988340568, 2740.5145545082605, 10329.804167548535, 19969.440228383322, 12631.699472082115, 19949.4052105735, 3327.768128338931, 14121.167762065554, 20070.878527033972, 20171.268268169544, 12855.267827582966], []],