{"run": {"data": "/data/imagenet", "data_backend": "pytorch", "arch": "resnet50", "model_config": "fanin", "workers": 5, "epochs": 2, "start_epoch": 0, "batch_size": 224, "optimizer_batch_size": -1, "lr": 0.1, "lr_schedule": "step", "warmup": 0, "label_smoothing": 0.1, "mixup": 0.1, "momentum": 0.9, "weight_decay": 0.0001, "bn_weight_decay": false, "nesterov": false, "print_freq": 1, "resume": "", "pretrained_weights": "", "fp16": false, "static_loss_scale": 128.0, "dynamic_loss_scale": false, "prof": 100, "amp": true, "local_rank": 0, "seed": null, "gather_checkpoints": false, "raport_file": "/data/workspace/./raport_8GPU_224BS_pytorch_inferencebench.json", "final_weights": "model.pth.tar", "evaluate": true, "training_only": false, "save_checkpoints": false, "workspace": "/data/workspace", "distributed": true, "gpu": 0, "world_size": 8}, "epoch": {"ep": [0, 1], "val.top1": [0.0899013691980924, 0.0896843107683318], "val.top5": [0.4794016235641071, 0.47896750883332323], "val.loss": [1020.7522321428571, 1020.8236607142857], "val.compute_ips": [14266.42151033366, 14126.422980187168], "val.total_ips": [13634.917004353718, 12433.081678286942], "val.data_time": [0.1279948694365365, 0.156041613646916], "val.compute_time": [0.481272782598223, 0.3244777321815491]}, "iter": {"it": [[], []], "val.it": [[1, 2, 3, 4, 5, 6, 7, 8, 9, 10, 11, 12, 13, 14, 15, 16, 17, 18, 19, 20, 21, 22, 23, 24, 25, 26, 27, 28, 1, 2, 3, 4, 5, 6, 7, 8, 9, 10, 11, 12, 13, 14, 15, 16, 17, 18, 19, 20, 21, 22, 23, 24, 25, 26, 27, 28]], "val.top1": [[0.0558035708963871, 0.0558035708963871, 0.0558035708963871, 0.1116071417927742, 0.1116071417927742, 0.0558035708963871, 0.2790178656578064, 0.0558035708963871, 0.1116071417927742, 0.0, 0.1116071417927742, 0.1674107164144516, 0.1674107164144516, 0.0, 0.1674107164144516, 0.0, 0.1116071417927742, 0.0, 0.0558035708963871, 0.2232142835855484, 0.0558035708963871, 0.1674107164144516, 0.1674107164144516, 0.0558035708963871, 0.0558035708963871, 0.0, 0.0558035708963871, 0.06188118830323219], [0.0558035708963871, 0.1116071417927742, 0.1116071417927742, 0.1116071417927742, 0.0, 0.1674107164144516, 0.1674107164144516, 0.1674107164144516, 0.0, 0.0558035708963871, 0.1116071417927742, 0.1116071417927742, 0.1116071417927742, 0.1116071417927742, 0.0, 0.1116071417927742, 0.1116071417927742, 0.0558035708963871, 0.2232142835855484, 0.0558035708963871, 0.0558035708963871, 0.1116071417927742, 0.0558035708963871, 0.1116071417927742, 0.1116071417927742, 0.0558035708963871, 0.0558035708963871, 0.0], []], "val.top5": [[0.7254464626312256, 0.390625, 0.5580357313156128, 0.390625, 0.4464285671710968, 0.3348214328289032, 0.4464285671710968, 0.2790178656578064, 0.390625, 0.2790178656578064, 0.613839328289032, 0.6696428656578064, 0.6696428656578064, 0.2790178656578064, 0.5022321343421936, 0.2790178656578064, 0.4464285671710968, 0.5022321343421936, 0.6696428656578064, 0.5580357313156128, 0.3348214328289032, 0.7254464626312256, 0.6138392686843872, 0.3348214328289032, 0.5022321343421936, 0.5580357313156128, 0.613839328289032, 0.30940595269203186], [0.2790178656578064, 0.2790178656578064, 0.5580357313156128, 0.613839328289032, 0.7254465222358704, 0.6696428656578064, 0.6696428656578064, 0.6138392686843872, 0.1116071417927742, 0.5580357313156128, 0.613839328289032, 0.3348214328289032, 0.8370535373687744, 0.390625, 0.78125, 0.5022321939468384, 0.5022321343421936, 0.2790178656578064, 0.5580357313156128, 0.390625, 0.3348214328289032, 0.390625, 0.3348214328289032, 0.390625, 0.5022321343421936, 0.6138392686843872, 0.390625, 0.18564356863498688], []], "val.loss": [[1017.3125, 1025.0, 1038.8125, 1003.0, 1020.0, 992.875, 1027.0, 1027.25, 1021.0, 1026.125, 1017.6875, 1011.9375, 1034.3125, 1024.8125, 1023.625, 1017.5, 1015.5625, 1029.375, 1027.0625, 1021.1875, 1032.6875, 1001.5625, 1026.4375, 1005.875, 1022.875, 1025.875, 1031.25, 1013.0625], [1013.75, 1001.375, 1011.8125, 1027.375, 1014.1875, 1021.3125, 1019.3125, 1022.375, 1035.75, 1039.5625, 1020.625, 1019.8125, 1028.1875, 1002.6875, 1006.375, 1029.0625, 1034.5625, 1027.0625, 1029.25, 1009.4375, 1029.75, 1023.8125, 1020.8125, 1010.5, 1004.5, 1020.375, 1030.75, 1028.6875], []], "val.compute_ips": [[273.7782084036171, 17953.27578686884, 20538.34655794775, 20445.326659848106, 20494.99981730578, 20355.846517170405, 20418.943729811817, 20432.543259010366, 20388.480012152482, 20481.093808415673, 20540.479414955687, 10486.608525801474, 4929.6304564119955, 9924.908515184086, 20502.994538858125, 20518.498573624194, 4495.526878864926, 4334.270460536141, 7880.3269140441525, 20485.503710790046, 20379.634900449826, 4735.391143609213, 3704.5581101915122, 10219.049647318589, 13086.113976502706, 20370.90788065057, 20458.181750877127, 624.5825337372021], [20391.79890881171, 19394.774609908214, 10786.202693898404, 19410.201116135413, 5914.289668435295, 6320.5740239143, 20229.616863682364, 10713.52707462359, 20081.201122124556, 20666.765932056587, 9670.23836346092, 9409.68482620823, 8161.108005954546, 20509.148570181183, 3472.56795635654, 7195.744670584845, 20321.44909088451, 11108.029717207693, 20394.454804214456, 5390.3359177500015, 7477.41489435786, 20208.784971244357, 13245.979726205078, 20494.4968615539, 6531.599816814006, 14617.482901328687, 20504.616606785774, 18997.794886456002], []], "val.total_ips": [[209.21487639951656, 15926.802935237041, 20368.75489287437, 20265.452194334124, 20288.64628316458, 20132.892885363846, 20177.319534934915, 20100.803016647722, 20210.90427225401, 20177.969551269143, 20279.832844068384, 1973.661062603837, 4913.979945775008, 9842.908753756801, 20110.80665384132, 20275.51103713755, 1779.3254522000832, 4317.727890163864, 7836.068938123124, 20238.168724268755, 20257.91460952766, 4048.202736721686, 3697.6199607322437, 10146.993669766758, 12979.182670921575, 20263.97700814744, 20359.76143175619, 597.2722899125416], [749.4565699760202, 18052.49588809469, 10705.958017653837, 19190.410065770662, 1725.4503291494455, 5356.591744247121, 19993.33067684573, 10666.25905459293, 19908.440390106425, 2416.2034393690255, 4911.231421142976, 9370.92341374134, 8116.225304782576, 20229.83465575712, 1821.85691518281, 5374.91330564423, 19874.380972275474, 11050.835728158765, 20241.329839576225, 3187.596330710999, 6184.538037718461, 19980.150001462054, 13205.7642279851, 20340.422082701883, 3885.4598139720983, 10344.604067543743, 20410.072172031098, 7180.163395971775], []], "val.data_time": [[2.0199122428894043, 0.012700080871582031, 0.0007264614105224609, 0.0007779598236083984, 0.0008893013000488281, 0.0009748935699462891, 0.0010509490966796875, 0.001447439193725586, 0.0007722377777099609, 0.001314401626586914, 0.0011212825775146484, 0.7370727062225342, 0.0011577606201171875, 0.0015041828155517578, 0.0017044544219970703, 0.0010466575622558594, 0.6085047721862793, 0.0015840530395507812, 0.0012843608856201172, 0.0010690689086914062, 0.0005283355712890625, 0.0642385482788086, 0.0009076595306396484, 0.001245260238647461, 0.0011281967163085938, 0.0004642009735107422, 0.000423431396484375, 0.11830544471740723], [2.303187370300293, 0.0068700313568115234, 0.001245260238647461, 0.0010573863983154297, 0.73557448387146, 0.05102252960205078, 0.001046895980834961, 0.0007412433624267578, 0.000774383544921875, 0.6549501419067383, 0.1795670986175537, 0.0007877349853515625, 0.0012142658233642578, 0.0012063980102539062, 0.46756720542907715, 0.08436465263366699, 0.001983642578125, 0.0008349418640136719, 0.0006647109985351562, 0.22973227500915527, 0.050099849700927734, 0.00101470947265625, 0.0004119873046875, 0.0006623268127441406, 0.18684816360473633, 0.05063748359680176, 0.0004048347473144531, 0.14000201225280762], []],