{"run": {"data": "/data/imagenet", "data_backend": "dali-gpu", "arch": "resnet50", "model_config": "fanin", "workers": 5, "epochs": 2, "start_epoch": 0, "batch_size": 128, "optimizer_batch_size": -1, "lr": 0.1, "lr_schedule": "step", "warmup": 0, "label_smoothing": 0.1, "mixup": 0.1, "momentum": 0.9, "weight_decay": 0.0001, "bn_weight_decay": false, "nesterov": false, "print_freq": 1, "resume": "", "pretrained_weights": "", "fp16": false, "static_loss_scale": 128.0, "dynamic_loss_scale": false, "prof": 100, "amp": true, "local_rank": 0, "seed": null, "gather_checkpoints": false, "raport_file": "/data/workspace/./raport_8GPU_128BS_dali-gpu_inferencebench.json", "final_weights": "model.pth.tar", "evaluate": true, "training_only": false, "save_checkpoints": false, "workspace": "/data/workspace", "distributed": true, "gpu": 0, "world_size": 8}, "epoch": {"ep": [0, 1], "val.top1": [0.09964923469387756, 0.09964923469387756], "val.top5": [0.4842952806122449, 0.4842952806122449], "val.loss": [1001.4030612244898, 1001.8316326530612], "val.compute_ips": [12818.75952713279, 13237.85662383181], "val.total_ips": [11581.847480330136, 12173.495470962953], "val.data_time": [0.007136729298805704, 0.0061778219378724394], "val.compute_time": [0.16791872102387098, 0.12308810195144342]}, "iter": {"it": [[], []], "val.it": [[1, 2, 3, 4, 5, 6, 7, 8, 9, 10, 11, 12, 13, 14, 15, 16, 17, 18, 19, 20, 21, 22, 23, 24, 25, 26, 27, 28, 29, 30, 31, 32, 33, 34, 35, 36, 37, 38, 39, 40, 41, 42, 43, 44, 45, 46, 47, 48, 49, 1, 2, 3, 4, 5, 6, 7, 8, 9, 10, 11, 12, 13, 14, 15, 16, 17, 18, 19, 20, 21, 22, 23, 24, 25, 26, 27, 28, 29, 30, 31, 32, 33, 34, 35, 36, 37, 38, 39, 40, 41, 42, 43, 44, 45, 46, 47, 48, 49]], "val.top1": [[0.0, 0.0, 0.0, 0.0, 0.0, 0.0, 0.0, 0.0, 0.0, 4.8828125, 0.0, 0.0, 0.0, 0.0, 0.0, 0.0, 0.0, 0.0, 0.0, 0.0, 0.0, 0.0, 0.0, 0.0, 0.0, 0.0, 0.0, 0.0, 0.0, 0.0, 0.0, 0.0, 0.0, 0.0, 0.0, 0.0, 0.0, 0.0, 0.0, 0.0, 0.0, 0.0, 0.0, 0.0, 0.0, 0.0, 0.0, 0.0, 0.0], [0.0, 0.0, 0.0, 0.0, 0.0, 0.0, 0.0, 0.0, 0.1953125, 4.6875, 0.0, 0.0, 0.0, 0.0, 0.0, 0.0, 0.0, 0.0, 0.0, 0.0, 0.0, 0.0, 0.0, 0.0, 0.0, 0.0, 0.0, 0.0, 0.0, 0.0, 0.0, 0.0, 0.0, 0.0, 0.0, 0.0, 0.0, 0.0, 0.0, 0.0, 0.0, 0.0, 0.0, 0.0, 0.0, 0.0, 0.0, 0.0, 0.0], []], "val.top5": [[0.0, 0.0, 0.0, 0.0, 4.8828125, 0.0, 0.0, 0.0, 0.0, 4.8828125, 0.0, 0.0, 0.0, 0.0, 0.0, 0.0, 0.390625, 4.4921875, 0.0, 0.0, 0.0, 0.0, 0.0, 0.0, 0.0, 0.0, 0.0, 0.0, 0.0, 0.0, 0.0, 0.0, 0.0, 0.0, 0.0, 3.80859375, 0.0, 0.0, 3.7109375, 0.0, 0.0, 0.09765625, 1.46484375, 0.0, 0.0, 0.0, 0.0, 0.0, 0.0], [0.0, 0.0, 0.0, 1.171875, 3.7109375, 0.0, 0.0, 0.0, 0.1953125, 4.6875, 0.0, 0.0, 0.0, 0.0, 0.0, 0.0, 2.5390625, 2.34375, 0.0, 0.0, 0.0, 0.0, 0.0, 0.0, 0.0, 0.0, 0.0, 0.0, 0.0, 0.0, 0.0, 0.0, 0.0, 0.0, 0.0, 3.80859375, 0.0, 1.171875, 2.5390625, 0.0, 0.0, 0.78125, 0.78125, 0.0, 0.0, 0.0, 0.0, 0.0, 0.0], []], "val.loss": [[1080.0625, 916.1875, 1027.3125, 1074.75, 860.6875, 948.375, 975.75, 1033.875, 1097.5, 963.625, 971.25, 1070.9375, 922.375, 1077.1875, 1063.5, 1004.625, 1072.875, 1021.0625, 1046.9375, 1006.3125, 914.5625, 961.6875, 992.75, 858.5625, 935.0, 967.5, 1118.0625, 945.8125, 967.8125, 1158.5, 1013.1875, 976.5, 984.1875, 958.4375, 968.0, 1004.5625, 1021.0625, 1075.1875, 950.4375, 1076.0625, 1088.6875, 987.1875, 1055.4375, 1014.6875, 935.4375, 880.5, 920.4375, 1086.0625, 1017.25], [1033.6875, 936.0, 1035.4375, 1066.8125, 835.03125, 983.5, 964.25, 1072.8125, 1083.375, 947.125, 959.5625, 1099.9375, 907.875, 1073.8125, 1058.1875, 1008.4375, 1045.25, 1057.9375, 1059.0625, 1001.6875, 886.875, 971.3125, 976.4375, 839.65625, 984.125, 976.1875, 1119.9375, 923.375, 984.0625, 1183.25, 966.875, 965.375, 995.6875, 972.1875, 974.0625, 1014.625, 1012.5625, 1052.375, 972.5625, 1071.25, 1080.75, 1000.375, 1027.6875, 1035.375, 905.0625, 871.8125, 950.0, 1123.125, 1023.0], []], "val.compute_ips": [[241.55482720487103, 11299.244946870782, 13993.768069855338, 10671.442049528789, 11953.242278341506, 14452.167155139055, 9441.584386863897, 8972.860381647175, 9748.32846329312, 19671.906270324736, 10176.441881293686, 9372.500929619511, 9563.647832408877, 8766.45594898884, 12331.08806100418, 11297.580526452848, 12421.996199621119, 16117.288582343273, 12299.342491330257, 14937.82165600665, 16227.693065678262, 12271.790940806373, 9015.502365669041, 9894.550919889236, 9934.53403557955, 13886.492966171018, 12923.724757170541, 10150.587405612998, 16851.600015694275, 8507.294730983229, 18470.038299281405, 15505.241121873207, 10560.03603470701, 10487.885230649765, 10539.1504717502, 16286.212150858113, 16216.97035235837, 14408.435443343722, 15260.95651216089, 9378.681725079157, 14973.285976251735, 16261.670235805479, 14897.252558045964, 11105.424235607441, 15005.248544008162, 12421.924345711006, 19786.36686368725, 19733.45752105454, 19426.945065880234], [13948.91085944782, 13688.78975516162, 12375.715451464926, 16272.513813745549, 17069.53173089152, 17616.76495488105, 11882.801474087271, 9268.180004747415, 10702.234643609136, 11756.40460953111, 16470.07483874926, 10904.253315730679, 15707.050475055039, 18089.09969086146, 18063.385495348484, 13223.706471506468, 14820.19736029399, 16142.366973856308, 10493.830206335439, 14762.432317427365, 13546.271501518644, 9689.06175780545, 13082.446835211696, 9733.350169853353, 10078.226631594014, 13411.714014489133, 17606.79884232879, 14839.450421346859, 14409.740642823592, 8561.083739796884, 18959.565696830043, 16911.716999259737, 10085.705185195622, 16160.710158560538, 9639.84911894026, 12677.44812685219, 14089.713269691303, 13526.518779801085, 14019.896640422005, 13312.774459115988, 15674.090644011138, 14375.834008896683, 15904.046568291644, 14064.33720610387, 10743.89143458934, 15789.276062613504, 11574.07951278009, 14383.103478761737, 9081.785955793885], []], "val.total_ips": [[241.54366054415843, 11192.243015544176, 12799.020460708645, 10605.852638025297, 11861.96188124691, 14323.38513358034, 9223.140048918447, 8920.825864983986, 9687.794179610139, 9861.812557546813, 9068.28671628398, 9313.237900287964, 9502.3923113003, 8715.985169521622, 12226.481411052026, 11211.1744440703, 12311.96461465694, 15944.608476136735, 10294.201398775711, 14797.271686178312, 14374.583053593004, 9985.695111970836, 8969.375033413526, 9838.206193879421, 9863.62441236924, 13769.760465257941, 12812.230914254349, 8632.249880916252, 16667.315885877495, 8454.4270354754, 18255.792575212738, 11070.07396257539, 8929.598666059574, 10415.880023669328, 10470.014080386918, 16101.276850348833, 14662.74506430149, 13292.379790477074, 13929.729076868689, 8906.470555544034, 14826.643615864457, 13437.814190690136, 14753.355326706009, 10855.58124181718, 14847.812380300486, 10785.521666633183, 10870.390289212795, 11694.050000272273, 13934.745623256116], [11136.090271727857, 13563.554328843695, 11551.821667563207, 16106.952841333119, 14048.09849116713, 12448.134203211905, 10326.92304880981, 9200.675426833186, 10636.135638383494, 11655.523853977835, 16302.779639400265, 10714.462504084999, 15537.606343877522, 14383.007146349468, 14576.802161252223, 12162.222619924109, 14684.401921466058, 14949.260174798035, 8892.474354488404, 14624.002941847439, 12554.01569629281, 9626.302297330614, 12978.31983416633, 9672.500154265728, 10014.987142477394, 13289.336258350377, 17431.298229664684, 12000.601560229787, 14285.41544765744, 8517.653782005898, 18718.61414083304, 12331.7607591484, 8444.852034054937, 15992.996898191419, 9126.771278607705, 12574.193565008636, 13965.55666254796, 13421.688914444285, 13899.075748112527, 13206.506740135786, 15533.953596707282, 12376.14338570062, 15741.879935639228, 12294.554275360037, 10669.215281314198, 15646.340098286722, 10415.501138559957, 14235.085513908729, 9025.979669850476], []],