{"run": {"data": "/data/imagenet", "data_backend": "dali-cpu", "arch": "resnet50", "model_config": "fanin", "workers": 5, "epochs": 2, "start_epoch": 0, "batch_size": 128, "optimizer_batch_size": -1, "lr": 0.1, "lr_schedule": "step", "warmup": 0, "label_smoothing": 0.1, "mixup": 0.1, "momentum": 0.9, "weight_decay": 0.0001, "bn_weight_decay": false, "nesterov": false, "print_freq": 1, "resume": "", "pretrained_weights": "", "fp16": false, "static_loss_scale": 128.0, "dynamic_loss_scale": false, "prof": 100, "amp": true, "local_rank": 0, "seed": null, "gather_checkpoints": false, "raport_file": "/data/workspace/./raport_8GPU_128BS_dali-cpu_inferencebench.json", "final_weights": "model.pth.tar", "evaluate": true, "training_only": false, "save_checkpoints": false, "workspace": "/data/workspace", "distributed": true, "gpu": 0, "world_size": 8}, "epoch": {"ep": [0, 1], "val.top1": [0.09964923469387756, 0.09964923469387756], "val.top5": [0.506218112244898, 0.506218112244898], "val.loss": [1080.341836734694, 1080.1524234693877], "val.compute_ips": [13250.99683820228, 13309.534028653583], "val.total_ips": [11861.665218090722, 12260.467525117028], "val.data_time": [0.008017904904423927, 0.005859978344975685], "val.compute_time": [0.16700061973260374, 0.12348504455722108]}, "iter": {"it": [[], []], "val.it": [[1, 2, 3, 4, 5, 6, 7, 8, 9, 10, 11, 12, 13, 14, 15, 16, 17, 18, 19, 20, 21, 22, 23, 24, 25, 26, 27, 28, 29, 30, 31, 32, 33, 34, 35, 36, 37, 38, 39, 40, 41, 42, 43, 44, 45, 46, 47, 48, 49, 1, 2, 3, 4, 5, 6, 7, 8, 9, 10, 11, 12, 13, 14, 15, 16, 17, 18, 19, 20, 21, 22, 23, 24, 25, 26, 27, 28, 29, 30, 31, 32, 33, 34, 35, 36, 37, 38, 39, 40, 41, 42, 43, 44, 45, 46, 47, 48, 49]], "val.top1": [[0.0, 0.0, 0.0, 0.0, 0.0, 0.0, 0.0, 0.0, 0.0, 0.0, 0.0, 0.0, 0.0, 0.0, 0.0, 0.0, 0.0, 3.125, 1.7578125, 0.0, 0.0, 0.0, 0.0, 0.0, 0.0, 0.0, 0.0, 0.0, 0.0, 0.0, 0.0, 0.0, 0.0, 0.0, 0.0, 0.0, 0.0, 0.0, 0.0, 0.0, 0.0, 0.0, 0.0, 0.0, 0.0, 0.0, 0.0, 0.0, 0.0], [0.0, 0.0, 0.0, 0.0, 0.0, 0.0, 0.0, 0.0, 0.0, 0.0, 0.0, 0.0, 0.0, 0.0, 0.0, 0.0, 0.0, 4.8828125, 0.0, 0.0, 0.0, 0.0, 0.0, 0.0, 0.0, 0.0, 0.0, 0.0, 0.0, 0.0, 0.0, 0.0, 0.0, 0.0, 0.0, 0.0, 0.0, 0.0, 0.0, 0.0, 0.0, 0.0, 0.0, 0.0, 0.0, 0.0, 0.0, 0.0, 0.0], []], "val.top5": [[0.0, 0.0, 4.8828125, 0.0, 0.0, 0.0, 0.0, 0.0, 0.0, 0.0, 0.0, 1.3671875, 3.515625, 0.09765625, 0.0, 0.0, 0.0, 3.125, 1.7578125, 0.0, 0.0, 0.0, 2.1484375, 2.734375, 0.0, 0.0, 0.0, 0.1953125, 0.0, 0.0, 0.0, 0.0, 0.29296875, 0.0, 0.0, 0.0, 0.0, 0.0, 0.0, 0.0, 0.0, 0.0, 0.0, 0.0, 0.0, 4.6875, 0.0, 0.0, 0.0], [0.0, 0.0, 4.8828125, 0.0, 0.0, 0.0, 0.0, 0.0, 0.0, 0.0, 0.0, 3.515625, 1.3671875, 0.09765625, 0.0, 0.0, 0.0, 4.8828125, 0.0, 0.0, 0.0, 0.0, 4.296875, 0.5859375, 0.0, 0.0, 0.09765625, 0.09765625, 0.0, 0.0, 0.0, 0.0, 0.29296875, 0.0, 0.0, 0.0, 0.0, 0.0, 0.0, 0.0, 0.0, 0.0, 0.0, 0.0, 0.0, 4.6875, 0.0, 0.0, 0.0], []], "val.loss": [[1142.5625, 1041.375, 1043.8125, 915.625, 991.75, 1070.1875, 1058.0625, 1000.1875, 1097.25, 1025.9375, 1003.1875, 1072.3125, 871.625, 1134.8125, 1105.4375, 1112.5, 991.1875, 1084.5625, 1083.1875, 1140.1875, 1069.25, 1062.5, 1009.625, 1049.9375, 1116.8125, 1065.0625, 1220.875, 1190.875, 1175.25, 1089.75, 1012.0, 1108.6875, 1075.3125, 988.9375, 1113.9375, 1110.25, 965.1875, 1084.3125, 1046.25, 1204.5625, 1134.625, 1252.5, 1146.6875, 1240.5625, 1101.75, 1087.375, 1088.9375, 994.625, 1144.5625], [1073.875, 1105.4375, 1004.25, 924.8125, 999.3125, 1066.25, 1066.625, 1005.6875, 1145.6875, 951.625, 1030.5625, 1008.875, 938.75, 1122.375, 1143.0625, 1071.375, 995.125, 1093.8125, 1088.0625, 1137.4375, 1022.75, 1085.75, 1023.375, 1048.75, 1122.125, 1080.4375, 1219.3125, 1189.25, 1163.5625, 1092.125, 1023.8125, 1110.4375, 1028.28125, 1019.4375, 1143.375, 1061.75, 953.3125, 1106.3125, 1100.0, 1162.8125, 1146.5625, 1253.625, 1133.625, 1273.3125, 1074.1875, 1064.75, 1114.75, 974.0625, 1162.625], []], "val.compute_ips": [[239.1792717144551, 12959.288202281094, 15181.605536821418, 9255.776652852934, 14405.19763612093, 11667.016985893531, 10656.561579019191, 10141.742966842505, 9927.736842470234, 18927.314574804226, 10865.412802817187, 9055.400277040433, 9065.817483335233, 9872.534826522497, 13816.181609380277, 19541.320521045185, 14504.830351293118, 18651.38918515173, 10315.265979777601, 15521.771468634579, 17817.227029291826, 10257.618150987557, 9493.192911105905, 9007.315581411443, 10395.20799287457, 13684.166696403538, 18909.897925398895, 13020.260516327744, 16731.922163829946, 8274.14362635648, 17588.628920103198, 19459.512108484774, 11752.222667323373, 10299.904065075745, 9868.315678219233, 12151.624272877481, 14543.238260351343, 13993.357734199115, 13963.37729690365, 8990.478385008917, 15219.802180045075, 19365.01779160467, 14704.360658431706, 10595.30866256337, 18431.99121094169, 16240.14919120038, 19741.983847762636, 19353.49940970251, 10873.775383306665], [12085.66478978662, 9055.514831549275, 12625.015934978468, 16158.946917737354, 17115.924091593806, 15197.990438816565, 9976.092723784393, 9286.596487282995, 14011.435297341559, 11654.069040370328, 9593.169021980697, 10852.39941176768, 17210.572845957187, 15365.89459524244, 14128.228369172268, 13126.347931858607, 12932.597306867729, 17184.062095151217, 16174.525384218514, 14813.194694111236, 14057.110255059126, 11607.580513169773, 10488.576756453149, 9624.98637701101, 13462.876645257553, 14836.06727577333, 14903.042034185306, 13870.79649012889, 12490.453370557785, 8056.573324754596, 18965.844863065115, 14748.441172329722, 10051.338970238918, 10697.010283653499, 9537.1870879493, 14219.580116935831, 13769.054162966573, 13353.295431863475, 13070.343927645434, 13652.369859660834, 17325.821907750895, 16987.905847918522, 19482.197336429945, 14852.48481369413, 14533.199209550365, 10594.968883363183, 13475.421823133349, 13523.154196617768, 10249.564589453488], []], "val.total_ips": [[239.16841683223893, 12774.086685998958, 12527.285469696571, 9197.936596930285, 14239.285795748405, 11584.28758381478, 10584.576948858483, 10075.011426252466, 9122.564651757515, 17279.815637648157, 9751.86988931146, 8999.124796496706, 9010.452405777643, 9812.089170752213, 13697.040511019903, 15599.003748147717, 10980.751697619242, 18397.961413248348, 8358.04888376872, 15366.88418755255, 14129.901652503759, 8671.218595110566, 9431.5080558209, 8947.438442404724, 10318.933876633142, 13529.203128592984, 18593.81743719398, 9313.399462225692, 16522.53658836835, 8233.206232364128, 17354.735498886785, 12425.086704332758, 8525.668105818342, 10209.80123659582, 9800.06638996575, 12053.747764637206, 14393.852642020986, 13875.232750321442, 12439.373294098566, 8932.272882494484, 15076.673263712155, 14113.093883184096, 12944.44634116938, 10527.009634921997, 18186.992056098512, 11908.202987193386, 10308.90291795779, 13308.69052023587, 9549.337424349551], [11993.29625761629, 8999.822508318875, 12526.664341171187, 15120.036386935062, 14790.494395410264, 13127.872553214902, 9912.63725702891, 9229.680678553239, 13875.994817866085, 11547.504553165976, 9527.286169025769, 10776.969718868246, 17012.06220243518, 12466.489113871143, 13661.749976938663, 12992.571326583397, 12821.027528851262, 16953.372132312306, 11358.11058837841, 14648.64237599719, 13275.124162764461, 11527.885337599175, 10392.742921024232, 9558.241839825347, 13342.55140105623, 14676.022361029482, 14754.318276600057, 13474.999046232619, 12384.38689176915, 8012.8641422065675, 18715.840807380067, 11313.591153468255, 9509.25093543402, 10614.502303327468, 9477.189028884133, 14081.398301695026, 13319.049629730702, 13241.359279812554, 12954.988375109342, 13533.977935824192, 15337.635150770637, 13724.439581649054, 16462.057623389715, 11453.918085861038, 14373.861447637917, 10512.73481516293, 13356.036060017102, 13399.872383573098, 10181.09761364633], []],