{"run": {"data": "/data/imagenet", "data_backend": "dali-gpu", "arch": "resnet50", "model_config": "fanin", "workers": 5, "epochs": 2, "start_epoch": 0, "batch_size": 224, "optimizer_batch_size": -1, "lr": 0.1, "lr_schedule": "step", "warmup": 0, "label_smoothing": 0.1, "mixup": 0.1, "momentum": 0.9, "weight_decay": 0.0001, "bn_weight_decay": false, "nesterov": false, "print_freq": 1, "resume": "", "pretrained_weights": "", "fp16": false, "static_loss_scale": 128.0, "dynamic_loss_scale": false, "prof": 100, "amp": true, "local_rank": 0, "seed": null, "gather_checkpoints": false, "raport_file": "/data/workspace/./raport_8GPU_224BS_dali-gpu_inferencebench.json", "final_weights": "model.pth.tar", "evaluate": true, "training_only": false, "save_checkpoints": false, "workspace": "/data/workspace", "distributed": true, "gpu": 0, "world_size": 8}, "epoch": {"ep": [0, 1], "val.top1": [0.09765624787126269, 0.09765624787126269], "val.top5": [0.5062181039580277, 0.5062181063528571], "val.loss": [889.9285714285714, 890.2488839285714], "val.compute_ips": [12614.856237104663, 13483.078073314095], "val.total_ips": [10586.273442773556, 11616.575959653923], "val.data_time": [0.020051726273127964, 0.017639189958572388], "val.compute_time": [0.3100529227937971, 0.22156789473124913]}, "iter": {"it": [[], []], "val.it": [[1, 2, 3, 4, 5, 6, 7, 8, 9, 10, 11, 12, 13, 14, 15, 16, 17, 18, 19, 20, 21, 22, 23, 24, 25, 26, 27, 28, 1, 2, 3, 4, 5, 6, 7, 8, 9, 10, 11, 12, 13, 14, 15, 16, 17, 18, 19, 20, 21, 22, 23, 24, 25, 26, 27, 28]], "val.top1": [[0.0, 0.0, 0.0, 0.0, 0.0, 0.0, 0.0, 0.0, 0.0, 0.0, 0.0, 0.2790178656578064, 0.0, 0.0, 0.0, 0.0, 0.0, 0.0, 0.0, 0.0, 0.0, 2.455357074737549, 0.0, 0.0, 0.0, 0.0, 0.0, 0.0], [0.0, 0.0, 0.0, 0.0, 0.0, 0.0, 0.0, 0.0, 0.0, 0.0, 0.0, 0.2790178656578064, 0.0, 0.0, 0.0, 0.0, 0.0, 0.0, 0.0, 0.0, 0.0, 2.455357074737549, 0.0, 0.0, 0.0, 0.0, 0.0, 0.0], []], "val.top5": [[0.0, 0.0, 0.0, 0.0, 0.2232142835855484, 0.0, 0.0, 2.7901785373687744, 0.0, 0.0, 0.0, 2.7901785373687744, 0.0, 0.0, 0.0, 0.0, 0.0, 0.0, 0.0, 2.7901785373687744, 0.0, 2.7901785373687744, 0.6696428656578064, 0.0, 2.1205356121063232, 0.0, 0.0, 0.0], [0.0, 0.0, 0.0, 0.0, 0.2232142835855484, 0.0, 0.0, 2.7901785373687744, 0.0, 0.0, 0.0, 2.7901785373687744, 0.0, 0.0, 0.0, 0.0, 0.0, 0.0, 0.1116071417927742, 2.6785714626312256, 0.0, 2.7901785373687744, 0.6696428656578064, 0.0, 2.1205356121063232, 0.0, 0.0, 0.0], []], "val.loss": [[865.8125, 836.1875, 832.8125, 902.75, 822.0, 885.75, 947.0, 829.9375, 987.875, 847.5625, 961.3125, 874.4375, 892.4375, 872.875, 905.75, 854.4375, 896.875, 960.0, 925.125, 928.25, 943.0625, 813.75, 853.3125, 907.375, 934.0, 913.25, 877.125, 846.9375], [851.625, 847.8125, 832.3125, 894.625, 840.6875, 891.5, 928.6875, 836.9375, 981.5, 840.375, 972.1875, 889.125, 872.625, 886.5625, 906.4375, 853.5625, 885.9375, 974.5625, 926.6875, 930.6875, 927.03125, 807.375, 866.8125, 901.0, 961.1875, 895.3125, 863.6875, 860.125], []], "val.compute_ips": [[390.51401403299707, 15215.858356057339, 17087.149429154713, 10826.426935735943, 10842.841640291173, 9648.105751617712, 10401.264238752434, 8910.34024392557, 10371.84049633421, 10055.080478714439, 8604.616526255657, 9017.84418102414, 8243.518396086733, 9325.46318174261, 17344.393141802237, 13217.398771495747, 8304.662322925516, 15953.678565818911, 9535.907515741583, 8406.697411394161, 15850.42602304959, 20190.490533599812, 19972.133179569213, 20042.218688169636, 20064.047323883504, 13250.53331852471, 20225.697408077154, 11916.826565153213], [12945.784061041355, 17233.99377244191, 17453.216473779048, 10724.242741774391, 9531.662885042166, 9601.910071910279, 18069.986387754267, 20238.659177441852, 12232.251838615233, 13691.869373152163, 14901.756736448295, 9247.443691205312, 13685.66168367923, 16452.67955091203, 14149.99203283256, 11657.620870266539, 8825.862505137327, 17025.954554824388, 19651.3588215762, 18820.877637384376, 15596.932089926997, 14199.5265081887, 18261.092838608733, 18117.201422149374, 13482.008487922827, 16360.99662818869, 9447.473680108902, 10228.380944345481], []], "val.total_ips": [[390.49457748074076, 15035.723466609586, 13058.83058704158, 9716.216160874488, 9934.602973695653, 9481.235768419565, 10166.111802720812, 8871.794022906017, 10327.490629787644, 10011.272072916847, 8568.65494947975, 8982.77441576415, 8210.236937253814, 9122.611709074314, 17213.036245840558, 8907.468011680383, 8272.069679063814, 15845.64755090252, 8608.864254658243, 8373.869615643003, 15739.663034100333, 14205.457447089997, 12041.803609564626, 13569.755833707954, 13960.420674117235, 8888.034179503886, 8690.757309079389, 10220.758878682595], [12880.316495327663, 14307.482621499124, 14358.402139568647, 9448.221864102958, 9489.555277514397, 9553.543170332408, 17775.837136262155, 9786.913227358904, 10637.321048929572, 13594.274432350505, 13856.342336529404, 9212.883448246275, 13600.694797451473, 14732.20218429285, 14044.312008924151, 11586.36797336252, 8791.259457145463, 16612.169644889724, 13652.326463146384, 12632.936171357114, 12554.062875601714, 13173.129971782604, 18090.209894965872, 13227.005149178349, 11939.485655828848, 16207.00438587034, 8184.346442905957, 10183.991068234784], []], "val.data_time": [[0.00022840499877929688, 0.0014109611511230469, 0.032351016998291016, 0.01891303062438965, 0.01510930061340332, 0.0032689571380615234, 0.003985166549682617, 0.0008738040924072266, 0.0007419586181640625, 0.0007798671722412109, 0.0008740425109863281, 0.0007758140563964844, 0.000881195068359375, 0.004272937774658203, 0.0007884502410888672, 0.06560063362121582, 0.0008502006530761719, 0.0007658004760742188, 0.02023625373840332, 0.0008356571197509766, 0.0007956027984619141, 0.037394046783447266, 0.05908989906311035, 0.04264712333679199, 0.03904891014099121, 0.06637954711914062, 0.11759591102600098, 0.024953842163085938], [0.0007035732269287109, 0.021268606185913086, 0.022130489349365234, 0.022567272186279297, 0.0008342266082763672, 0.0009448528289794922, 0.0016410350799560547, 0.0945582389831543, 0.021965503692626953, 0.0009396076202392578, 0.00907278060913086, 0.0007269382476806641, 0.0008180141448974609, 0.012719869613647461, 0.0009529590606689453, 0.0009453296661376953, 0.0007991790771484375, 0.0026216506958007812, 0.0400700569152832, 0.04663801193237305, 0.027848243713378906, 0.009833097457885742, 0.000926971435546875, 0.03656888008117676, 0.01717233657836914, 0.0010406970977783203, 0.02927422523498535, 0.0007636547088623047], []], "val.compute_time": [[4.5888237953186035, 0.11777186393737793, 0.1048741340637207, 0.16552090644836426, 0.16527032852172852, 0.18573594093322754, 0.1722867488861084, 0.20111465454101562, 0.1727755069732666, 0.17821836471557617, 0.20826029777526855, 0.1987171173095703, 0.21738290786743164, 0.19216203689575195, 0.10331869125366211, 0.13557887077331543, 0.21578240394592285, 0.11232519149780273, 0.18792128562927246, 0.2131633758544922, 0.11305689811706543, 0.08875465393066406, 0.08972501754760742, 0.08941125869750977, 0.08931398391723633, 0.135239839553833, 0.08860015869140625, 0.1503756046295166], [0.13842344284057617, 0.10398054122924805, 0.10267448425292969, 0.1670980453491211, 0.1880049705505371, 0.1866295337677002, 0.09916996955871582, 0.08854341506958008, 0.1464979648590088, 0.13088059425354004, 0.1202542781829834, 0.19378328323364258, 0.13093996047973633, 0.10891842842102051, 0.12664318084716797, 0.15371918678283691, 0.20303964614868164, 0.10525107383728027, 0.09118962287902832, 0.09521341323852539, 0.11489439010620117, 0.12620139122009277, 0.09813213348388672, 0.09891152381896973, 0.1329178810119629, 0.10952877998352051, 0.1896803379058838, 0.17519879341125488], []]}, "event": {}}