{"run": {"data": "/data/imagenet", "data_backend": "pytorch", "arch": "resnet50", "model_config": "fanin", "workers": 5, "epochs": 2, "start_epoch": 0, "batch_size": 256, "optimizer_batch_size": -1, "lr": 0.1, "lr_schedule": "step", "warmup": 0, "label_smoothing": 0.1, "mixup": 0.1, "momentum": 0.9, "weight_decay": 0.0001, "bn_weight_decay": false, "nesterov": false, "print_freq": 1, "resume": "", "pretrained_weights": "", "fp16": false, "static_loss_scale": 128.0, "dynamic_loss_scale": false, "prof": 100, "amp": true, "local_rank": 0, "seed": null, "gather_checkpoints": false, "raport_file": "/data/workspace/./raport_8GPU_256BS_pytorch_inferencebench.json", "final_weights": "model.pth.tar", "evaluate": true, "training_only": false, "save_checkpoints": false, "workspace": "/data/workspace", "distributed": true, "gpu": 0, "world_size": 8}, "epoch": {"ep": [0, 1], "val.top1": [0.09846698105335236, 0.095703125], "val.top5": [0.5079599046707153, 0.5032429242134094], "val.loss": [941.2275, 940.59], "val.compute_ips": [15687.514071783722, 14663.341811545719], "val.total_ips": [14416.26769378382, 13231.832917072603], "val.data_time": [0.18545351982116698, 0.19489065170288086], "val.compute_time": [0.4886966896057129, 0.3422470760345459]}, "iter": {"it": [[], []], "val.it": [[1, 2, 3, 4, 5, 6, 7, 8, 9, 10, 11, 12, 13, 14, 15, 16, 17, 18, 19, 20, 21, 22, 23, 24, 25, 1, 2, 3, 4, 5, 6, 7, 8, 9, 10, 11, 12, 13, 14, 15, 16, 17, 18, 19, 20, 21, 22, 23, 24, 25]], "val.top1": [[0.09765625, 0.048828125, 0.146484375, 0.09765625, 0.1953125, 0.146484375, 0.146484375, 0.09765625, 0.0, 0.048828125, 0.146484375, 0.048828125, 0.048828125, 0.048828125, 0.1953125, 0.0, 0.09765625, 0.0, 0.048828125, 0.09765625, 0.09765625, 0.1953125, 0.1953125, 0.09765625, 0.1179245263338089], [0.048828125, 0.048828125, 0.1953125, 0.048828125, 0.09765625, 0.146484375, 0.0, 0.146484375, 0.048828125, 0.048828125, 0.244140625, 0.146484375, 0.048828125, 0.048828125, 0.048828125, 0.048828125, 0.09765625, 0.1953125, 0.048828125, 0.09765625, 0.09765625, 0.244140625, 0.09765625, 0.09765625, 0.0], []], "val.top5": [[0.341796875, 0.1953125, 0.732421875, 0.48828125, 0.68359375, 0.68359375, 0.5859375, 0.48828125, 0.439453125, 0.634765625, 0.439453125, 0.390625, 0.5859375, 0.439453125, 0.390625, 0.390625, 0.390625, 0.537109375, 0.439453125, 0.537109375, 0.390625, 0.87890625, 0.48828125, 0.537109375, 0.5896226167678833], [0.48828125, 0.48828125, 0.48828125, 0.537109375, 0.732421875, 0.48828125, 0.390625, 0.537109375, 0.48828125, 0.244140625, 0.78125, 0.48828125, 0.634765625, 0.341796875, 0.439453125, 0.537109375, 0.48828125, 0.48828125, 0.48828125, 0.634765625, 0.341796875, 0.830078125, 0.439453125, 0.29296875, 0.4716981053352356], []], "val.loss": [[947.8125, 936.125, 925.5, 953.125, 919.0625, 950.0625, 954.0625, 955.4375, 935.25, 931.8125, 949.4375, 937.1875, 928.8125, 946.0625, 938.25, 946.6875, 949.25, 937.6875, 949.4375, 948.25, 933.375, 938.8125, 933.375, 942.3125, 943.5], [936.25, 949.8125, 931.0, 943.875, 941.5, 934.5, 966.25, 948.625, 934.25, 942.5, 940.8125, 935.3125, 946.125, 936.5625, 948.1875, 928.875, 948.375, 937.4375, 932.9375, 927.3125, 940.625, 943.0, 939.5625, 965.5625, 915.5], []], "val.compute_ips": [[291.54093119900665, 18461.54337098743, 20792.328303439594, 20753.195973027887, 20669.103165837732, 20645.109528066987, 20688.268511204024, 20806.228332534018, 20796.456082586043, 20766.39104935138, 20757.55902779456, 20907.053183177846, 7495.37062839432, 20803.456916657182, 20825.497468919104, 8880.651602871605, 5828.714946526731, 7473.986233491196, 13421.122714368523, 20807.841132497782, 20730.5076044618, 4990.3820210097265, 13178.889976142806, 20933.64931118265, 483.00377886310906], [20526.707844655368, 9010.235025221507, 19154.293787628772, 20513.96247755149, 5979.570868199927, 11418.685567681816, 10369.720899070098, 10356.755684804992, 20650.9165374472, 3095.7140043023182, 10629.41014615241, 10887.323069513362, 10890.194049775791, 20393.66626306368, 4050.482214758297, 11569.496422722179, 10213.321640041282, 20096.093729456326, 20692.803696307306, 5432.606761654738, 11154.209209889015, 20798.671664196958, 20795.298125503847, 20927.988149649653, 11371.110943444484], []], "val.total_ips": [[214.03294896643226, 16700.465617970538, 20638.859476888625, 20613.20453062008, 20505.050133916422, 20458.94744463657, 20424.554810268946, 20584.40651517003, 20467.478363637663, 20485.53860682968, 20281.570291877393, 1974.0305211801988, 7460.108604028489, 20370.452402972827, 19019.8494165578, 8849.59954175415, 1873.0875591150063, 7447.844827003195, 13333.956197853202, 20667.561526764577, 20630.87880527328, 2983.256334866301, 13118.50975037989, 20845.156417517832, 458.2916985464371], [769.9659188438985, 8812.59358142837, 18904.695821348163, 20332.746129884392, 1512.6450502936298, 11341.554494009659, 10327.221021044128, 10317.062427710953, 20488.568036159377, 1679.625613097347, 10574.713061162685, 10842.4271469179, 10848.767275120013, 20089.18494819804, 2056.9362842970995, 11508.101406035436, 10179.396450812048, 19988.631738651886, 20590.524911368982, 2937.283088882726, 11120.390591482415, 20668.95396490823, 20653.548138281247, 20841.919489890744, 3797.496919205346], []], "val.data_time": [[2.543877601623535, 0.011698007583618164, 0.000732421875, 0.0006701946258544922, 0.0007927417755126953, 0.0009026527404785156, 0.0012781620025634766, 0.0010607242584228516, 0.0015828609466552734, 0.001352071762084961, 0.002315521240234375, 0.9395139217376709, 0.001291513442993164, 0.002092599868774414, 0.009335994720458984, 0.0008091926574707031, 0.7420179843902588, 0.0009617805480957031, 0.0009975433349609375, 0.0006680488586425781, 0.00047707557678222656, 0.2761087417602539, 0.0007152557373046875, 0.0004153251647949219, 0.09467005729675293], [2.5600855350494385, 0.005097627639770508, 0.0014116764068603516, 0.0008897781372070312, 1.0114202499389648, 0.0012197494506835938, 0.0008127689361572266, 0.0007607936859130859, 0.00078582763671875, 0.5577595233917236, 0.0009965896606445312, 0.0007789134979248047, 0.0007181167602539062, 0.001522064208984375, 0.4900367259979248, 0.0009443759918212891, 0.0006682872772216797, 0.0005478858947753906, 0.0004916191101074219, 0.32026004791259766, 0.0005583763122558594, 0.00061798095703125, 0.0006759166717529297, 0.00040411949157714844, 0.14873003959655762], []], "val.compute_time": [[7.024742603302002, 0.11093330383300781, 0.09849786758422852, 0.09868359565734863, 0.09908509254455566, 0.09920024871826172, 0.09899330139160156, 0.09843206405639648, 0.09847831726074219, 0.09862089157104492, 0.0986628532409668, 0.09795737266540527, 0.2732353210449219, 0.09844517707824707, 0.09834098815917969, 0.23061370849609375, 0.3513638973236084, 0.2740170955657959, 0.15259528160095215, 0.09842443466186523, 0.09879159927368164, 0.41038942337036133, 0.15540003776550293, 0.09783291816711426, 1.7556798458099365], [0.09977245330810547, 0.22729706764221191, 0.10692119598388672, 0.09983444213867188, 0.3424994945526123, 0.17935514450073242, 0.19749808311462402, 0.19774532318115234, 0.09917235374450684, 0.6615598201751709, 0.1926729679107666, 0.1881086826324463, 0.18805909156799316, 0.10042333602905273, 0.5056188106536865, 0.1770172119140625, 0.20052242279052734, 0.10191035270690918, 0.09897160530090332, 0.3769829273223877, 0.183607816696167, 0.09846782684326172, 0.09848380088806152, 0.09785938262939453, 0.07457494735717773], []]}, "event": {}}