{"run": {"data": "/data/imagenet", "data_backend": "dali-gpu", "arch": "resnet50", "model_config": "fanin", "workers": 3, "epochs": 2, "start_epoch": 0, "batch_size": 224, "optimizer_batch_size": -1, "lr": 0.1, "lr_schedule": "step", "warmup": 0, "label_smoothing": 0.1, "mixup": 0.1, "true_weight_decay": false, "momentum": 0.9, "weight_decay": 0.0001, "bn_weight_decay": false, "nesterov": false, "print_freq": 1, "resume": "", "pretrained_weights": "", "fp16": true, "static_loss_scale": 128.0, "dynamic_loss_scale": false, "prof": 100, "local_rank": 0, "seed": null, "gather_checkpoints": false, "raport_file": "/data/workspace/./raport_16GPU_224BS_dali-gpu_inferencebench.json", "final_weights": "model.pth.tar", "evaluate": true, "training_only": false, "save_checkpoints": false, "workspace": "/data/workspace", "distributed": true, "gpu": 0, "world_size": 16}, "epoch": {"ep": [0, 1], "val.top1": [0.11160714299018894, 0.11160714299018894], "val.top5": [0.5002391520621521, 0.49824616632291246], "val.loss": [1084.5714285714287, 1084.9642857142858], "val.compute_ips": [15244.62090321998, 19723.47519334854], "val.total_ips": [14653.57106318459, 16195.189185302837], "val.data_time": [0.005503739629473005, 0.025427171162196567], "val.compute_time": [0.9681727545601981, 0.5689695732934135]}, "iter": {"it": [[], []], "val.it": [[1, 2, 3, 4, 5, 6, 7, 8, 9, 10, 11, 12, 13, 14, 1, 2, 3, 4, 5, 6, 7, 8, 9, 10, 11, 12, 13, 14]], "val.top1": [[0.9486607313156128, 0.3627232015132904, 0.0, 0.0, 0.0, 0.02790178544819355, 0.0, 0.0, 0.0, 0.0, 0.0, 0.0, 0.0, 0.2232142835855484], [0.9486607313156128, 0.3627232015132904, 0.0, 0.0, 0.0, 0.02790178544819355, 0.0, 0.0, 0.0, 0.0, 0.0, 0.0, 0.0, 0.2232142835855484], []], "val.top5": [[1.4229910373687744, 1.3950892686843872, 0.02790178544819355, 0.0, 1.3671875, 1.3950892686843872, 0.0, 0.0, 0.0, 0.0, 0.0, 0.0, 0.0, 1.3950892686843872], [1.3950892686843872, 1.4229910373687744, 0.0, 0.1674107164144516, 1.1997767686843872, 1.3950892686843872, 0.0, 0.0, 0.0, 0.0, 0.0, 0.0, 0.0, 1.3950892686843872], []], "val.loss": [[1054.0, 1007.5, 1117.0, 1123.0, 1068.0, 1096.0, 1059.0, 1020.5, 1115.0, 1159.0, 1110.0, 1145.0, 1047.0, 1063.0], [1056.0, 1001.0, 1132.0, 1118.0, 1062.0, 1100.0, 1059.0, 1013.5, 1135.0, 1141.0, 1123.0, 1140.0, 1045.0, 1064.0], []], "val.compute_ips": [[337.3827623510693, 20248.74598389517, 25912.58954800653, 15383.136429734373, 14959.994124431874, 14763.048479539286, 16302.726597966766, 13704.638996137237, 16529.567656010837, 16312.261918377844, 17416.635908724893, 13508.65030728875, 13512.086621831277, 14533.22731078382], [22797.066326963908, 37099.04721665564, 17467.20977543731, 14738.355346830727, 12498.813537816837, 14294.734358878779, 15989.586119455058, 31044.600761225807, 33723.34985059091, 27631.48705864188, 29438.381196892522, 18582.382464377057, 41076.6931158955, 22450.905639017456], []], "val.total_ips": [[337.37272958150606, 20072.11131777936, 19899.005784754194, 14225.54128537604, 14916.010819585594, 14572.478126332933, 16046.954216327293, 13668.849458288438, 16479.57212094503, 16262.092442301991, 17356.208259920797, 13474.793707023977, 13475.965432417508, 14363.039183949582], [22708.59441454207, 22169.959731701994, 13154.73174556503, 14697.229905240887, 12453.801108817184, 14254.48953319451, 15939.857567155743, 30774.618420486953, 19624.908498208188, 17929.763617539993, 20891.138081989222, 13751.816393442623, 13968.035220252017, 15996.358065758754], []], "val.data_time": [[0.0003159046173095703, 0.0015575885772705078, 0.04179835319519043, 0.01895880699157715, 0.0007064342498779297, 0.0031747817993164062, 0.003504037857055664, 0.0006847381591796875, 0.0006577968597412109, 0.0006778240203857422, 0.0007164478302001953, 0.0006666183471679688, 0.0007109642028808594, 0.00292205810546875], [0.0006124973297119141, 0.06505393981933594, 0.06726503372192383, 0.0006804466247558594, 0.0010364055633544922, 0.0007078647613525391, 0.0006992816925048828, 0.0010128021240234375, 0.07634854316711426, 0.07018399238586426, 0.049810171127319336, 0.0677492618560791, 0.16933441162109375, 0.06441378593444824], []], "val.compute_time": [[10.622949361801147, 0.17699861526489258, 0.13831114768981934, 0.23298239707946777, 0.23957228660583496, 0.2427682876586914, 0.21984052658081055, 0.2615172863006592, 0.21682357788085938, 0.2197120189666748, 0.2057802677154541, 0.26531147956848145, 0.2652440071105957, 0.24660730361938477], [0.1572132110595703, 0.09660625457763672, 0.2051844596862793, 0.24317502975463867, 0.2867472171783447, 0.25072169303894043, 0.22414588928222656, 0.11544680595397949, 0.1062765121459961, 0.12970709800720215, 0.12174582481384277, 0.1928708553314209, 0.08725142478942871, 0.1596372127532959], []]}, "event": {}}