{"run": {"data": "/data/imagenet", "data_backend": "dali-gpu", "arch": "resnet50", "model_config": "fanin", "workers": 3, "epochs": 2, "start_epoch": 0, "batch_size": 512, "optimizer_batch_size": -1, "lr": 0.1, "lr_schedule": "step", "warmup": 0, "label_smoothing": 0.1, "mixup": 0.1, "true_weight_decay": false, "momentum": 0.9, "weight_decay": 0.0001, "bn_weight_decay": false, "nesterov": false, "print_freq": 1, "resume": "", "pretrained_weights": "", "fp16": true, "static_loss_scale": 128.0, "dynamic_loss_scale": false, "prof": 100, "local_rank": 0, "seed": null, "gather_checkpoints": false, "raport_file": "/data/workspace/./raport_16GPU_512BS_dali-gpu_inferencebench.json", "final_weights": "model.pth.tar", "evaluate": true, "training_only": false, "save_checkpoints": false, "workspace": "/data/workspace", "distributed": true, "gpu": 0, "world_size": 16}, "epoch": {"ep": [0, 1], "val.top1": [0.08370535714285714, 0.09765625], "val.top5": [0.4359654017857143, 0.5086263020833334], "val.loss": [1580.7142857142858, 1582.1666666666667], "val.compute_ips": [22855.150419068934, 21845.329617893203], "val.total_ips": [14535.64403559834, 14780.677488140733], "val.data_time": [0.13259312084742955, 0.12346419921288124], "val.compute_time": [2.186180216925485, 1.3772393006544847]}, "iter": {"it": [[], []], "val.it": [[1, 2, 3, 4, 5, 6, 7, 1, 2, 3, 4, 5, 6]], "val.top1": [[0.0, 0.0, 0.0, 0.0, 0.0, 0.5859375, 0.0], [0.0, 0.0, 0.0, 0.0, 0.5859375, 0.0], []], "val.top5": [[0.0, 0.0, 1.220703125, 0.6103515625, 0.6103515625, 0.6103515625, 0.0], [0.0, 1.220703125, 0.6103515625, 0.537109375, 0.68359375, 0.0], []], "val.loss": [[1561.0, 1613.0, 1558.0, 1610.0, 1596.0, 1580.0, 1547.0], [1605.0, 1588.0, 1594.0, 1589.0, 1597.0, 1520.0], []], "val.compute_ips": [[622.1713981175985, 26248.865253525786, 41874.135782428326, 26370.56479794437, 15482.834411267047, 14844.874361116848, 34542.60692908256], [20262.97147770437, 14991.035575185022, 17466.467719576674, 35785.05719612152, 20849.975738356297, 14647.72439218515], []], "val.total_ips": [[622.1573159204733, 26114.541842867697, 17453.097424175467, 14968.941548364948, 13426.27794560753, 14815.29607663309, 14349.19609561916], [14053.85595096983, 14952.187608737087, 17419.747821374232, 14602.083136462945, 14752.424172348783, 14619.000406748277], []], "val.data_time": [[0.0002980232238769531, 0.0016052722930908203, 0.27373838424682617, 0.2366170883178711, 0.08104467391967773, 0.0011017322540283203, 0.33374667167663574], [0.17861628532409668, 0.0014197826385498047, 0.0012578964233398438, 0.3320934772491455, 0.16239643096923828, 0.0010988712310791016], []], "val.compute_time": [[13.166789770126343, 0.3120896816253662, 0.1956338882446289, 0.31064939498901367, 0.529102087020874, 0.5518403053283691, 0.23715639114379883], [0.4042842388153076, 0.5464599132537842, 0.469012975692749, 0.22892236709594727, 0.392902135848999, 0.5592677593231201], []]}, "event": {}}