{"run": {"data": "/data/imagenet", "data_backend": "dali-cpu", "arch": "resnet50", "model_config": "fanin", "workers": 3, "epochs": 2, "start_epoch": 0, "batch_size": 256, "optimizer_batch_size": -1, "lr": 0.1, "lr_schedule": "step", "warmup": 0, "label_smoothing": 0.1, "mixup": 0.1, "true_weight_decay": false, "momentum": 0.9, "weight_decay": 0.0001, "bn_weight_decay": false, "nesterov": false, "print_freq": 1, "resume": "", "pretrained_weights": "", "fp16": true, "static_loss_scale": 128.0, "dynamic_loss_scale": false, "prof": 100, "local_rank": 0, "seed": null, "gather_checkpoints": false, "raport_file": "/data/workspace/./raport_16GPU_256BS_dali-cpu_inferencebench.json", "final_weights": "model.pth.tar", "evaluate": true, "training_only": false, "save_checkpoints": false, "workspace": "/data/workspace", "distributed": true, "gpu": 0, "world_size": 16}, "epoch": {"ep": [0, 1], "val.top1": [0.09390024038461539, 0.10172526041666667], "val.top5": [0.4413311298076923, 0.4781087239583333], "val.loss": [982.8846153846154, 981.1666666666666], "val.compute_ips": [18825.136717026242, 18979.029215743627], "val.total_ips": [15161.456426871564, 15698.68543701768], "val.data_time": [0.030613789191612832, 0.031506624221801754], "val.compute_time": [1.0140774616828332, 0.6364451885223389]}, "iter": {"it": [[], []], "val.it": [[1, 2, 3, 4, 5, 6, 7, 8, 9, 10, 11, 12, 13, 1, 2, 3, 4, 5, 6, 7, 8, 9, 10, 11, 12]], "val.top1": [[0.0, 0.0, 0.0, 0.0, 0.0, 0.0, 0.0, 0.0, 1.220703125, 0.0, 0.0, 0.0, 0.0], [0.0, 0.0, 0.0, 0.0, 0.0, 0.0, 0.0, 1.220703125, 0.0, 0.0, 0.0, 0.0], []], "val.top5": [[0.0, 0.390625, 0.0, 0.0, 0.0, 0.0, 0.0, 0.6591796875, 1.220703125, 0.87890625, 1.3671875, 1.220703125, 0.0], [0.390625, 0.0, 0.0, 0.0, 0.0, 0.0, 0.6591796875, 1.220703125, 0.87890625, 1.3671875, 1.220703125, 0.0], []], "val.loss": [[1005.5, 1002.0, 969.5, 937.0, 1048.0, 1011.0, 994.0, 978.0, 913.5, 1003.5, 947.5, 984.5, 983.5], [1024.0, 960.5, 960.5, 1011.5, 1030.0, 1010.0, 954.0, 934.0, 1008.0, 947.5, 975.0, 959.0], []], "val.compute_ips": [[391.7514660520941, 18940.774002211612, 28427.066453324154, 17483.505219140818, 41094.46340938339, 26964.252762758286, 16742.325255765816, 15170.759933700272, 15340.072882866312, 13707.892937189765, 12186.421884653717, 13767.454214852456, 24510.036899442457], [23272.364850604637, 15025.800478940104, 14816.75909301425, 12534.378007033314, 23361.925189596113, 20121.183837342767, 21085.234067517446, 16385.125077252924, 17879.60542178706, 32208.953302286514, 17368.947546996606, 15688.676199877813], []], "val.total_ips": [[391.7433103163764, 18810.98883704939, 23120.495552164164, 14693.00467733728, 14152.133449538775, 16611.49042753158, 14920.748495754762, 15130.129958061567, 15300.466929632457, 13674.15714575664, 12158.02236300536, 13733.611618819828, 24401.940784362185], [14236.288712144691, 14983.955518768898, 14776.119599751608, 12506.183389507247, 23263.00555987358, 17877.744831231972, 21005.340855209986, 16317.009409420438, 17820.646157899595, 12943.217554692668, 13997.108641365763, 15641.582146245355], []], "val.data_time": [[0.00021767616271972656, 0.0014920234680175781, 0.03307080268859863, 0.0444941520690918, 0.18975353240966797, 0.09467148780822754, 0.02986764907836914, 0.0007250308990478516, 0.0006911754608154297, 0.0007371902465820312, 0.0007851123809814453, 0.0007331371307373047, 0.0007402896881103516], [0.11171269416809082, 0.0007612705230712891, 0.0007603168487548828, 0.0007367134094238281, 0.0007455348968505859, 0.025545120239257812, 0.0007388591766357422, 0.001043558120727539, 0.0007579326629638672, 0.18928956985473633, 0.0568087100982666, 0.0007860660552978516], []], "val.compute_time": [[10.455608606338501, 0.21625304222106934, 0.1440880298614502, 0.23427796363830566, 0.09967279434204102, 0.15190482139587402, 0.24464941024780273, 0.2699930667877197, 0.2670130729675293, 0.29880595207214355, 0.33611178398132324, 0.2975132465362549, 0.1671152114868164], [0.17600274085998535, 0.2725977897644043, 0.2764437198638916, 0.3267812728881836, 0.17532801628112793, 0.2035665512084961, 0.1942591667175293, 0.2499828338623047, 0.22908782958984375, 0.12716960906982422, 0.2358231544494629, 0.2610800266265869], []]}, "event": {}}