{"run": {"data": "/data/imagenet", "data_backend": "pytorch", "arch": "resnet50", "model_config": "fanin", "workers": 3, "epochs": 2, "start_epoch": 0, "batch_size": 256, "optimizer_batch_size": -1, "lr": 0.1, "lr_schedule": "step", "warmup": 0, "label_smoothing": 0.1, "mixup": 0.1, "true_weight_decay": false, "momentum": 0.9, "weight_decay": 0.0001, "bn_weight_decay": false, "nesterov": false, "print_freq": 1, "resume": "", "pretrained_weights": "", "fp16": true, "static_loss_scale": 128.0, "dynamic_loss_scale": false, "prof": 100, "local_rank": 0, "seed": null, "gather_checkpoints": false, "raport_file": "/data/workspace/./raport_16GPU_256BS_pytorch_inferencebench.json", "final_weights": "model.pth.tar", "evaluate": true, "training_only": false, "save_checkpoints": false, "workspace": "/data/workspace", "distributed": true, "gpu": 0, "world_size": 16}, "epoch": {"ep": [0, 1], "val.top1": [0.0995342548076923, 0.0995342548076923], "val.top5": [0.4857654319359706, 0.4804503241410622], "val.loss": [1600.1538461538462, 1598.6153846153845], "val.compute_ips": [26731.056078257454, 27012.36510735254], "val.total_ips": [24358.878382076837, 22711.805857787138], "val.data_time": [0.17426666846642128, 0.19218033093672532], "val.compute_time": [1.2328162376697247, 0.7571835426183847]}, "iter": {"it": [[], []], "val.it": [[1, 2, 3, 4, 5, 6, 7, 8, 9, 10, 11, 12, 13, 1, 2, 3, 4, 5, 6, 7, 8, 9, 10, 11, 12, 13]], "val.top1": [[0.09765625, 0.2197265625, 0.0732421875, 0.1708984375, 0.048828125, 0.146484375, 0.0732421875, 0.0732421875, 0.0244140625, 0.146484375, 0.1220703125, 0.09765625, 0.0], [0.09765625, 0.1220703125, 0.0244140625, 0.0732421875, 0.1220703125, 0.2197265625, 0.1220703125, 0.1220703125, 0.09765625, 0.0732421875, 0.146484375, 0.0732421875, 0.0], []], "val.top5": [[0.6103515625, 0.537109375, 0.4638671875, 0.6591796875, 0.4638671875, 0.6103515625, 0.4150390625, 0.3173828125, 0.439453125, 0.732421875, 0.4638671875, 0.3662109375, 0.2358490526676178], [0.4150390625, 0.6103515625, 0.4150390625, 0.3173828125, 0.6591796875, 0.8056640625, 0.4150390625, 0.439453125, 0.48828125, 0.537109375, 0.5126953125, 0.5126953125, 0.1179245263338089], []], "val.loss": [[1594.0, 1608.0, 1592.0, 1610.0, 1588.0, 1585.0, 1609.0, 1595.0, 1606.0, 1600.0, 1604.0, 1613.0, 1598.0], [1603.0, 1603.0, 1583.0, 1606.0, 1587.0, 1582.0, 1600.0, 1610.0, 1620.0, 1611.0, 1599.0, 1598.0, 1580.0], []], "val.compute_ips": [[373.4813927457622, 24996.20861371834, 41570.16696912944, 41619.714968191445, 41603.89109287328, 41413.34152285585, 41517.6262370196, 11275.306748434046, 19185.138198816723, 33643.07361387719, 8093.941880531943, 41938.3301289406, 273.50765021267233], [20299.039963891537, 40594.866255673995, 5603.276272977521, 22954.789121645274, 40112.79576174032, 3706.888042497918, 41980.24417147032, 28069.02153717458, 6691.150120873938, 24785.425804738985, 41199.71506271134, 41953.2825006105, 36867.2691578129], []], "val.total_ips": [[331.83900694470157, 20760.11753361159, 41269.98458729701, 41319.01791787121, 41283.769645384615, 41039.09776361491, 41313.552978181564, 5259.2348593802135, 11970.883067691051, 24143.916240490977, 6019.820421572846, 41687.986061838455, 266.19888311975046], [2658.309770028149, 35518.34684198557, 2685.158429304773, 22844.385974663546, 39815.219782613734, 2935.215504889956, 19022.018523911123, 27965.759075918337, 5999.028968407085, 24640.91711954378, 41070.78712595536, 41832.43324900227, 6853.952969242895], []], "val.data_time": [[1.376255750656128, 0.03343653678894043, 0.0007166862487792969, 0.0007162094116210938, 0.0007634162902832031, 0.0009019374847412109, 0.00048732757568359375, 0.41554880142211914, 0.12866497039794922, 0.04790067672729492, 0.1743614673614502, 0.0005865097045898438, 0.08512639999389648], [1.339045763015747, 0.014421224594116211, 0.7944211959838867, 0.0008623600006103516, 0.0007631778717041016, 0.2904982566833496, 0.11775970458984375, 0.0005388259887695312, 0.07062530517578125, 0.0009691715240478516, 0.0003120899200439453, 0.00028204917907714844, 0.1007227897644043], []], "val.compute_time": [[10.967079162597656, 0.1638648509979248, 0.09853219985961914, 0.09841489791870117, 0.09845232963562012, 0.09890532493591309, 0.09865689277648926, 0.36327171325683594, 0.21349859237670898, 0.12174868583679199, 0.5060575008392334, 0.09766721725463867, 3.100461721420288], [0.2017829418182373, 0.10089945793151855, 0.7310009002685547, 0.1784377098083496, 0.1021120548248291, 1.1049699783325195, 0.09756970405578613, 0.14592599868774414, 0.6121518611907959, 0.16525840759277344, 0.09941816329956055, 0.09763240814208984, 0.023001432418823242], []]}, "event": {}}