{"run": {"data": "/data/imagenet", "data_backend": "dali-cpu", "arch": "resnet50", "model_config": "fanin", "workers": 3, "epochs": 2, "start_epoch": 0, "batch_size": 448, "optimizer_batch_size": -1, "lr": 0.1, "lr_schedule": "step", "warmup": 0, "label_smoothing": 0.1, "mixup": 0.1, "true_weight_decay": false, "momentum": 0.9, "weight_decay": 0.0001, "bn_weight_decay": false, "nesterov": false, "print_freq": 1, "resume": "", "pretrained_weights": "", "fp16": true, "static_loss_scale": 128.0, "dynamic_loss_scale": false, "prof": 100, "local_rank": 0, "seed": null, "gather_checkpoints": false, "raport_file": "/data/workspace/./raport_16GPU_448BS_dali-cpu_inferencebench.json", "final_weights": "model.pth.tar", "evaluate": true, "training_only": false, "save_checkpoints": false, "workspace": "/data/workspace", "distributed": true, "gpu": 0, "world_size": 16}, "epoch": {"ep": [0, 1], "val.top1": [0.07772640138864517, 0.07772640138864517], "val.top5": [0.48628826652254376, 0.48628826652254376], "val.loss": [1666.2857142857142, 1666.7142857142858], "val.compute_ips": [16118.757322420803, 19875.04354332532], "val.total_ips": [14312.390218175966, 14563.378096699234], "val.data_time": [0.035856621606009345, 0.0849449804850987], "val.compute_time": [2.1039420195988248, 1.2273409877504622]}, "iter": {"it": [[], []], "val.it": [[1, 2, 3, 4, 5, 6, 7, 1, 2, 3, 4, 5, 6, 7]], "val.top1": [[0.0, 0.0, 0.0, 0.4603794515132904, 0.0837053582072258, 0.0, 0.0], [0.0, 0.0, 0.0, 0.4603794515132904, 0.0837053582072258, 0.0, 0.0], []], "val.top5": [[0.0, 0.0, 0.0, 2.0926339626312256, 0.6975446343421936, 0.0, 0.6138392686843872], [0.0, 0.0, 0.0, 2.0926339626312256, 0.6975446343421936, 0.0, 0.6138392686843872], []], "val.loss": [[1705.0, 1634.0, 1591.0, 1650.0, 1765.0, 1628.0, 1691.0], [1713.0, 1633.0, 1587.0, 1660.0, 1763.0, 1627.0, 1684.0], []], "val.compute_ips": [[583.0719507538704, 24545.375263396374, 25217.342242158786, 18346.39593978016, 15882.093415840904, 13665.469607564179, 14591.55283745134], [35519.249030050705, 19600.203058737166, 14983.188237422424, 15706.041202225244, 15519.45589968362, 41599.30024642913, 22491.870675060505], []], "val.total_ips": [[583.053021750322, 24419.63517039049, 15781.303053717204, 15357.888299565133, 15844.921007737272, 13639.697411908388, 14560.23356216296], [15038.348241077587, 14260.61529675492, 14950.174526279987, 15669.140221761847, 15485.259698512858, 13691.208447674275, 14605.815394496045], []], "val.data_time": [[0.0003991127014160156, 0.0015037059783935547, 0.16995954513549805, 0.07602739334106445, 0.001058816909790039, 0.0009911060333251953, 0.001056671142578125], [0.2748420238494873, 0.1369326114654541, 0.0010564327239990234, 0.0010747909545898438, 0.0010199546813964844, 0.35123705863952637, 0.17207050323486328], []], "val.compute_time": [[12.293508529663086, 0.29203057289123535, 0.28424882888793945, 0.3907034397125244, 0.4513258934020996, 0.524533748626709, 0.4912431240081787], [0.20180606842041016, 0.3657104969024658, 0.47840285301208496, 0.45638489723205566, 0.461871862411499, 0.17231059074401855, 0.3186929225921631], []]}, "event": {}}