{"run": {"data": "/data/imagenet", "data_backend": "dali-gpu", "arch": "resnet50", "model_config": "fanin", "workers": 3, "epochs": 2, "start_epoch": 0, "batch_size": 256, "optimizer_batch_size": -1, "lr": 0.1, "lr_schedule": "step", "warmup": 0, "label_smoothing": 0.1, "mixup": 0.1, "true_weight_decay": false, "momentum": 0.9, "weight_decay": 0.0001, "bn_weight_decay": false, "nesterov": false, "print_freq": 1, "resume": "", "pretrained_weights": "", "fp16": true, "static_loss_scale": 128.0, "dynamic_loss_scale": false, "prof": 100, "local_rank": 0, "seed": null, "gather_checkpoints": false, "raport_file": "/data/workspace/./raport_16GPU_256BS_dali-gpu_inferencebench.json", "final_weights": "model.pth.tar", "evaluate": true, "training_only": false, "save_checkpoints": false, "workspace": "/data/workspace", "distributed": true, "gpu": 0, "world_size": 16}, "epoch": {"ep": [0, 1], "val.top1": [0.09390024038461539, 0.10172526041666667], "val.top5": [0.47513521634615385, 0.5147298177083334], "val.loss": [2255.3846153846152, 2254.1666666666665], "val.compute_ips": [17084.690708961316, 18246.445752570413], "val.total_ips": [14368.53590546453, 15288.604879650287], "val.data_time": [0.02411515896136944, 0.02703780174255371], "val.compute_time": [1.0092580318450928, 0.6336491680145264]}, "iter": {"it": [[], []], "val.it": [[1, 2, 3, 4, 5, 6, 7, 8, 9, 10, 11, 12, 13, 1, 2, 3, 4, 5, 6, 7, 8, 9, 10, 11, 12]], "val.top1": [[0.0, 0.0, 0.0, 0.0, 0.0, 0.0, 0.0, 0.0, 0.8544921875, 0.3662109375, 0.0, 0.0, 0.0], [0.0, 0.0, 0.0, 0.0, 0.0, 0.0, 0.0, 0.0, 1.220703125, 0.0, 0.0, 0.0], []], "val.top5": [[0.29296875, 0.927734375, 0.0, 1.3427734375, 2.392578125, 0.0, 0.0, 0.0, 0.8544921875, 0.3662109375, 0.0, 0.0, 0.0], [1.220703125, 0.0, 1.220703125, 2.5146484375, 0.0, 0.0, 0.0, 0.0, 1.220703125, 0.0, 0.0, 0.0], []], "val.loss": [[2290.0, 2168.0, 2172.0, 2172.0, 2256.0, 2238.0, 2322.0, 2392.0, 2284.0, 2238.0, 2298.0, 2212.0, 2278.0], [2182.0, 2208.0, 2126.0, 2256.0, 2216.0, 2334.0, 2374.0, 2302.0, 2248.0, 2324.0, 2228.0, 2252.0], []], "val.compute_ips": [[400.704386391313, 20065.510283360334, 22150.081721273007, 14956.313983998885, 36284.25526738194, 25179.384967587524, 16123.702195392978, 13563.211666661404, 15285.383471196441, 14426.245204370563, 13011.947288336496, 14242.473055987108, 16411.76572455918], [18358.50346495348, 14641.875728903351, 14567.79135507778, 15242.447419810187, 16426.500587553055, 15792.004647554335, 20382.729816435392, 18530.901629070653, 22170.405231119847, 40644.71137776684, 21773.155932723224, 15529.13740679509], []], "val.total_ips": [[400.6934237685219, 19955.47639590666, 18769.22870118789, 14917.237514967279, 14481.733896534894, 16522.31412639763, 15053.726074426258, 13531.39826878697, 15239.608010878928, 14383.127562066431, 12978.653189313003, 14207.139004434182, 16350.630602370193], [15955.78892503787, 14601.96523209907, 14530.556423053858, 15201.957673109408, 16377.596253906153, 15745.342517880907, 20307.43802106174, 18129.14761121863, 22072.334576999372, 12845.155764774845, 14785.822701316361, 14871.049519760123], []], "val.data_time": [[0.0002796649932861328, 0.0011255741119384766, 0.033309221267700195, 0.0007174015045166016, 0.1699526309967041, 0.08523440361022949, 0.018056154251098633, 0.0007100105285644531, 0.000804901123046875, 0.0008511543273925781, 0.0008075237274169922, 0.0007152557373046875, 0.0009331703186035156], [0.033597469329833984, 0.0007646083831787109, 0.0007205009460449219, 0.0007157325744628906, 0.0007445812225341797, 0.0007686614990234375, 0.0007450580596923828, 0.0048983097076416016, 0.0008208751678466797, 0.21809935569763184, 0.08890056610107422, 0.011672258377075195], []], "val.compute_time": [[10.221999406814575, 0.2041313648223877, 0.1849203109741211, 0.2738642692565918, 0.11288642883300781, 0.162672758102417, 0.25403594970703125, 0.30199337005615234, 0.26796841621398926, 0.28392696380615234, 0.3147876262664795, 0.28759050369262695, 0.24957704544067383], [0.22311186790466309, 0.27974557876586914, 0.28116822242736816, 0.2687232494354248, 0.24935317039489746, 0.2593717575073242, 0.20095443725585938, 0.22103619575500488, 0.18475079536437988, 0.10077571868896484, 0.18812155723571777, 0.2637622356414795], []]}, "event": {}}