{"run": {"data": "/data/imagenet", "data_backend": "dali-cpu", "arch": "resnet50", "model_config": "fanin", "workers": 3, "epochs": 2, "start_epoch": 0, "batch_size": 512, "optimizer_batch_size": -1, "lr": 0.1, "lr_schedule": "step", "warmup": 0, "label_smoothing": 0.1, "mixup": 0.1, "true_weight_decay": false, "momentum": 0.9, "weight_decay": 0.0001, "bn_weight_decay": false, "nesterov": false, "print_freq": 1, "resume": "", "pretrained_weights": "", "fp16": true, "static_loss_scale": 128.0, "dynamic_loss_scale": false, "prof": 100, "local_rank": 0, "seed": null, "gather_checkpoints": false, "raport_file": "/data/workspace/./raport_16GPU_512BS_dali-cpu_inferencebench.json", "final_weights": "model.pth.tar", "evaluate": true, "training_only": false, "save_checkpoints": false, "workspace": "/data/workspace", "distributed": true, "gpu": 0, "world_size": 16}, "epoch": {"ep": [0, 1], "val.top1": [0.08719308035714286, 0.10172526041666667], "val.top5": [0.47433035714285715, 0.4923502604166667], "val.loss": [922.0714285714286, 918.4166666666666], "val.compute_ips": [22712.232652567192, 21728.442072681115], "val.total_ips": [14920.11870826722, 14889.792476410577], "val.data_time": [0.1124441283089774, 0.1170655397268442], "val.compute_time": [2.1801042897360667, 1.3735146339123065]}, "iter": {"it": [[], []], "val.it": [[1, 2, 3, 4, 5, 6, 7, 1, 2, 3, 4, 5, 6]], "val.top1": [[0.0, 0.0, 0.0, 0.0, 0.0, 0.6103515625, 0.0], [0.0, 0.0, 0.0, 0.0, 0.6103515625, 0.0], []], "val.top5": [[0.3662109375, 0.0, 0.57373046875, 0.42724609375, 0.3662109375, 1.220703125, 0.3662109375], [0.0, 0.57373046875, 0.0, 0.79345703125, 0.98876953125, 0.59814453125], []], "val.loss": [[930.5, 887.5, 923.0, 938.5, 899.0, 924.0, 952.0], [880.0, 899.5, 956.5, 901.5, 910.0, 963.0], []], "val.compute_ips": [[627.9502600393627, 26022.14047215852, 39019.617123337455, 23130.23875488896, 14624.276811236434, 14170.413455891572, 41390.99169041808], [20680.73503118084, 14916.240231437909, 17568.600830270992, 34688.0608640785, 20852.58238865844, 14777.899031257473], []], "val.total_ips": [[627.938313472775, 25897.751617868078, 20465.954463500217, 14438.684862797832, 13616.36987351263, 14140.275551458484, 15253.856275260507], [13713.878410135894, 14886.061137293333, 17527.322052711934, 14282.07833588412, 14322.573134049635, 14394.55816539205], []], "val.data_time": [[0.00024819374084472656, 0.0015120506286621094, 0.19032883644104004, 0.2131962776184082, 0.04146432876586914, 0.001232147216796875, 0.3391270637512207], [0.2012336254119873, 0.0011134147644042969, 0.0010981559753417969, 0.33742403984069824, 0.17911124229431152, 0.014762639999389648], []], "val.compute_time": [[13.045619249343872, 0.31480884552001953, 0.2099456787109375, 0.3541684150695801, 0.5601644515991211, 0.5781059265136719, 0.19791746139526367], [0.3961174488067627, 0.5492000579833984, 0.46628642082214355, 0.2361619472503662, 0.3928530216217041, 0.5543413162231445], []]}, "event": {}}