{"run": {"data": "/data/imagenet", "data_backend": "dali-cpu", "arch": "resnet50", "model_config": "fanin", "workers": 3, "epochs": 2, "start_epoch": 0, "batch_size": 224, "optimizer_batch_size": -1, "lr": 0.1, "lr_schedule": "step", "warmup": 0, "label_smoothing": 0.1, "mixup": 0.1, "true_weight_decay": false, "momentum": 0.9, "weight_decay": 0.0001, "bn_weight_decay": false, "nesterov": false, "print_freq": 1, "resume": "", "pretrained_weights": "", "fp16": true, "static_loss_scale": 128.0, "dynamic_loss_scale": false, "prof": 100, "local_rank": 0, "seed": null, "gather_checkpoints": false, "raport_file": "/data/workspace/./raport_16GPU_224BS_dali-cpu_inferencebench.json", "final_weights": "model.pth.tar", "evaluate": true, "training_only": false, "save_checkpoints": false, "workspace": "/data/workspace", "distributed": true, "gpu": 0, "world_size": 16}, "epoch": {"ep": [0, 1], "val.top1": [0.09367027785629034, 0.09367027878761292], "val.top5": [0.4803093023864286, 0.47831632223512444], "val.loss": [2379.714285714286, 2379.8571428571427], "val.compute_ips": [15307.814909919896, 15840.689230688376], "val.total_ips": [14873.356777248027, 15563.717646127514], "val.data_time": [0.006440656525748116, 0.004078047616141183], "val.compute_time": [0.8802724395479474, 0.5506321447236198]}, "iter": {"it": [[], []], "val.it": [[1, 2, 3, 4, 5, 6, 7, 8, 9, 10, 11, 12, 13, 14, 1, 2, 3, 4, 5, 6, 7, 8, 9, 10, 11, 12, 13, 14]], "val.top1": [[0.0, 0.0, 0.0, 1.0323660373687744, 0.0, 0.0, 0.0, 0.0, 0.0, 0.0, 0.0, 0.2511160671710968, 0.02790178544819355, 0.0], [0.0, 0.0, 0.0, 1.0323660373687744, 0.0, 0.0, 0.0, 0.0, 0.0, 0.0, 0.0, 0.2790178656578064, 0.0, 0.0], []], "val.top5": [[0.0, 0.0, 1.7857142686843872, 3.236607074737549, 0.02790178544819355, 0.0, 0.0, 0.0, 0.2790178656578064, 0.0, 0.0, 1.0323660373687744, 0.3627232015132904, 0.0], [0.0, 0.0, 1.8694196939468384, 3.1529016494750977, 0.0, 0.0, 0.0, 0.0, 0.2790178656578064, 0.0, 0.0, 1.3392857313156128, 0.0558035708963871, 0.0], []], "val.loss": [[2334.0, 2428.0, 2136.0, 2172.0, 2314.0, 2430.0, 2380.0, 2508.0, 2504.0, 2574.0, 2324.0, 2462.0, 2408.0, 2342.0], [2332.0, 2418.0, 2128.0, 2184.0, 2324.0, 2422.0, 2402.0, 2502.0, 2510.0, 2560.0, 2332.0, 2460.0, 2394.0, 2350.0], []], "val.compute_ips": [[380.02938973628426, 20967.190836713402, 16377.984352409621, 15217.56812248249, 14887.485638282595, 14810.66980895987, 16242.85156303182, 14508.526181176268, 14859.965357951687, 16904.94645479797, 23508.23132307038, 17021.366221743127, 14021.622832496647, 14600.970656026388], [17855.352472627324, 15694.53809837024, 15681.162262277194, 14624.37995950964, 15686.038443999922, 13727.792254662645, 15965.301992637797, 15722.443584943156, 18721.91291395265, 17410.82628189017, 20402.17742870211, 15776.185346532991, 15440.73111096046, 16521.04756932958], []], "val.total_ips": [[380.0215502489517, 20827.603814601393, 14504.872338783134, 15173.56034141654, 14530.642452128019, 14624.579146499851, 16001.278979486911, 14459.861769113711, 14814.070577893583, 16850.617742241033, 23398.274960036237, 14257.125806044707, 13982.274755069979, 14422.210647908296], [17797.598399299102, 15649.280159903392, 15631.201223677876, 14580.308490930218, 15639.592723489479, 13691.395495580831, 15894.587431205757, 15674.425686546636, 18633.055889057327, 17350.298689411997, 20316.36814498963, 14833.951763262832, 15395.51965817743, 16469.515454565375], []], "val.data_time": [[0.000194549560546875, 0.0011456012725830078, 0.0282590389251709, 0.0006830692291259766, 0.005912065505981445, 0.0030791759490966797, 0.0033311843872070312, 0.0008313655853271484, 0.0007472038269042969, 0.0006835460662841797, 0.0007164478302001953, 0.040824174880981445, 0.0007193088531494141, 0.003042459487915039], [0.0006513595581054688, 0.0006604194641113281, 0.0007305145263671875, 0.0007407665252685547, 0.0006785392761230469, 0.0006940364837646484, 0.0009987354278564453, 0.0006983280181884766, 0.0009129047393798828, 0.0007181167602539062, 0.0007419586181640625, 0.014430046081542969, 0.0006816387176513672, 0.0006787776947021484], []], "val.compute_time": [[9.430849552154541, 0.17093372344970703, 0.21883034706115723, 0.23551726341247559, 0.240739107131958, 0.2419877052307129, 0.22065091133117676, 0.24702715873718262, 0.24118494987487793, 0.21200895309448242, 0.15245723724365234, 0.21055889129638672, 0.25560522079467773, 0.24546313285827637], [0.20072412490844727, 0.22835969924926758, 0.22855448722839355, 0.245070219039917, 0.2284834384918213, 0.2610762119293213, 0.2244868278503418, 0.22795438766479492, 0.19143342971801758, 0.20584893226623535, 0.17566752433776855, 0.22717785835266113, 0.23211336135864258, 0.216935396194458], []]}, "event": {}}