{"run": {"data": "/data/imagenet", "data_backend": "pytorch", "arch": "resnet50", "model_config": "fanin", "workers": 3, "epochs": 2, "start_epoch": 0, "batch_size": 448, "optimizer_batch_size": -1, "lr": 0.1, "lr_schedule": "step", "warmup": 0, "label_smoothing": 0.1, "mixup": 0.1, "true_weight_decay": false, "momentum": 0.9, "weight_decay": 0.0001, "bn_weight_decay": false, "nesterov": false, "print_freq": 1, "resume": "", "pretrained_weights": "", "fp16": true, "static_loss_scale": 128.0, "dynamic_loss_scale": false, "prof": 100, "local_rank": 0, "seed": null, "gather_checkpoints": false, "raport_file": "/data/workspace/./raport_16GPU_448BS_pytorch_inferencebench.json", "final_weights": "model.pth.tar", "evaluate": true, "training_only": false, "save_checkpoints": false, "workspace": "/data/workspace", "distributed": true, "gpu": 0, "world_size": 16}, "epoch": {"ep": [0, 1], "val.top1": [0.09202846192887851, 0.09182779544166156], "val.top5": [0.5204836896487645, 0.5199318613324847], "val.loss": [1135.7142857142858, 1136.0], "val.compute_ips": [27982.42605829337, 27634.248898945712], "val.total_ips": [27477.60619454042, 21811.285863045854], "val.data_time": [0.3351921694619315, 0.4715280362537929], "val.compute_time": [2.891995532172067, 1.6048427309308733]}, "iter": {"it": [[], []], "val.it": [[1, 2, 3, 4, 5, 6, 7, 1, 2, 3, 4, 5, 6, 7]], "val.top1": [[0.1255580335855484, 0.09765625, 0.0418526791036129, 0.0837053582072258, 0.09765625, 0.09765625, 0.10011441260576248], [0.0837053582072258, 0.1116071417927742, 0.09765625, 0.1255580335855484, 0.0697544664144516, 0.1116071417927742, 0.042906176298856735], []], "val.top5": [[0.4882812798023224, 0.5301339030265808, 0.5022321939468384, 0.4464285671710968, 0.4743303656578064, 0.5440848469734192, 0.6578946709632874], [0.5719866156578064, 0.4743303656578064, 0.5022321939468384, 0.5580357313156128, 0.5022321343421936, 0.5301339626312256, 0.5005720257759094], []], "val.loss": [[1127.0, 1143.0, 1140.0, 1137.0, 1130.0, 1136.0, 1137.0], [1135.0, 1133.0, 1135.0, 1130.0, 1148.0, 1134.0, 1137.0], []], "val.compute_ips": [[569.4930933401267, 27513.776276931723, 41442.01254366159, 41756.91646747547, 41670.507440179186, 41882.09827497099, 1042.1783114944874], [17987.432974838342, 42175.45215964088, 14673.214589283518, 39530.353825986225, 24576.95762659907, 14058.109354360104, 38000.981646478314], []], "val.total_ips": [[483.9876161975541, 24415.292195573948, 41353.99935626745, 41677.49712975504, 41558.87550627155, 41824.94055846772, 1028.6509992496951], [2850.515701421827, 23002.374906754172, 4183.49100643468, 28023.588903450473, 24545.074678335837, 6524.229362966486, 23885.48416149549], []], "val.data_time": [[2.2236642837524414, 0.03306245803833008, 0.0003681182861328125, 0.00032711029052734375, 0.0004620552062988281, 0.0002338886260986328, 0.0882272720336914], [2.1161322593688965, 0.1416633129119873, 1.2248923778533936, 0.07445549964904785, 0.0003788471221923828, 0.5887901782989502, 0.1087348461151123], []], "val.compute_time": [[12.586632013320923, 0.26052403450012207, 0.17296457290649414, 0.1716601848602295, 0.17201614379882812, 0.17114710807800293, 6.709024667739868], [0.3985004425048828, 0.16995668411254883, 0.4885091781616211, 0.18132901191711426, 0.2916553020477295, 0.5098836421966553, 0.18399524688720703], []]}, "event": {}}