{"run": {"data": "/data/imagenet", "data_backend": "pytorch", "arch": "resnet50", "model_config": "fanin", "workers": 3, "epochs": 2, "start_epoch": 0, "batch_size": 224, "optimizer_batch_size": -1, "lr": 0.1, "lr_schedule": "step", "warmup": 0, "label_smoothing": 0.1, "mixup": 0.1, "true_weight_decay": false, "momentum": 0.9, "weight_decay": 0.0001, "bn_weight_decay": false, "nesterov": false, "print_freq": 1, "resume": "", "pretrained_weights": "", "fp16": true, "static_loss_scale": 128.0, "dynamic_loss_scale": false, "prof": 100, "local_rank": 0, "seed": null, "gather_checkpoints": false, "raport_file": "/data/workspace/./raport_16GPU_224BS_pytorch_inferencebench.json", "final_weights": "model.pth.tar", "evaluate": true, "training_only": false, "save_checkpoints": false, "workspace": "/data/workspace", "distributed": true, "gpu": 0, "world_size": 16}, "epoch": {"ep": [0, 1], "val.top1": [0.10016385572297233, 0.10006093247128385], "val.top5": [0.5122625785214561, 0.5121596647160394], "val.loss": [1226.357142857143, 1226.4285714285713], "val.compute_ips": [32384.180747244052, 27666.15594386889], "val.total_ips": [22641.14621961278, 20634.59569786785], "val.data_time": [0.23512123312268937, 0.18116518429347447], "val.compute_time": [1.1780142443520683, 0.7489735909870693]}, "iter": {"it": [[], []], "val.it": [[1, 2, 3, 4, 5, 6, 7, 8, 9, 10, 11, 12, 13, 14, 1, 2, 3, 4, 5, 6, 7, 8, 9, 10, 11, 12, 13, 14]], "val.top1": [[0.0837053582072258, 0.0558035708963871, 0.1116071417927742, 0.0558035708963871, 0.0837053582072258, 0.0837053582072258, 0.1674107164144516, 0.1674107164144516, 0.1953125, 0.0837053582072258, 0.0837053582072258, 0.0, 0.0837053582072258, 0.14671361446380615], [0.1395089328289032, 0.02790178544819355, 0.1395089328289032, 0.1116071417927742, 0.1116071417927742, 0.1395089328289032, 0.02790178544819355, 0.0837053582072258, 0.0558035708963871, 0.1395089328289032, 0.1395089328289032, 0.02790178544819355, 0.1395089328289032, 0.11737088859081268], []], "val.top5": [[0.3627232313156128, 0.3348214328289032, 0.6975446343421936, 0.390625, 0.5859375, 0.4185267984867096, 0.613839328289032, 0.5859375596046448, 0.5859375, 0.5022321939468384, 0.5859375596046448, 0.2790178656578064, 0.641741156578064, 0.5868543386459351], [0.418526828289032, 0.5022321939468384, 0.5859375, 0.4743303954601288, 0.3906250298023224, 0.5022321939468384, 0.4743303656578064, 0.6696428656578064, 0.3627232313156128, 0.7533482909202576, 0.3906250298023224, 0.418526828289032, 0.6696428656578064, 0.5575116872787476], []], "val.loss": [[1226.0, 1222.0, 1222.0, 1241.0, 1226.0, 1222.0, 1222.0, 1231.0, 1230.0, 1229.0, 1225.0, 1230.0, 1229.0, 1214.0], [1225.0, 1220.0, 1220.0, 1229.0, 1231.0, 1219.0, 1223.0, 1221.0, 1234.0, 1236.0, 1242.0, 1224.0, 1211.0, 1235.0], []], "val.compute_ips": [[336.3343905041938, 22975.392164234992, 38509.13014942655, 39693.4492067851, 40199.9934107076, 40344.45837772846, 40856.42329560897, 41534.64687613974, 41554.5099695647, 23575.331125163102, 41585.66320681642, 41554.96945655389, 39924.42794956988, 733.8008826131675], [8332.198273740501, 25003.84318774191, 4206.558653711888, 20165.220629918935, 39753.1768034844, 3834.0400916248827, 41516.981247134594, 38756.64671819649, 5612.948558003586, 23219.768945127867, 39807.60206129875, 6280.060248931661, 29203.38794128389, 35581.40260671293], []], "val.total_ips": [[298.6189532752387, 18969.626328641105, 38206.01423284942, 39403.05983439187, 39824.68668800203, 39955.20182015836, 40288.6642420474, 4416.4603342580085, 11099.368651733013, 23490.010963390774, 4368.926988592603, 16144.98487896405, 39788.42569770889, 721.9974605661934], [2257.2169607064825, 22769.614335158552, 3094.132647449176, 15726.522799316219, 39474.14377547162, 3831.038397325478, 19684.296618714267, 38492.958253419136, 5609.450717806191, 16339.371893783764, 39620.11195188357, 6275.650431189417, 29110.41521944569, 18507.708464051313], []], "val.data_time": [[1.345855712890625, 0.03294062614440918, 0.0007383823394775391, 0.0006654262542724609, 0.0008401870727539062, 0.0008654594421386719, 0.0012362003326416016, 0.7252202033996582, 0.23665308952331543, 0.0005521774291992188, 0.7341551780700684, 0.1357412338256836, 0.00030684471130371094, 0.07592654228210449], [1.1576573848724365, 0.014064788818359375, 0.3063185214996338, 0.05016350746154785, 0.0006372928619384766, 0.000732421875, 0.0957479476928711, 0.0006334781646728516, 0.0003981590270996094, 0.06499624252319336, 0.0004260540008544922, 0.0004010200500488281, 0.00039196014404296875, 0.08835911750793457], []], "val.compute_time": [[10.65606164932251, 0.15599298477172852, 0.09306883811950684, 0.09029197692871094, 0.08915424346923828, 0.08883500099182129, 0.0877218246459961, 0.0862894058227539, 0.08624815940856934, 0.1520233154296875, 0.08618354797363281, 0.08624720573425293, 0.08976960182189941, 4.6443116664886475], [0.43013858795166016, 0.14333796501159668, 0.8520028591156006, 0.17773175239562988, 0.09015631675720215, 0.9347841739654541, 0.08632612228393555, 0.09247446060180664, 0.6385235786437988, 0.15435123443603516, 0.09003305435180664, 0.570695161819458, 0.1227254867553711, 0.0957803726196289], []]}, "event": {}}