{"run": {"data": "/data/imagenet", "data_backend": "dali-gpu", "arch": "resnet50", "model_config": "fanin", "workers": 3, "epochs": 2, "start_epoch": 0, "batch_size": 448, "optimizer_batch_size": -1, "lr": 0.1, "lr_schedule": "step", "warmup": 0, "label_smoothing": 0.1, "mixup": 0.1, "true_weight_decay": false, "momentum": 0.9, "weight_decay": 0.0001, "bn_weight_decay": false, "nesterov": false, "print_freq": 1, "resume": "", "pretrained_weights": "", "fp16": true, "static_loss_scale": 128.0, "dynamic_loss_scale": false, "prof": 100, "local_rank": 0, "seed": null, "gather_checkpoints": false, "raport_file": "/data/workspace/./raport_16GPU_448BS_dali-gpu_inferencebench.json", "final_weights": "model.pth.tar", "evaluate": true, "training_only": false, "save_checkpoints": false, "workspace": "/data/workspace", "distributed": true, "gpu": 0, "world_size": 16}, "epoch": {"ep": [0, 1], "val.top1": [0.09964923347745623, 0.09964923347745623], "val.top5": [0.4823022889239447, 0.4823022889239447], "val.loss": [1562.142857142857, 1562.5714285714287], "val.compute_ips": [16342.738205991449, 17274.236343410634], "val.total_ips": [14402.882280703981, 14542.32294825578], "val.data_time": [0.034367459160940986, 0.04968517167227609], "val.compute_time": [2.1161201340811595, 1.2707929611206055]}, "iter": {"it": [[], []], "val.it": [[1, 2, 3, 4, 5, 6, 7, 1, 2, 3, 4, 5, 6, 7]], "val.top1": [[0.0, 0.0, 0.6975446343421936, 0.0, 0.0, 0.0, 0.0], [0.0, 0.0, 0.6975446343421936, 0.0, 0.0, 0.0, 0.0], []], "val.top5": [[0.0, 0.1674107164144516, 0.7533482313156128, 1.0602678060531616, 0.0, 0.6975446343421936, 0.6975446343421936], [0.0, 0.1674107164144516, 0.7533482313156128, 1.0602678060531616, 0.0, 0.6975446343421936, 0.6975446343421936], []], "val.loss": [[1632.0, 1523.0, 1516.0, 1547.0, 1600.0, 1584.0, 1533.0], [1628.0, 1522.0, 1520.0, 1548.0, 1602.0, 1581.0, 1537.0], []], "val.compute_ips": [[578.9258426646081, 24596.46121763432, 27626.332806807164, 18200.55638613442, 14491.022665741883, 14410.521113143943, 14495.347409813809], [14977.94072147743, 14605.070386628036, 15755.524732405585, 13761.938428073927, 16263.165649163007, 32952.533382436435, 19123.968065624365], []], "val.total_ips": [[578.8992453091186, 24458.851277011516, 17535.50935428706, 14947.08996710273, 14461.308464727896, 14380.262214945542, 14458.255441544008], [14948.271611641294, 14574.505581401887, 15720.207494724162, 13735.487658982684, 16225.731281710307, 13136.488155879066, 14431.653526313667], []], "val.data_time": [[0.0005688667297363281, 0.0016396045684814453, 0.1493079662322998, 0.0857241153717041, 0.001016378402709961, 0.0010466575622558594, 0.001268625259399414], [0.000949859619140625, 0.0010292530059814453, 0.0010221004486083984, 0.0010030269622802734, 0.001016855239868164, 0.32813072204589844, 0.12186837196350098], []], "val.compute_time": [[12.381551265716553, 0.291424036026001, 0.2594625949859619, 0.39383411407470703, 0.49465107917785645, 0.49741435050964355, 0.4945034980773926], [0.47857046127319336, 0.49078845977783203, 0.45495152473449707, 0.5208568572998047, 0.4407505989074707, 0.21752500534057617, 0.3748176097869873], []]}, "event": {}}