{"run": {"data": "/data/imagenet", "data_backend": "pytorch", "arch": "resnet50", "model_config": "fanin", "workers": 3, "epochs": 2, "start_epoch": 0, "batch_size": 512, "optimizer_batch_size": -1, "lr": 0.1, "lr_schedule": "step", "warmup": 0, "label_smoothing": 0.1, "mixup": 0.1, "true_weight_decay": false, "momentum": 0.9, "weight_decay": 0.0001, "bn_weight_decay": false, "nesterov": false, "print_freq": 1, "resume": "", "pretrained_weights": "", "fp16": true, "static_loss_scale": 128.0, "dynamic_loss_scale": false, "prof": 100, "local_rank": 0, "seed": null, "gather_checkpoints": false, "raport_file": "/data/workspace/./raport_16GPU_512BS_pytorch_inferencebench.json", "final_weights": "model.pth.tar", "evaluate": true, "training_only": false, "save_checkpoints": false, "workspace": "/data/workspace", "distributed": true, "gpu": 0, "world_size": 16}, "epoch": {"ep": [0, 1], "val.top1": [0.11739807895251683, 0.10229557965482984], "val.top5": [0.511477896145412, 0.48127290180751253], "val.loss": [1028.4285714285713, 1028.5714285714287], "val.compute_ips": [27087.490246642792, 27230.862239165832], "val.total_ips": [26512.072425387363, 22589.187596369087], "val.data_time": [0.38952810423714773, 0.47485707487378803], "val.compute_time": [2.4555019991738454, 1.4183888605662756]}, "iter": {"it": [[], []], "val.it": [[1, 2, 3, 4, 5, 6, 7, 1, 2, 3, 4, 5, 6, 7]], "val.top1": [[0.09765625, 0.10986328125, 0.10986328125, 0.08544921875, 0.10986328125, 0.0732421875, 0.2358490526676178], [0.048828125, 0.08544921875, 0.1708984375, 0.10986328125, 0.1220703125, 0.06103515625, 0.1179245263338089], []], "val.top5": [[0.50048828125, 0.5126953125, 0.5126953125, 0.45166015625, 0.4150390625, 0.59814453125, 0.5896226167678833], [0.29296875, 0.54931640625, 0.50048828125, 0.50048828125, 0.59814453125, 0.57373046875, 0.3537735939025879], []], "val.loss": [[1025.0, 1024.0, 1033.0, 1032.0, 1037.0, 1029.0, 1019.0], [1029.0, 1031.0, 1029.0, 1034.0, 1032.0, 1028.0, 1017.0], []], "val.compute_ips": [[617.4020470627457, 28411.740495307396, 41745.117591886126, 42184.18813603645, 41986.451284470146, 34365.511773978025, 302.0203977586717], [15036.841139990293, 25729.864593684455, 7314.378326965844, 41481.93827884864, 30702.10454700201, 42695.84615461084, 28658.66658072002], []], "val.total_ips": [[516.025652617476, 24756.13891210495, 41645.99707894013, 42107.05809372201, 41937.35756995817, 34327.882093417305, 294.0475769514941], [2701.4619901560995, 24393.76375922405, 3689.5273823323337, 21006.059993666342, 30672.55933748196, 42638.20090240791, 5562.546006186915], []], "val.data_time": [[2.6066782474517822, 0.04257631301879883, 0.00046706199645996094, 0.00035572052001953125, 0.00022840499877929688, 0.0002613067626953125, 0.07612967491149902], [2.4876368045806885, 0.017438650131225586, 1.1003527641296387, 0.19249916076660156, 0.0002570152282714844, 0.0002593994140625, 0.12285852432250977], []], "val.compute_time": [[13.26850152015686, 0.2883315086364746, 0.19623851776123047, 0.19419598579406738, 0.19511055946350098, 0.23837852478027344, 2.8077573776245117], [0.5447952747344971, 0.31838488578796387, 1.119985818862915, 0.19748353958129883, 0.26682209968566895, 0.19186878204345703, 0.02958965301513672], []]}, "event": {}}