{"run": {"data": "/data/imagenet", "data_backend": "dali-cpu", "arch": "resnet50", "model_config": "fanin", "workers": 3, "epochs": 2, "start_epoch": 0, "batch_size": 512, "optimizer_batch_size": -1, "lr": 0.1, "lr_schedule": "step", "warmup": 0, "label_smoothing": 0.1, "mixup": 0.1, "momentum": 0.9, "weight_decay": 0.0001, "bn_weight_decay": false, "nesterov": false, "print_freq": 1, "resume": "", "pretrained_weights": "", "fp16": false, "static_loss_scale": 128.0, "dynamic_loss_scale": false, "prof": 100, "amp": true, "local_rank": 0, "seed": null, "gather_checkpoints": false, "raport_file": "/data/workspace/./raport_16GPU_512BS_dali-cpu_trainingbench.json", "final_weights": "model.pth.tar", "evaluate": false, "training_only": true, "save_checkpoints": false, "workspace": "/data/workspace", "distributed": true, "gpu": 0, "world_size": 16}, "epoch": {"ep": [0, 1], "train.top1": [0.0, 0.0], "train.top5": [0.0, 0.0], "train.loss": [6.789738655090332, 6.376755578177316], "train.compute_ips": [9901.253718874674, 8912.421613382861], "train.total_ips": [4714.204309118422, 4706.045836819533], "train.data_time": [0.7956881904602051, 0.6758884267929273], "train.compute_time": [1.4074460673332214, 1.3696513038415175]}, "iter": {"it": [[1, 2, 3, 4, 5, 6, 7, 8, 9, 10, 11, 12, 13, 14, 15, 16, 17, 18, 19, 20, 21, 22, 23, 24, 25, 26, 27, 28, 29, 30, 31, 32, 33, 34, 35, 36, 37, 38, 39, 40, 41, 42, 43, 44, 45, 46, 47, 48, 49, 50, 51, 52, 53, 54, 55, 56, 57, 58, 59, 60, 61, 62, 63, 64, 65, 66, 67, 68, 69, 70, 71, 72, 73, 74, 75, 76, 77, 78, 79, 80, 81, 82, 83, 84, 85, 86, 87, 88, 89, 90, 91, 92, 93, 94, 95, 96, 97, 98, 99, 100], [1, 2, 3, 4, 5, 6, 7, 8, 9, 10, 11, 12, 13, 14, 15, 16, 17, 18, 19, 20, 21, 22, 23, 24, 25, 26, 27, 28, 29, 30, 31, 32, 33, 34, 35, 36, 37, 38, 39, 40, 41, 42, 43, 44, 45, 46, 47, 48, 49, 50, 51, 52, 53, 54, 55, 56]], "lr": [[0.1, 0.1, 0.1, 0.1, 0.1, 0.1, 0.1, 0.1, 0.1, 0.1, 0.1, 0.1, 0.1, 0.1, 0.1, 0.1, 0.1, 0.1, 0.1, 0.1, 0.1, 0.1, 0.1, 0.1, 0.1, 0.1, 0.1, 0.1, 0.1, 0.1, 0.1, 0.1, 0.1, 0.1, 0.1, 0.1, 0.1, 0.1, 0.1, 0.1, 0.1, 0.1, 0.1, 0.1, 0.1, 0.1, 0.1, 0.1, 0.1, 0.1, 0.1, 0.1, 0.1, 0.1, 0.1, 0.1, 0.1, 0.1, 0.1, 0.1, 0.1, 0.1, 0.1, 0.1, 0.1, 0.1, 0.1, 0.1, 0.1, 0.1, 0.1, 0.1, 0.1, 0.1, 0.1, 0.1, 0.1, 0.1, 0.1, 0.1, 0.1, 0.1, 0.1, 0.1, 0.1, 0.1, 0.1, 0.1, 0.1, 0.1, 0.1, 0.1, 0.1, 0.1, 0.1, 0.1, 0.1, 0.1, 0.1, 0.1, 0.1, 0.1, 0.1, 0.1, 0.1, 0.1, 0.1, 0.1, 0.1, 0.1, 0.1, 0.1, 0.1, 0.1, 0.1, 0.1, 0.1, 0.1, 0.1, 0.1, 0.1, 0.1, 0.1, 0.1, 0.1, 0.1, 0.1, 0.1, 0.1, 0.1, 0.1, 0.1, 0.1, 0.1, 0.1, 0.1, 0.1, 0.1, 0.1, 0.1, 0.1, 0.1, 0.1, 0.1, 0.1, 0.1, 0.1, 0.1, 0.1, 0.1, 0.1, 0.1, 0.1, 0.1, 0.1, 0.1]], "train.top1": [[0.0, 0.0, 0.0, 0.0, 0.0, 0.0, 0.0, 0.0, 0.0, 0.0, 0.0, 0.0, 0.0, 0.0, 0.0, 0.0, 0.0, 0.0, 0.0, 0.0, 0.0, 0.0, 0.0, 0.0, 0.0, 0.0, 0.0, 0.0, 0.0, 0.0, 0.0, 0.0, 0.0, 0.0, 0.0, 0.0, 0.0, 0.0, 0.0, 0.0, 0.0, 0.0, 0.0, 0.0, 0.0, 0.0, 0.0, 0.0, 0.0, 0.0, 0.0, 0.0, 0.0, 0.0, 0.0, 0.0, 0.0, 0.0, 0.0, 0.0, 0.0, 0.0, 0.0, 0.0, 0.0, 0.0, 0.0, 0.0, 0.0, 0.0, 0.0, 0.0, 0.0, 0.0, 0.0, 0.0, 0.0, 0.0, 0.0, 0.0, 0.0, 0.0, 0.0, 0.0, 0.0, 0.0, 0.0, 0.0, 0.0, 0.0, 0.0, 0.0, 0.0, 0.0, 0.0, 0.0, 0.0, 0.0, 0.0, 0.0], [0.0, 0.0, 0.0, 0.0, 0.0, 0.0, 0.0, 0.0, 0.0, 0.0, 0.0, 0.0, 0.0, 0.0, 0.0, 0.0, 0.0, 0.0, 0.0, 0.0, 0.0, 0.0, 0.0, 0.0, 0.0, 0.0, 0.0, 0.0, 0.0, 0.0, 0.0, 0.0, 0.0, 0.0, 0.0, 0.0, 0.0, 0.0, 0.0, 0.0, 0.0, 0.0, 0.0, 0.0, 0.0, 0.0, 0.0, 0.0, 0.0, 0.0, 0.0, 0.0, 0.0, 0.0, 0.0, 0.0], []], "train.top5": [[0.0, 0.0, 0.0, 0.0, 0.0, 0.0, 0.0, 0.0, 0.0, 0.0, 0.0, 0.0, 0.0, 0.0, 0.0, 0.0, 0.0, 0.0, 0.0, 0.0, 0.0, 0.0, 0.0, 0.0, 0.0, 0.0, 0.0, 0.0, 0.0, 0.0, 0.0, 0.0, 0.0, 0.0, 0.0, 0.0, 0.0, 0.0, 0.0, 0.0, 0.0, 0.0, 0.0, 0.0, 0.0, 0.0, 0.0, 0.0, 0.0, 0.0, 0.0, 0.0, 0.0, 0.0, 0.0, 0.0, 0.0, 0.0, 0.0, 0.0, 0.0, 0.0, 0.0, 0.0, 0.0, 0.0, 0.0, 0.0, 0.0, 0.0, 0.0, 0.0, 0.0, 0.0, 0.0, 0.0, 0.0, 0.0, 0.0, 0.0, 0.0, 0.0, 0.0, 0.0, 0.0, 0.0, 0.0, 0.0, 0.0, 0.0, 0.0, 0.0, 0.0, 0.0, 0.0, 0.0, 0.0, 0.0, 0.0, 0.0], [0.0, 0.0, 0.0, 0.0, 0.0, 0.0, 0.0, 0.0, 0.0, 0.0, 0.0, 0.0, 0.0, 0.0, 0.0, 0.0, 0.0, 0.0, 0.0, 0.0, 0.0, 0.0, 0.0, 0.0, 0.0, 0.0, 0.0, 0.0, 0.0, 0.0, 0.0, 0.0, 0.0, 0.0, 0.0, 0.0, 0.0, 0.0, 0.0, 0.0, 0.0, 0.0, 0.0, 0.0, 0.0, 0.0, 0.0, 0.0, 0.0, 0.0, 0.0, 0.0, 0.0, 0.0, 0.0, 0.0], []], "train.loss": [[7.085946559906006, 7.021378040313721, 6.965340614318848, 6.958144664764404, 6.950342655181885, 6.967260837554932, 7.009264945983887, 7.000172138214111, 6.991934299468994, 6.979174613952637, 6.957231044769287, 6.955292224884033, 6.934443473815918, 6.942320823669434, 6.955045700073242, 6.965685844421387, 6.947085857391357, 6.975663185119629, 6.952712535858154, 6.947897434234619, 6.927546977996826, 6.933094024658203, 6.954286575317383, 6.939011096954346, 6.963902950286865, 6.93004846572876, 6.935308933258057, 6.912467002868652, 6.918393611907959, 6.924006462097168, 6.925347805023193, 6.909682750701904, 6.903264999389648, 6.883141040802002, 6.879215717315674, 6.890219211578369, 6.874083042144775, 6.861722469329834, 6.856978893280029, 6.860160827636719, 6.852726936340332, 6.860130786895752, 6.832581043243408, 6.843608379364014, 6.837519645690918, 6.829829216003418, 6.818418502807617, 6.8256916999816895, 6.8111572265625, 6.8127970695495605, 6.799725532531738, 6.792852401733398, 6.78996467590332, 6.780618667602539, 6.775269508361816, 6.780938625335693, 6.772836208343506, 6.77219820022583, 6.7586212158203125, 6.750984191894531, 6.750608921051025, 6.740493297576904, 6.717927932739258, 6.723809719085693, 6.704056739807129, 6.686893939971924, 6.728361129760742, 6.709592819213867, 6.697087287902832, 6.684700965881348, 6.685105800628662, 6.671106815338135, 6.64759635925293, 6.672536373138428, 6.6603217124938965, 6.653115749359131, 6.6752543449401855, 6.661472320556641, 6.664498329162598, 6.626362323760986, 6.61993408203125, 6.6294660568237305, 6.5977463722229, 6.598361492156982, 6.630906581878662, 6.619851589202881, 6.566618919372559, 6.568706512451172, 6.575098514556885, 6.574477672576904, 6.557190418243408, 6.595930099487305, 6.541074752807617, 6.537713050842285, 6.520918369293213, 6.571895599365234, 6.543899059295654, 6.540226936340332, 6.561177730560303, 6.519078731536865], [6.5459513664245605, 6.487151145935059, 6.517372131347656, 6.503156661987305, 6.4337568283081055, 6.448838710784912, 6.440256595611572, 6.492072582244873, 6.508953094482422, 6.461207389831543, 6.415595054626465, 6.423954486846924, 6.412027359008789, 6.4560322761535645, 6.4557390213012695, 6.434846878051758, 6.4323930740356445, 6.387736797332764, 6.450368881225586, 6.376710891723633, 6.4347991943359375, 6.429154396057129, 6.405112266540527, 6.462838649749756, 6.41741943359375, 6.435029029846191, 6.360225200653076, 6.407214164733887, 6.307243824005127, 6.351583957672119, 6.421454906463623, 6.379350662231445, 6.406371593475342, 6.411988258361816, 6.336917400360107, 6.371420860290527, 6.339517593383789, 6.302628040313721, 6.31018590927124, 6.26733922958374, 6.2703094482421875, 6.319955825805664, 6.3428192138671875, 6.3311614990234375, 6.293113708496094, 6.3076653480529785, 6.23961877822876, 6.265650272369385, 6.301613807678223, 6.283644199371338, 6.319522380828857, 6.273439407348633, 6.269948482513428, 6.190252304077148, 6.270744800567627, 6.176937103271484], []],