{"train.total_ips": {"8": {"128": {"pytorch": 2920.328364093226, "dali-gpu": 2902.3366135850274, "dali-cpu": 2936.6505606964383}, "256": {"pytorch": -1.0, "dali-gpu": -1.0, "dali-cpu": -1.0}}}}