{"train.total_ips": {"8": {"128": {"pytorch": 2908.5073025351753, "dali-gpu": 2892.184870287866, "dali-cpu": 2912.296508069585}, "256": {"pytorch": -1.0, "dali-gpu": -1.0, "dali-cpu": -1.0}}}}