{"train.total_ips": {"8": {"128": {"pytorch": 6355.334950398253, "dali-gpu": 6325.8719642664455, "dali-cpu": 6027.940129401722}, "256": {"pytorch": 6811.35937949949, "dali-gpu": -1.0, "dali-cpu": 6684.733062022043}}}}