{"run": {"data": "/data/imagenet", "data_backend": "dali-gpu", "arch": "resnet50", "model_config": "fanin", "workers": 5, "epochs": 2, "start_epoch": 0, "batch_size": 128, "optimizer_batch_size": -1, "lr": 0.1, "lr_schedule": "step", "warmup": 0, "label_smoothing": 0.1, "mixup": 0.0, "true_weight_decay": false, "momentum": 0.9, "weight_decay": 0.0001, "bn_weight_decay": false, "nesterov": false, "print_freq": 1, "resume": "", "pretrained_weights": "", "fp16": true, "static_loss_scale": 128.0, "dynamic_loss_scale": false, "prof": 100, "local_rank": 0, "seed": null, "gather_checkpoints": false, "raport_file": "/data/workspace/./raport_8GPU_128BS_dali-gpu_inferencebench.json", "final_weights": "model.pth.tar", "evaluate": true, "training_only": false, "save_checkpoints": false, "workspace": "/data/workspace", "distributed": true, "gpu": 0, "world_size": 8}, "epoch": {"ep": [0, 1], "val.top1": [0.09964923469387756, 0.09964923469387756], "val.top5": [0.47831632653061223, 0.4803093112244898], "val.loss": [1208.6122448979593, 1209.4489795918366], "val.compute_ips": [13330.730425097649, 13525.098934665168], "val.total_ips": [12084.849735398891, 12485.226019692245], "val.data_time": [0.007159748855902225, 0.005843211193473971], "val.compute_time": [0.19170051691483478, 0.13502703150924372]}, "iter": {"it": [[], []], "val.it": [[1, 2, 3, 4, 5, 6, 7, 8, 9, 10, 11, 12, 13, 14, 15, 16, 17, 18, 19, 20, 21, 22, 23, 24, 25, 26, 27, 28, 29, 30, 31, 32, 33, 34, 35, 36, 37, 38, 39, 40, 41, 42, 43, 44, 45, 46, 47, 48, 49, 1, 2, 3, 4, 5, 6, 7, 8, 9, 10, 11, 12, 13, 14, 15, 16, 17, 18, 19, 20, 21, 22, 23, 24, 25, 26, 27, 28, 29, 30, 31, 32, 33, 34, 35, 36, 37, 38, 39, 40, 41, 42, 43, 44, 45, 46, 47, 48, 49]], "val.top1": [[0.0, 0.0, 0.0, 0.0, 0.0, 0.0, 0.0, 0.0, 0.0, 0.0, 0.0, 0.0, 0.0, 0.0, 0.0, 0.0, 0.0, 0.0, 0.0, 0.0, 0.0, 0.0, 0.0, 0.0, 0.0, 0.0, 0.0, 0.0, 0.0, 0.0, 0.0, 0.0, 0.0, 0.0, 0.0, 0.0, 0.0, 0.0, 1.953125, 2.9296875, 0.0, 0.0, 0.0, 0.0, 0.0, 0.0, 0.0, 0.0, 0.0], [0.0, 0.0, 0.0, 0.0, 0.0, 0.0, 0.0, 0.0, 0.0, 0.0, 0.0, 0.0, 0.0, 0.0, 0.0, 0.0, 0.0, 0.0, 0.0, 0.0, 0.0, 0.0, 0.0, 0.0, 0.0, 0.0, 0.0, 0.0, 0.0, 0.0, 0.0, 0.0, 0.0, 0.0, 0.0, 0.0, 0.0, 0.0, 4.1015625, 0.78125, 0.0, 0.0, 0.0, 0.0, 0.0, 0.0, 0.0, 0.0, 0.0], []], "val.top5": [[0.390625, 2.5390625, 0.0, 0.0, 0.0, 0.0, 0.0, 0.0, 0.0, 0.0, 0.0, 0.0, 0.9765625, 0.0, 0.0, 0.0, 0.0, 0.0, 0.0, 0.0, 4.8828125, 0.0, 0.0, 0.0, 0.0, 0.0, 4.8828125, 0.0, 0.0, 0.0, 0.0, 0.0, 0.0, 0.0, 4.8828125, 0.0, 0.0, 0.0, 1.953125, 2.9296875, 0.0, 0.0, 0.0, 0.0, 0.0, 0.0, 0.0, 0.0, 0.0], [0.390625, 2.5390625, 0.0, 0.0, 0.0, 0.0, 0.0, 0.0, 0.0, 0.0, 0.0, 0.0, 1.07421875, 0.0, 0.0, 0.0, 0.0, 0.0, 0.0, 0.9765625, 3.90625, 0.0, 0.0, 0.0, 0.0, 0.0, 4.8828125, 0.0, 0.0, 0.0, 0.0, 0.0, 0.0, 0.1953125, 4.6875, 0.0, 0.0, 0.0, 4.1015625, 0.78125, 0.0, 0.0, 0.0, 0.0, 0.0, 0.0, 0.0, 0.0, 0.0], []], "val.loss": [[1158.0, 1274.0, 1157.0, 1290.0, 1213.0, 1169.0, 1289.0, 1191.0, 1208.0, 1227.0, 1219.0, 1156.0, 1135.0, 1221.0, 1274.0, 1278.0, 1070.0, 1285.0, 1302.0, 1161.0, 1168.0, 1188.0, 1114.0, 1140.0, 1232.0, 1165.0, 1163.0, 1188.0, 1138.0, 1180.0, 1220.0, 1240.0, 1178.0, 1127.0, 1217.0, 1208.0, 1233.0, 1230.0, 1065.0, 1153.0, 1305.0, 1228.0, 1391.0, 1250.0, 1252.0, 1239.0, 1291.0, 1231.0, 1211.0], [1188.0, 1276.0, 1156.0, 1299.0, 1237.0, 1170.0, 1234.0, 1199.0, 1267.0, 1201.0, 1199.0, 1134.0, 1174.0, 1209.0, 1258.0, 1289.0, 1113.0, 1256.0, 1275.0, 1161.0, 1205.0, 1136.0, 1133.0, 1172.0, 1201.0, 1161.0, 1161.0, 1208.0, 1098.0, 1200.0, 1248.0, 1217.0, 1153.0, 1153.0, 1241.0, 1178.0, 1227.0, 1225.0, 1060.0, 1166.0, 1369.0, 1191.0, 1415.0, 1224.0, 1241.0, 1219.0, 1334.0, 1214.0, 1218.0], []], "val.compute_ips": [[182.3676174468076, 12202.408952857715, 16332.102411998007, 10079.598446392321, 12550.163916031604, 11879.777659762789, 9880.302038187256, 9615.225295734792, 15499.701537351137, 19170.36669910106, 11562.799796471636, 14146.842697110333, 12489.76324811925, 8675.352108863874, 11299.244946870782, 15144.721507783988, 10784.46547061556, 18776.798328218312, 11373.38976201762, 13980.285193479507, 13999.287142396162, 12296.807088970008, 10034.477971875212, 9583.771719290417, 10524.378508050782, 10994.24377457405, 17828.542888453492, 14226.126906630187, 12020.451143980632, 13429.99867418794, 17039.39640007776, 19352.10417323757, 13396.278008415235, 10469.988557275783, 10441.988286406835, 12886.770469718109, 15433.312118206775, 13072.173850583458, 13741.784609084045, 14351.143910156812, 15342.072949522588, 16853.3854019926, 14014.635685221381, 13648.335163717715, 11627.503643943906, 14160.275413684305, 19693.193283629993, 19720.77238060692, 17396.913071479783], [14583.880176977327, 13574.314155320413, 13585.520780153285, 19280.693553600286, 18925.72991742238, 15302.334010275266, 10718.874586964552, 9331.692136550093, 14503.360942269768, 11890.203162070655, 9476.68716323856, 10588.177872881732, 8899.015187491972, 15097.81948565081, 15562.09593860625, 11824.47146274919, 15975.269930184377, 15555.614174369079, 17762.772320468495, 16732.443641038626, 16096.027102992872, 8811.97883467617, 13620.763643859511, 10364.00320454041, 14452.215785506622, 14523.272228045853, 15733.34540725681, 14405.584163463538, 14243.9136934965, 9069.090942875906, 19105.64141618587, 14527.152947224937, 10211.37904832551, 16108.221428785742, 11946.360006786808, 12938.285252953687, 15263.614024862643, 15012.853813189042, 14339.261484016359, 13218.415735420393, 15240.811250252833, 12221.332422773112, 18630.11159066362, 14307.353256071927, 16078.191502264815, 10139.516311879259, 8241.84836802484, 14121.49276658425, 10110.896536138196], []], "val.total_ips": [[182.35973493566559, 12067.158804457156, 14282.422663168361, 9914.124551898933, 12444.238942796628, 11788.155478583545, 9815.834114568454, 9553.373169386266, 15330.901178293136, 9924.68572590559, 10237.129711022339, 14010.612576700125, 11529.95878176132, 8624.0167060222, 11219.02284309705, 14976.523104819025, 9878.983931290511, 18508.641580335443, 8443.258308661925, 13851.739449860837, 13323.635894365563, 11273.116747858223, 9955.050797800832, 9508.724616825368, 10441.683654690041, 10904.53016477518, 17596.555621107833, 10088.78502855183, 11911.83592326445, 13305.350978934324, 16848.889596761222, 13911.275817840255, 9650.549256374017, 10399.738723643302, 10372.613425814117, 12780.282495491903, 15281.318209634954, 12593.033158485776, 13296.741874065428, 14220.333397344635, 15186.168268975784, 14783.214456338415, 13182.267477763386, 13531.419584319186, 11349.286656889559, 14023.46718908153, 9674.875083909625, 13683.55633717559, 12496.195238898814], [11740.657416215625, 12913.039400854463, 11966.06375076965, 16846.312202392626, 13171.06971980214, 12556.401316751157, 10645.362468057472, 9275.886390583662, 14373.09181447025, 11789.708689040292, 9422.631371568228, 10504.40429179721, 8846.118174328554, 14960.664112245893, 14875.42746312286, 11737.320580229774, 15795.77977683464, 14636.262411951733, 13798.914378610396, 14412.496840635833, 13714.710443376494, 8756.947086840217, 13503.638609067471, 10008.662501602097, 14306.924324288313, 14396.988830935494, 15562.659825566438, 13692.848408333732, 14115.876936223358, 9007.107796712538, 18851.4664138488, 11467.128993501467, 9702.369465428128, 15943.957383463447, 11118.620131198128, 12828.686583391578, 15114.66219968398, 14863.741524661194, 14215.344401196811, 13113.683205197882, 15090.923227198302, 11380.501954175576, 18411.76345312145, 10857.804143440395, 15911.88304769526, 8962.524667476326, 8196.00195407914, 13981.331918370535, 10048.140894958111], []],