{"run": {"data": "/data/imagenet", "data_backend": "dali-gpu", "arch": "resnet50", "model_config": "fanin", "workers": 5, "epochs": 2, "start_epoch": 0, "batch_size": 256, "optimizer_batch_size": -1, "lr": 0.1, "lr_schedule": "step", "warmup": 0, "label_smoothing": 0.1, "mixup": 0.0, "true_weight_decay": false, "momentum": 0.9, "weight_decay": 0.0001, "bn_weight_decay": false, "nesterov": false, "print_freq": 1, "resume": "", "pretrained_weights": "", "fp16": true, "static_loss_scale": 128.0, "dynamic_loss_scale": false, "prof": 100, "local_rank": 0, "seed": null, "gather_checkpoints": false, "raport_file": "/data/workspace/./raport_8GPU_256BS_dali-gpu_inferencebench.json", "final_weights": "model.pth.tar", "evaluate": true, "training_only": false, "save_checkpoints": false, "workspace": "/data/workspace", "distributed": true, "gpu": 0, "world_size": 8}, "epoch": {"ep": [0, 1], "val.top1": [0.08984375, 0.09358723958333333], "val.top5": [0.48828125, 0.5086263020833334], "val.loss": [1126.0, 1125.2083333333333], "val.compute_ips": [11777.811129183476, 12314.211382766156], "val.total_ips": [10156.830496000599, 11219.66008366583], "val.data_time": [0.0204910945892334, 0.013484356354693977], "val.compute_time": [0.3397246837615967, 0.2561734452539561]}, "iter": {"it": [[], []], "val.it": [[1, 2, 3, 4, 5, 6, 7, 8, 9, 10, 11, 12, 13, 14, 15, 16, 17, 18, 19, 20, 21, 22, 23, 24, 25, 1, 2, 3, 4, 5, 6, 7, 8, 9, 10, 11, 12, 13, 14, 15, 16, 17, 18, 19, 20, 21, 22, 23, 24]], "val.top1": [[0.0, 0.0, 0.0, 0.0, 0.0, 0.0, 0.0, 0.0, 0.0, 0.0, 0.0, 0.0, 0.0, 0.0, 2.197265625, 0.0, 0.0, 0.0, 0.0, 0.0, 0.0, 0.0, 0.0, 0.048828125, 0.0], [0.0, 0.0, 0.0, 0.0, 0.0, 0.0, 0.0, 0.0, 0.0, 0.0, 0.0, 0.0, 0.0, 2.197265625, 0.0, 0.0, 0.0, 0.0, 0.0, 0.0, 0.0, 0.0, 0.048828125, 0.0], []], "val.top5": [[0.0, 2.44140625, 0.0, 0.0, 0.0, 0.0, 0.0, 0.0, 0.0, 0.0, 0.0, 0.0, 2.44140625, 0.0, 2.44140625, 0.0, 0.0, 0.0, 0.0, 0.0, 0.0, 0.0, 0.0, 4.8828125, 0.0], [2.44140625, 0.0, 0.0, 0.0, 0.0, 0.0, 0.0, 0.0, 0.0, 0.0, 0.0, 1.3671875, 1.07421875, 2.44140625, 0.0, 0.0, 0.0, 0.0, 0.0, 0.0, 0.0, 0.0, 4.8828125, 0.0], []], "val.loss": [[1136.0, 1089.0, 1075.0, 1038.0, 1121.0, 1091.0, 1109.0, 1085.0, 1059.0, 1144.0, 1182.0, 1175.0, 1135.0, 1236.0, 1252.0, 1155.0, 1172.0, 1136.0, 1031.0, 1153.0, 1091.0, 1164.0, 1068.0, 1129.0, 1124.0], [1051.0, 1115.0, 1057.0, 1091.0, 1129.0, 1087.0, 1152.0, 1050.0, 1090.0, 1161.0, 1174.0, 1130.0, 1209.0, 1269.0, 1158.0, 1156.0, 1164.0, 1070.0, 1119.0, 1137.0, 1117.0, 1058.0, 1108.0, 1153.0], []], "val.compute_ips": [[494.3185500461924, 14933.7444206654, 12008.167562043836, 8583.38546888724, 20457.924212221023, 11935.786082406185, 9100.229988611383, 11440.06716529225, 8080.52990618424, 15919.55023128929, 9326.605884383951, 9014.291372659309, 9320.918287802633, 9909.332484285109, 9524.5290001386, 8596.235632718783, 9285.492245095624, 13467.182455843296, 15705.585841096292, 10291.48806226218, 14848.864704896014, 10317.409400084318, 20389.2612385087, 19997.612820918734, 11496.765211246304], [10705.168918632618, 14287.07864772353, 9146.28480406145, 8432.168715336062, 9579.752989931703, 16556.675903010677, 12233.742588132753, 14036.551838410116, 15004.907798593826, 9248.591535374786, 8723.305205283581, 14995.844412128745, 13405.246644371236, 8208.046997399013, 17167.920311463222, 15318.51627181211, 16243.558013013855, 15469.276579805146, 14102.597741268719, 14078.744199234596, 9462.760714812914, 17300.00038668514, 15199.146774624487, 10045.19153484445], []], "val.total_ips": [[494.29147076597576, 14771.01247033738, 10090.71681285983, 8551.878731644183, 9743.61792930095, 9305.257664438372, 9066.200222065547, 11379.974261720205, 8049.9141510883865, 15806.970562743478, 8239.974629510078, 8980.937675581805, 9276.096744270428, 9866.45676873952, 9484.911910004173, 8560.41826980571, 9243.43629459131, 13389.491572661536, 13595.411698790489, 8730.167268839366, 14750.923170974633, 9890.085191240472, 8795.890364893992, 14653.340256904523, 9203.3863062426], [10660.43656247324, 14188.811057776486, 9111.601089157537, 8396.824423899167, 9536.37181253504, 16419.702630995434, 11252.132998866919, 13956.09498015425, 12799.440026940121, 9202.094742660765, 8685.0181709354, 14895.88338463406, 13325.5167625108, 8179.705977801309, 17037.267257058422, 11109.488910472875, 14788.177273548932, 14938.185339250686, 14011.618137272493, 13995.88852084002, 9422.217947761685, 17162.569314131357, 12769.984794831313, 9997.5495831025], []], "val.data_time": [[0.0002269744873046875, 0.0015108585357666016, 0.03240823745727539, 0.0008790493011474609, 0.11008095741271973, 0.04850578308105469, 0.0008447170257568359, 0.0009453296661376953, 0.0009639263153076172, 0.0009162425994873047, 0.028957605361938477, 0.0008437633514404297, 0.0010616779327392578, 0.0008981227874755859, 0.0008981227874755859, 0.0009968280792236328, 0.0010035037994384766, 0.0008823871612548828, 0.020239591598510742, 0.03558945655822754, 0.0009157657623291016, 0.008576631546020508, 0.13239097595214844, 0.037351131439208984, 0.04438972473144531], [0.0008027553558349609, 0.0009927749633789062, 0.0008523464202880859, 0.0010223388671875, 0.0009725093841552734, 0.0010318756103515625, 0.01460409164428711, 0.0008411407470703125, 0.02351832389831543, 0.0011188983917236328, 0.0010349750518798828, 0.0009164810180664062, 0.0009140968322753906, 0.0008645057678222656, 0.0009148120880126953, 0.050652503967285156, 0.012408256530761719, 0.004706859588623047, 0.0009429454803466797, 0.0008611679077148438, 0.0009312629699707031, 0.0009479522705078125, 0.02563166618347168, 0.0009715557098388672], []], "val.compute_time": [[4.143077373504639, 0.13713908195495605, 0.17055058479309082, 0.238600492477417, 0.10010790824890137, 0.1715848445892334, 0.22504925727844238, 0.17901992797851562, 0.2534487247467041, 0.1286468505859375, 0.21958684921264648, 0.22719478607177734, 0.21972084045410156, 0.20667386054992676, 0.21502375602722168, 0.23824381828308105, 0.22055912017822266, 0.15207338333129883, 0.13039946556091309, 0.19899940490722656, 0.137923002243042, 0.19849944114685059, 0.10044503211975098, 0.10241222381591797, 0.17813706398010254], [0.19130945205688477, 0.14334630966186523, 0.22391605377197266, 0.24287939071655273, 0.21378421783447266, 0.12369632720947266, 0.1674058437347412, 0.1459047794342041, 0.136488676071167, 0.22143912315368652, 0.2347733974456787, 0.13657116889953613, 0.15277600288391113, 0.2495112419128418, 0.1192922592163086, 0.13369441032409668, 0.12608075141906738, 0.13239145278930664, 0.14522147178649902, 0.14546751976013184, 0.21642732620239258, 0.11838150024414062, 0.13474440574645996, 0.20387864112854004], []]}, "event": {}}