{"run": {"data": "/data/imagenet", "data_backend": "pytorch", "arch": "resnet50", "model_config": "fanin", "workers": 5, "epochs": 2, "start_epoch": 0, "batch_size": 128, "optimizer_batch_size": -1, "lr": 0.1, "lr_schedule": "step", "warmup": 0, "label_smoothing": 0.1, "mixup": 0.0, "true_weight_decay": false, "momentum": 0.9, "weight_decay": 0.0001, "bn_weight_decay": false, "nesterov": false, "print_freq": 1, "resume": "", "pretrained_weights": "", "fp16": true, "static_loss_scale": 128.0, "dynamic_loss_scale": false, "prof": 100, "local_rank": 0, "seed": null, "gather_checkpoints": false, "raport_file": "/data/workspace/./raport_8GPU_128BS_pytorch_inferencebench.json", "final_weights": "model.pth.tar", "evaluate": true, "training_only": false, "save_checkpoints": false, "workspace": "/data/workspace", "distributed": true, "gpu": 0, "world_size": 8}, "epoch": {"ep": [0, 1], "val.top1": [0.09167729591836735, 0.0936702806122449], "val.top5": [0.5154309662020936, 0.515844604190515], "val.loss": [1314.4897959183672, 1314.3673469387754], "val.compute_ips": [13281.187637368172, 14122.176952689924], "val.total_ips": [12164.293662730151, 11303.817729947617], "val.data_time": [0.04262259541725626, 0.05714606752201003], "val.compute_time": [0.2713894844055176, 0.1853133707630391]}, "iter": {"it": [[], []], "val.it": [[1, 2, 3, 4, 5, 6, 7, 8, 9, 10, 11, 12, 13, 14, 15, 16, 17, 18, 19, 20, 21, 22, 23, 24, 25, 26, 27, 28, 29, 30, 31, 32, 33, 34, 35, 36, 37, 38, 39, 40, 41, 42, 43, 44, 45, 46, 47, 48, 49, 1, 2, 3, 4, 5, 6, 7, 8, 9, 10, 11, 12, 13, 14, 15, 16, 17, 18, 19, 20, 21, 22, 23, 24, 25, 26, 27, 28, 29, 30, 31, 32, 33, 34, 35, 36, 37, 38, 39, 40, 41, 42, 43, 44, 45, 46, 47, 48, 49]], "val.top1": [[0.0, 0.0, 0.1953125, 0.09765625, 0.0, 0.09765625, 0.1953125, 0.0, 0.1953125, 0.0, 0.09765625, 0.29296875, 0.09765625, 0.09765625, 0.09765625, 0.1953125, 0.1953125, 0.0, 0.09765625, 0.1953125, 0.0, 0.09765625, 0.09765625, 0.1953125, 0.0, 0.09765625, 0.09765625, 0.0, 0.0, 0.390625, 0.09765625, 0.0, 0.0, 0.0, 0.09765625, 0.1953125, 0.0, 0.09765625, 0.09765625, 0.1953125, 0.0, 0.09765625, 0.1953125, 0.0, 0.09765625, 0.0, 0.0, 0.1953125, 0.0], [0.0, 0.09765625, 0.0, 0.1953125, 0.1953125, 0.0, 0.1953125, 0.09765625, 0.09765625, 0.09765625, 0.0, 0.1953125, 0.1953125, 0.0, 0.09765625, 0.1953125, 0.0, 0.29296875, 0.09765625, 0.0, 0.0, 0.09765625, 0.1953125, 0.0, 0.09765625, 0.0, 0.1953125, 0.29296875, 0.0, 0.09765625, 0.09765625, 0.0, 0.09765625, 0.0, 0.0, 0.0, 0.09765625, 0.1953125, 0.0, 0.1953125, 0.0, 0.390625, 0.0, 0.09765625, 0.09765625, 0.09765625, 0.09765625, 0.09765625, 0.0], []], "val.top5": [[0.48828125, 0.5859375, 0.5859375, 0.390625, 0.5859375, 0.5859375, 0.9765625, 0.48828125, 0.5859375, 0.1953125, 0.78125, 0.48828125, 0.48828125, 1.07421875, 0.78125, 0.5859375, 0.78125, 0.0, 0.68359375, 0.78125, 0.390625, 0.29296875, 0.1953125, 0.48828125, 0.29296875, 0.390625, 0.390625, 0.68359375, 0.390625, 0.5859375, 0.390625, 0.5859375, 0.5859375, 0.390625, 0.1953125, 0.9765625, 0.29296875, 0.78125, 0.48828125, 0.87890625, 0.48828125, 0.5859375, 0.5859375, 0.29296875, 0.390625, 0.390625, 0.29296875, 0.29296875, 0.3537735939025879], [0.78125, 0.5859375, 0.87890625, 0.5859375, 0.5859375, 0.78125, 0.5859375, 0.78125, 0.78125, 0.5859375, 0.29296875, 0.5859375, 1.07421875, 0.09765625, 0.5859375, 0.5859375, 0.1953125, 0.390625, 0.1953125, 0.390625, 0.9765625, 0.87890625, 0.68359375, 0.48828125, 0.5859375, 0.29296875, 0.5859375, 0.68359375, 0.48828125, 0.390625, 0.68359375, 0.09765625, 0.5859375, 0.1953125, 0.1953125, 0.390625, 0.5859375, 0.5859375, 0.1953125, 0.48828125, 0.29296875, 0.87890625, 0.390625, 0.390625, 0.29296875, 0.1953125, 0.48828125, 0.48828125, 0.4716981053352356], []], "val.loss": [[1297.0, 1309.0, 1295.0, 1311.0, 1314.0, 1296.0, 1318.0, 1297.0, 1298.0, 1299.0, 1304.0, 1316.0, 1322.0, 1320.0, 1332.0, 1314.0, 1323.0, 1317.0, 1300.0, 1329.0, 1323.0, 1328.0, 1317.0, 1303.0, 1345.0, 1316.0, 1324.0, 1303.0, 1306.0, 1346.0, 1297.0, 1312.0, 1321.0, 1368.0, 1308.0, 1305.0, 1316.0, 1315.0, 1295.0, 1316.0, 1327.0, 1301.0, 1326.0, 1307.0, 1318.0, 1320.0, 1317.0, 1321.0, 1298.0], [1308.0, 1307.0, 1307.0, 1283.0, 1274.0, 1293.0, 1334.0, 1312.0, 1268.0, 1311.0, 1309.0, 1304.0, 1306.0, 1346.0, 1316.0, 1298.0, 1311.0, 1350.0, 1312.0, 1312.0, 1307.0, 1337.0, 1316.0, 1318.0, 1325.0, 1307.0, 1299.0, 1303.0, 1330.0, 1307.0, 1311.0, 1331.0, 1345.0, 1311.0, 1341.0, 1336.0, 1301.0, 1320.0, 1324.0, 1304.0, 1318.0, 1316.0, 1300.0, 1310.0, 1320.0, 1364.0, 1320.0, 1319.0, 1303.0], []], "val.compute_ips": [[178.98130466654695, 15374.970631613614, 19994.63374393639, 19923.031552384753, 20072.285528683256, 20054.75899552675, 20181.884076630657, 20147.612506156915, 20186.437130167087, 20173.163129095137, 19937.64411846625, 3700.407949174359, 11458.746320900698, 20304.581902073965, 10515.54033885026, 19499.799307172983, 3313.652348544875, 6221.7228813387455, 5740.400021384657, 20122.975018272457, 20015.785775868095, 4298.900790223054, 4499.981974789432, 5456.11609992073, 19589.360529076395, 19964.42770219076, 18896.253700086232, 4105.015895468965, 16787.183390137896, 20151.01551569633, 7930.058559174012, 19931.352539352538, 2824.7387810320797, 5089.167510128053, 20244.955437190667, 12949.168611820465, 12717.200169366562, 1770.0825726110297, 8118.017971292807, 20090.78247527809, 19993.516818888547, 7897.454216481993, 3299.975256527969, 7704.2259588650395, 19690.213939585654, 20245.146294096576, 20127.595851668564, 8853.503387856488, 433.7677013250833], [15351.998798996305, 11169.830295307074, 19801.509886999138, 19792.932076775964, 3960.1413085070385, 6876.535698217851, 20251.637570728028, 19169.853317146324, 19794.391604717508, 3565.960218691752, 11580.38329068736, 20160.47435446092, 16826.512423114593, 19494.40034858704, 5185.417572360971, 14029.834600220167, 20287.701619721967, 10435.062309579922, 19318.07049912517, 4744.997051340265, 10905.00084041508, 20287.1266502605, 13150.905248460613, 19733.91086361214, 2950.8474362471256, 17321.699257520577, 20236.179907841048, 19923.863338420644, 19806.07558185113, 2743.5518349998115, 20204.099633547998, 20216.272439291883, 18645.640255788006, 19774.706121227468, 3423.2966845178935, 18323.94288176594, 7754.3001866823615, 19701.504096292694, 20319.08682158807, 5443.813329649172, 20282.432285911276, 12637.981014930292, 19913.886487664426, 20320.52883928445, 9715.14238277274, 20293.261338562213, 7654.044014206869, 20054.290791765303, 19660.111722209018], []],