{"train.total_ips": {"8": {"128": {"pytorch": 6354.982427002811, "dali-gpu": 6219.072073360763}, "256": {"pytorch": 6854.766849220441, "dali-gpu": -1.0}}}}