{"run": {"data": "/data/imagenet", "data_backend": "dali-gpu", "arch": "resnet50", "model_config": "fanin", "workers": 5, "epochs": 2, "start_epoch": 0, "batch_size": 256, "optimizer_batch_size": -1, "lr": 0.1, "lr_schedule": "step", "warmup": 0, "label_smoothing": 0.1, "mixup": 0.1, "momentum": 0.9, "weight_decay": 0.0001, "bn_weight_decay": false, "nesterov": false, "print_freq": 1, "resume": "", "pretrained_weights": "", "fp16": false, "static_loss_scale": 128.0, "dynamic_loss_scale": false, "prof": 100, "amp": true, "local_rank": 0, "seed": null, "gather_checkpoints": false, "raport_file": "/data/workspace/./raport_8GPU_256BS_dali-gpu_inferencebench.json", "final_weights": "model.pth.tar", "evaluate": true, "training_only": false, "save_checkpoints": false, "workspace": "/data/workspace", "distributed": true, "gpu": 0, "world_size": 8}, "epoch": {"ep": [0, 1], "val.top1": [0.095703125, 0.09969075520833333], "val.top5": [0.4921875, 0.5126953125], "val.loss": [1126.94, 1127.3619791666667], "val.compute_ips": [12114.371841980832, 12613.81352873897], "val.total_ips": [10795.002738147668, 11562.55438177189], "val.data_time": [0.017031898498535158, 0.013185559486856267], "val.compute_time": [0.34291748046875, 0.2568356358275122]}, "iter": {"it": [[], []], "val.it": [[1, 2, 3, 4, 5, 6, 7, 8, 9, 10, 11, 12, 13, 14, 15, 16, 17, 18, 19, 20, 21, 22, 23, 24, 25, 1, 2, 3, 4, 5, 6, 7, 8, 9, 10, 11, 12, 13, 14, 15, 16, 17, 18, 19, 20, 21, 22, 23, 24]], "val.top1": [[0.0, 0.0, 0.0, 0.0, 0.0, 0.0, 0.0, 0.0, 0.0, 0.0, 0.0, 0.0, 2.294921875, 0.0, 0.0, 0.0, 0.0, 0.0, 0.0, 0.0, 0.0, 0.048828125, 0.0, 0.0, 0.048828125], [0.0, 0.0, 0.0, 0.0, 0.0, 0.0, 0.0, 0.0, 0.0, 0.0, 0.0, 1.318359375, 0.9765625, 0.0, 0.0, 0.0, 0.0, 0.0, 0.0, 0.0, 0.0, 0.048828125, 0.0, 0.048828125], []], "val.top5": [[0.0, 0.0, 0.0, 0.0, 0.0, 0.0, 0.0, 0.0, 0.0, 0.0, 0.0, 0.09765625, 2.44140625, 2.44140625, 2.44140625, 0.0, 0.0, 0.0, 0.0, 0.0, 0.0, 2.44140625, 0.0, 0.0, 2.44140625], [0.0, 0.0, 0.0, 0.0, 0.0, 0.0, 0.0, 0.0, 0.0, 0.0, 0.09765625, 1.3671875, 1.07421875, 4.8828125, 0.0, 0.0, 0.0, 0.0, 0.0, 0.0, 0.0, 2.44140625, 0.0, 2.44140625], []], "val.loss": [[1078.875, 1133.125, 1119.0625, 1189.625, 1181.6875, 1132.1875, 1156.625, 1104.9375, 1079.75, 1205.5, 1123.375, 1120.375, 1152.5625, 1079.75, 985.375, 1148.875, 1080.5625, 1164.125, 1069.625, 1106.875, 1249.125, 1157.625, 1120.0625, 1081.3125, 1152.5], [1115.625, 1107.1875, 1185.0, 1166.9375, 1160.4375, 1090.375, 1223.375, 1018.6875, 1176.0625, 1155.0, 1145.0, 1104.75, 1189.875, 939.9375, 1102.625, 1090.75, 1148.1875, 1067.625, 1127.125, 1201.5625, 1179.75, 1126.375, 1094.5, 1139.9375], []], "val.compute_ips": [[467.01132937880277, 13630.532930920124, 13863.811773516205, 8417.52680792018, 9410.419672856704, 10347.598341480572, 8997.69199796372, 10194.26765912198, 8517.138608314734, 15226.061032331254, 10149.052305234776, 8961.795327311462, 15704.293743829756, 13304.835766892546, 15649.30459717764, 10260.105315587238, 9263.582296609438, 14086.016516349087, 14680.78800370526, 9763.974402051474, 17373.936049674867, 12202.894326960504, 20527.00215547112, 20569.914515669414, 11289.740573191984], [10251.766434577956, 13922.436675121762, 9162.9585295633, 9208.704266481991, 17871.905093011595, 16919.14515712865, 15052.974241518838, 12524.381309806564, 13587.562290510305, 10306.181826907618, 13315.519118533824, 18083.958610787722, 10550.645439114083, 8046.829901460712, 17813.901568630703, 18921.102569016293, 9972.81498139516, 15509.440413684522, 14451.534990141252, 11315.513690031603, 8974.172773468841, 18923.937072473283, 10447.576353026172, 10082.603552296128], []], "val.total_ips": [[466.9870322856852, 13507.758122800451, 12429.527503613852, 8390.508974689577, 9245.326545482725, 10302.325287303936, 8962.178683624337, 10153.791024169517, 8486.0735379688, 15130.316509608441, 9117.103765955053, 8926.610638855058, 15577.194001918602, 10110.230114826723, 15540.867168899213, 8861.193445761655, 9222.357776525218, 14003.874476073408, 13425.758572076085, 9114.810982422818, 16304.419674023009, 10881.006724994711, 8751.82586688565, 14384.042787410935, 8578.979235516246], [10188.185874725872, 13471.871321476741, 9127.673203433902, 9175.349410433915, 17718.51194719472, 13709.369670621507, 13258.91602056614, 12464.227962163017, 13514.601217110025, 10262.250391258742, 13241.216400735595, 16116.169748274393, 9246.879119010071, 8013.731285136141, 17679.018595011556, 13219.61595415113, 8783.00255414522, 15409.612858783008, 14367.153980601686, 11262.548648942768, 8938.658475088632, 18746.883698598445, 8734.810153200991, 10039.837762466617], []], "val.data_time": [[0.0002281665802001953, 0.00136566162109375, 0.017046213150024414, 0.0007834434509277344, 0.0038862228393554688, 0.0008697509765625, 0.0009019374847412109, 0.0008008480072021484, 0.0008802413940429688, 0.0008511543273925781, 0.022840499877929688, 0.0009007453918457031, 0.0010640621185302734, 0.048638105392456055, 0.0009131431579589844, 0.03151202201843262, 0.0009882450103759766, 0.0008528232574462891, 0.013040542602539062, 0.014938592910766602, 0.007732391357421875, 0.02038884162902832, 0.13423728942871094, 0.042817115783691406, 0.05731940269470215], [0.0012466907501220703, 0.004919767379760742, 0.0008640289306640625, 0.0008084774017333984, 0.0009920597076416016, 0.028340578079223633, 0.018409252166748047, 0.0007891654968261719, 0.0008137226104736328, 0.000850677490234375, 0.0008630752563476562, 0.013827800750732422, 0.027368783950805664, 0.001051187515258789, 0.0008771419525146484, 0.04668235778808594, 0.027819395065307617, 0.0008554458618164062, 0.0008323192596435547, 0.0008511543273925781, 0.0009067058563232422, 0.0010221004486083984, 0.038437843322753906, 0.0008652210235595703], []], "val.compute_time": [[4.3853325843811035, 0.15025091171264648, 0.14772272109985352, 0.2433018684387207, 0.21763110160827637, 0.1979203224182129, 0.2276139259338379, 0.200897216796875, 0.24045634269714355, 0.1345062255859375, 0.20179224014282227, 0.22852563858032227, 0.13041019439697266, 0.1539289951324463, 0.13086843490600586, 0.19960808753967285, 0.22108078002929688, 0.14539241790771484, 0.13950204849243164, 0.20975065231323242, 0.11787772178649902, 0.16782903671264648, 0.09977102279663086, 0.0995628833770752, 0.18140363693237305], [0.19977045059204102, 0.14710068702697754, 0.22350859642028809, 0.2223982810974121, 0.1145932674407959, 0.12104630470275879, 0.13605284690856934, 0.16352105140686035, 0.1507260799407959, 0.1987156867980957, 0.15380549430847168, 0.11324954032897949, 0.19411134719848633, 0.25451016426086426, 0.11496639251708984, 0.10823893547058105, 0.20535826683044434, 0.1320486068725586, 0.14171504974365234, 0.18099045753479004, 0.22821044921875, 0.10822272300720215, 0.19602632522583008, 0.20312213897705078], []]}, "event": {}}