{"run": {"data": "/data/imagenet", "data_backend": "dali-cpu", "arch": "resnet50", "model_config": "fanin", "workers": 5, "epochs": 2, "start_epoch": 0, "batch_size": 256, "optimizer_batch_size": -1, "lr": 0.1, "lr_schedule": "step", "warmup": 0, "label_smoothing": 0.1, "mixup": 0.1, "momentum": 0.9, "weight_decay": 0.0001, "bn_weight_decay": false, "nesterov": false, "print_freq": 1, "resume": "", "pretrained_weights": "", "fp16": false, "static_loss_scale": 128.0, "dynamic_loss_scale": false, "prof": 100, "amp": true, "local_rank": 0, "seed": null, "gather_checkpoints": false, "raport_file": "/data/workspace/./raport_8GPU_256BS_dali-cpu_inferencebench.json", "final_weights": "model.pth.tar", "evaluate": true, "training_only": false, "save_checkpoints": false, "workspace": "/data/workspace", "distributed": true, "gpu": 0, "world_size": 8}, "epoch": {"ep": [0, 1], "val.top1": [0.09765625, 0.10172526041666667], "val.top5": [0.47265625, 0.4903157552083333], "val.loss": [1297.89, 1294.4401041666667], "val.compute_ips": [12100.02675777214, 12236.385471229576], "val.total_ips": [10388.681376029579, 11184.366975580153], "val.data_time": [0.021917200088500975, 0.01378829625188088], "val.compute_time": [0.4061521339416504, 0.29213026105141154]}, "iter": {"it": [[], []], "val.it": [[1, 2, 3, 4, 5, 6, 7, 8, 9, 10, 11, 12, 13, 14, 15, 16, 17, 18, 19, 20, 21, 22, 23, 24, 25, 1, 2, 3, 4, 5, 6, 7, 8, 9, 10, 11, 12, 13, 14, 15, 16, 17, 18, 19, 20, 21, 22, 23, 24]], "val.top1": [[2.44140625, 0.0, 0.0, 0.0, 0.0, 0.0, 0.0, 0.0, 0.0, 0.0, 0.0, 0.0, 0.0, 0.0, 0.0, 0.0, 0.0, 0.0, 0.0, 0.0, 0.0, 0.0, 0.0, 0.0, 0.0], [2.44140625, 0.0, 0.0, 0.0, 0.0, 0.0, 0.0, 0.0, 0.0, 0.0, 0.0, 0.0, 0.0, 0.0, 0.0, 0.0, 0.0, 0.0, 0.0, 0.0, 0.0, 0.0, 0.0, 0.0], []], "val.top5": [[2.44140625, 0.0, 0.0, 0.0, 0.0, 0.0, 2.44140625, 0.0, 0.048828125, 0.048828125, 0.0, 0.0, 0.0, 0.0, 1.953125, 0.0, 0.0, 2.44140625, 2.34375, 0.09765625, 0.0, 0.0, 0.0, 0.0, 0.0], [2.44140625, 0.0, 0.0, 0.0, 0.0, 0.0, 2.44140625, 0.0, 0.09765625, 0.0, 0.0, 0.0, 0.0, 0.0, 1.953125, 0.0, 2.44140625, 2.34375, 0.048828125, 0.0, 0.0, 0.0, 0.0, 0.0], []], "val.loss": [[1314.8125, 1289.0, 1375.8125, 1207.0, 1348.5, 1292.0, 1188.125, 1304.5625, 1225.0, 1242.125, 1248.125, 1329.75, 1326.0, 1391.875, 1248.0, 1248.375, 1267.125, 1247.625, 1301.375, 1286.8125, 1407.75, 1420.375, 1285.0, 1313.625, 1338.5], [1303.25, 1300.0625, 1322.5, 1287.75, 1282.125, 1255.75, 1250.125, 1259.9375, 1184.625, 1304.0, 1330.0, 1273.0625, 1384.875, 1293.8125, 1226.4375, 1315.5, 1222.5625, 1283.5625, 1291.25, 1362.25, 1387.875, 1293.0, 1381.125, 1271.125], []], "val.compute_ips": [[344.72853452576874, 14309.903548183429, 18537.880130866775, 10756.537986270596, 20514.158440243402, 12793.035102925889, 9586.670288573248, 9950.945279810201, 9807.540779813895, 14550.037251089143, 9299.525592835738, 8396.093970502998, 17216.574921733136, 15144.828313815926, 9790.505066254527, 8761.94024086849, 8944.336018042914, 12863.651136322795, 14168.216427339094, 9108.113378319344, 15512.101141836582, 11240.192029478576, 20458.55762974254, 11475.033386055658, 8969.562348852847], [9626.35623616691, 13640.619488925448, 9289.99116632996, 14226.645255319712, 9915.257483536969, 10853.825518687929, 11571.428984023492, 14558.174828232566, 16692.61184426588, 9402.385303708115, 14949.962654395653, 14344.864853310533, 13491.062051505152, 8614.451320458023, 17632.133405860317, 11905.133233176075, 13186.415880311257, 13865.154441886967, 15250.010815340314, 10879.1187618734, 9306.417025997494, 8313.301181872026, 15006.926285556554, 10559.97112520484], []], "val.total_ips": [[344.7157657216768, 14177.617006667988, 13924.964444869527, 9081.824363157328, 9527.053702381005, 9982.817095733504, 9548.774815053608, 9907.183849437339, 9764.551556997452, 14449.833282307147, 8675.930414266206, 8360.912477418551, 17090.82598064086, 9496.425372342308, 9374.567109970294, 8728.020606007647, 8908.197773866945, 12781.081165691092, 14084.07649728482, 8821.888506501442, 15399.529570369574, 9930.112505910138, 8960.196804554611, 9462.666897268144, 8933.266836320297], [9589.90249484497, 13560.256923834662, 9251.80900846563, 14138.367099983212, 9865.289640907613, 10802.258798437622, 11511.478857044838, 14447.038489289096, 14515.34530731704, 9016.685290094902, 14858.36804405998, 13281.856740400344, 13414.499625984037, 8581.001769158307, 17489.503351331983, 9186.565259332616, 13104.360615223142, 13780.540560658905, 15155.249140784339, 10288.13536845938, 9262.962954336157, 8278.30603945091, 14892.009729289286, 10045.156293999054], []], "val.data_time": [[0.0002200603485107422, 0.0013353824615478516, 0.036597490310668945, 0.035109519958496094, 0.11513328552246094, 0.04506540298461914, 0.0008478164672851562, 0.0009090900421142578, 0.000919342041015625, 0.0009760856628417969, 0.015829086303710938, 0.0010263919830322266, 0.0008752346038818359, 0.08043241500854492, 0.009281158447265625, 0.0009083747863769531, 0.0009288787841796875, 0.0010285377502441406, 0.0008635520935058594, 0.007295370101928711, 0.000965118408203125, 0.024038076400756836, 0.12846159934997559, 0.03795504570007324, 0.0009276866912841797], [0.0008087158203125, 0.0008897781372070312, 0.0009098052978515625, 0.0008988380432128906, 0.0010461807250976562, 0.0009007453918457031, 0.0009217262268066406, 0.0010821819305419922, 0.018403053283691406, 0.009317398071289062, 0.0008444786071777344, 0.011426448822021484, 0.0008664131164550781, 0.0009267330169677734, 0.0009472370147705078, 0.05090761184692383, 0.0009725093841552734, 0.0009069442749023438, 0.0008397102355957031, 0.010813713073730469, 0.0010323524475097656, 0.001041412353515625, 0.0010530948638916016, 0.009939432144165039], []], "val.compute_time": [[5.940906524658203, 0.14311766624450684, 0.11047649383544922, 0.19039583206176758, 0.09983348846435547, 0.16008710861206055, 0.21362996101379395, 0.2058095932006836, 0.20881891250610352, 0.14075565338134766, 0.22022628784179688, 0.24392294883728027, 0.11895513534545898, 0.13522768020629883, 0.2091822624206543, 0.23373818397521973, 0.2289717197418213, 0.1592082977294922, 0.14454889297485352, 0.2248544692993164, 0.13202595710754395, 0.1822032928466797, 0.10010480880737305, 0.17847442626953125, 0.22832775115966797], [0.21274924278259277, 0.15013980865478516, 0.22045230865478516, 0.14395523071289062, 0.20655035972595215, 0.1886892318725586, 0.1769876480102539, 0.14067697525024414, 0.12268900871276855, 0.21781706809997559, 0.13699030876159668, 0.14276885986328125, 0.15180420875549316, 0.23774003982543945, 0.11615157127380371, 0.1720266342163086, 0.15531134605407715, 0.14770841598510742, 0.13429498672485352, 0.18825054168701172, 0.2200632095336914, 0.2463521957397461, 0.13647031784057617, 0.1939399242401123], []]}, "event": {}}