{"run": {"data": "/data/imagenet", "data_backend": "dali-cpu", "arch": "resnet50", "model_config": "fanin", "workers": 5, "epochs": 2, "start_epoch": 0, "batch_size": 224, "optimizer_batch_size": -1, "lr": 0.1, "lr_schedule": "step", "warmup": 0, "label_smoothing": 0.1, "mixup": 0.1, "momentum": 0.9, "weight_decay": 0.0001, "bn_weight_decay": false, "nesterov": false, "print_freq": 1, "resume": "", "pretrained_weights": "", "fp16": false, "static_loss_scale": 128.0, "dynamic_loss_scale": false, "prof": 100, "amp": true, "local_rank": 0, "seed": null, "gather_checkpoints": false, "raport_file": "/data/workspace/./raport_8GPU_224BS_dali-cpu_inferencebench.json", "final_weights": "model.pth.tar", "evaluate": true, "training_only": false, "save_checkpoints": false, "workspace": "/data/workspace", "distributed": true, "gpu": 0, "world_size": 8}, "epoch": {"ep": [0, 1], "val.top1": [0.09964923347745623, 0.09964923347745623], "val.top5": [0.49226721269743784, 0.4942602004323687], "val.loss": [898.8727678571429, 898.6629464285714], "val.compute_ips": [12758.032251302722, 13132.03161273209], "val.total_ips": [10842.038316514516, 11793.122237593885], "val.data_time": [0.018435256821768626, 0.01321094376700265], "val.compute_time": [0.3588877660887582, 0.2495996356010437]}, "iter": {"it": [[], []], "val.it": [[1, 2, 3, 4, 5, 6, 7, 8, 9, 10, 11, 12, 13, 14, 15, 16, 17, 18, 19, 20, 21, 22, 23, 24, 25, 26, 27, 28, 1, 2, 3, 4, 5, 6, 7, 8, 9, 10, 11, 12, 13, 14, 15, 16, 17, 18, 19, 20, 21, 22, 23, 24, 25, 26, 27, 28]], "val.top1": [[0.0, 0.0, 0.0, 0.0, 0.0, 0.0, 0.0, 0.0, 0.0, 0.0, 0.0, 0.0, 0.0, 0.0, 0.0, 0.0, 0.0, 0.0, 0.0, 0.0, 2.7901785373687744, 0.0, 0.0, 0.0, 0.0, 0.0, 0.0, 0.0], [0.0, 0.0, 0.0, 0.0, 0.0, 0.0, 0.0, 0.0, 0.0, 0.0, 0.0, 0.0, 0.0, 0.0, 0.0, 0.0, 0.0, 0.0, 0.0, 0.0, 2.7901785373687744, 0.0, 0.0, 0.0, 0.0, 0.0, 0.0, 0.0], []], "val.top5": [[0.0, 0.0, 0.0, 0.0, 2.734375, 0.0, 0.0, 0.0, 0.0, 0.0, 0.0, 0.0, 0.0, 2.7901785373687744, 0.0, 0.0, 1.6741070747375488, 0.0, 1.0044642686843872, 0.0, 2.7901785373687744, 0.0, 0.0, 0.0, 2.7901785373687744, 0.0, 0.0, 0.0], [0.0, 0.0, 0.0, 0.0, 2.734375, 0.0, 0.0, 0.0, 0.0, 0.0, 0.0, 0.0, 0.0, 2.7901785373687744, 0.0, 0.0, 1.7299107313156128, 0.0, 1.0044642686843872, 0.0, 2.7901785373687744, 0.0, 0.0, 0.0, 2.7901785373687744, 0.0, 0.0, 0.0], []], "val.loss": [[893.375, 859.5625, 899.75, 896.3125, 824.875, 827.75, 851.375, 977.625, 907.8125, 907.6875, 912.5625, 841.25, 848.5, 878.25, 871.9375, 930.0625, 887.5, 862.0, 919.375, 926.875, 781.0, 854.5625, 969.4375, 953.9375, 968.5, 982.625, 988.1875, 945.75], [882.8125, 865.6875, 917.1875, 875.875, 822.3125, 829.5, 869.1875, 980.0625, 887.9375, 924.25, 903.875, 834.625, 845.0, 892.5, 861.375, 945.125, 887.5, 856.8125, 925.3125, 896.6875, 809.0625, 857.875, 984.0625, 921.9375, 982.9375, 965.0, 1009.875, 928.1875], []], "val.compute_ips": [[297.32908992257455, 15028.65842870968, 19896.79337355298, 10617.726130152805, 9787.117129880411, 9973.213622455343, 11053.17589481223, 8742.432590431725, 13350.988718739398, 11319.942480021928, 14557.716627639196, 10097.184612801171, 8670.745944199944, 9082.386793900601, 16399.51467758194, 14252.21906441398, 8239.993825644624, 16392.039657424753, 10689.650771978928, 8871.752135551607, 17088.392577334587, 19947.53891475008, 20346.423815208535, 20242.91076757339, 13124.20489019499, 7870.037525169129, 20148.70620529922, 11136.106771130428], [13823.620511254852, 16160.48430327437, 14680.49409260037, 8840.551600515177, 14186.394109664281, 9083.231942765988, 10128.479578484945, 19586.47631754503, 15476.053024094748, 13856.470060763377, 13722.842154847238, 9379.038670696373, 9295.937111803163, 14541.60632261185, 15277.6840307985, 13013.67780719266, 8459.275046566461, 17803.24734651725, 14447.715389613135, 9997.090820096882, 14893.872521549589, 15046.318426863276, 15270.358807658551, 11397.029460777847, 18739.08996576888, 16095.768583218942, 10216.771561239248, 14749.287707737683], []], "val.total_ips": [[297.32029229363667, 14865.534773699992, 13203.374833776305, 8727.216196257472, 9690.048575344126, 9801.692649962311, 10827.144331812637, 8707.662184737654, 13278.202238298398, 11260.466928844842, 14464.230559618198, 9729.938688459652, 8636.234679866577, 8933.37433990879, 16191.53772148081, 9609.779282481397, 8207.296365776583, 16272.478583923654, 9638.69017714935, 8831.732281762164, 16941.33518460082, 13110.720945566436, 12459.354417768878, 13167.891155699837, 10258.08713691247, 7742.442420409197, 8849.253104988586, 9874.032811005665], [13741.181660124721, 14543.9136520812, 13272.66858911761, 8807.505133087645, 14096.385536384096, 9046.999337982701, 10072.86797054874, 19392.87303876669, 12339.509663184024, 13765.06365537677, 13635.014690462627, 9340.331486275061, 9254.981712152332, 14435.478500024008, 14546.446929861062, 11603.360454489317, 8422.467069625884, 17658.152867379304, 11582.047313206524, 9949.937540458644, 14794.490134635069, 14168.183043102896, 13644.395735418788, 10290.515837897043, 18571.70720907707, 12565.522214792029, 8658.390299533916, 14637.381167805599], []], "val.data_time": [[0.00017833709716796875, 0.001308441162109375, 0.045658111572265625, 0.0365602970123291, 0.0018341541290283203, 0.0031442642211914062, 0.0033845901489257812, 0.0008184909820556641, 0.0007357597351074219, 0.0008361339569091797, 0.0007956027984619141, 0.0066986083984375, 0.0008258819580078125, 0.0032911300659179688, 0.0014035701751708984, 0.06074190139770508, 0.0008664131164550781, 0.0008032321929931641, 0.01827859878540039, 0.0009152889251708984, 0.0009102821350097656, 0.04684638977050781, 0.055753231048583984, 0.047563791275024414, 0.03814983367919922, 0.003752470016479492, 0.11356425285339355, 0.020568132400512695], [0.0007777214050292969, 0.012325286865234375, 0.012947559356689453, 0.0007605552673339844, 0.0008065700531005859, 0.0007901191711425781, 0.0009768009185791016, 0.0009133815765380859, 0.02943277359008789, 0.0008587837219238281, 0.0008411407470703125, 0.0007917881011962891, 0.0008530616760253906, 0.0009059906005859375, 0.005896329879760742, 0.016736745834350586, 0.0009257793426513672, 0.0008270740509033203, 0.030688762664794922, 0.0008494853973388672, 0.0008082389831542969, 0.0073816776275634766, 0.013984441757202148, 0.0169069766998291, 0.0008618831634521484, 0.03127884864807129, 0.03156900405883789, 0.0009288787841796875], []], "val.compute_time": [[6.026991844177246, 0.11923885345458984, 0.09006476402282715, 0.16877436637878418, 0.18309783935546875, 0.17968130111694336, 0.1621253490447998, 0.20497727394104004, 0.13422226905822754, 0.15830469131469727, 0.12309622764587402, 0.1774752140045166, 0.20667195320129395, 0.19730496406555176, 0.10927152633666992, 0.12573480606079102, 0.21747589111328125, 0.10932135581970215, 0.16763877868652344, 0.20198941230773926, 0.10486650466918945, 0.08983564376831055, 0.0880744457244873, 0.08852481842041016, 0.13654160499572754, 0.22769904136657715, 0.08893871307373047, 0.1609179973602295], [0.12963318824768066, 0.11088776588439941, 0.12206673622131348, 0.20270228385925293, 0.12631821632385254, 0.19728660583496094, 0.176926851272583, 0.09149169921875, 0.11579179763793945, 0.12932586669921875, 0.1305851936340332, 0.19106435775756836, 0.19277238845825195, 0.12323260307312012, 0.1172952651977539, 0.13770127296447754, 0.2118384838104248, 0.10065579414367676, 0.12403345108032227, 0.17925214767456055, 0.12031793594360352, 0.11909890174865723, 0.11735153198242188, 0.15723395347595215, 0.09562897682189941, 0.11133360862731934, 0.1753978729248047, 0.12149739265441895], []]}, "event": {}}