{"run": {"data": "/data/imagenet", "data_backend": "dali-gpu", "arch": "resnet50", "model_config": "fanin", "workers": 5, "epochs": 2, "start_epoch": 0, "batch_size": 128, "optimizer_batch_size": -1, "lr": 0.1, "lr_schedule": "step", "warmup": 0, "label_smoothing": 0.1, "mixup": 0.0, "true_weight_decay": false, "momentum": 0.9, "weight_decay": 0.0001, "bn_weight_decay": false, "nesterov": false, "print_freq": 1, "resume": "", "pretrained_weights": "", "fp16": false, "static_loss_scale": 1, "dynamic_loss_scale": false, "prof": 100, "local_rank": 0, "seed": null, "gather_checkpoints": false, "raport_file": "/data/workspace/./raport_8GPU_128BS_dali-gpu_inferencebench.json", "final_weights": "model.pth.tar", "evaluate": true, "training_only": false, "save_checkpoints": false, "workspace": "/data/workspace", "distributed": true, "gpu": 0, "world_size": 8}, "epoch": {"ep": [0, 1], "val.top1": [0.09964923469387756, 0.09964923469387756], "val.top5": [0.4922672193877551, 0.4922672193877551], "val.loss": [1303.00640495456, 1302.9726313376914], "val.compute_ips": [7759.142876164002, 8143.122632944222], "val.total_ips": [7639.3569216533415, 8053.549788865141], "val.data_time": [0.0021709082077960577, 0.0015009057765104333], "val.compute_time": [0.24556640216282435, 0.18453075447861028]}, "iter": {"it": [[], []], "val.it": [[1, 2, 3, 4, 5, 6, 7, 8, 9, 10, 11, 12, 13, 14, 15, 16, 17, 18, 19, 20, 21, 22, 23, 24, 25, 26, 27, 28, 29, 30, 31, 32, 33, 34, 35, 36, 37, 38, 39, 40, 41, 42, 43, 44, 45, 46, 47, 48, 49, 1, 2, 3, 4, 5, 6, 7, 8, 9, 10, 11, 12, 13, 14, 15, 16, 17, 18, 19, 20, 21, 22, 23, 24, 25, 26, 27, 28, 29, 30, 31, 32, 33, 34, 35, 36, 37, 38, 39, 40, 41, 42, 43, 44, 45, 46, 47, 48, 49]], "val.top1": [[0.0, 0.0, 0.0, 0.0, 0.0, 0.0, 0.0, 0.0, 0.0, 0.0, 0.0, 0.0, 0.0, 0.0, 0.0, 0.0, 0.0, 0.0, 0.0, 0.0, 0.0, 0.0, 0.0, 0.0, 0.0, 0.0, 0.0, 0.0, 0.0, 0.0, 0.0, 0.0, 4.8828125, 0.0, 0.0, 0.0, 0.0, 0.0, 0.0, 0.0, 0.0, 0.0, 0.0, 0.0, 0.0, 0.0, 0.0, 0.0, 0.0], [0.0, 0.0, 0.0, 0.0, 0.0, 0.0, 0.0, 0.0, 0.0, 0.0, 0.0, 0.0, 0.0, 0.0, 0.0, 0.0, 0.0, 0.0, 0.0, 0.0, 0.0, 0.0, 0.0, 0.0, 0.0, 0.0, 0.0, 0.0, 0.0, 0.0, 0.0, 0.0, 4.8828125, 0.0, 0.0, 0.0, 0.0, 0.0, 0.0, 0.0, 0.0, 0.0, 0.0, 0.0, 0.0, 0.0, 0.0, 0.0, 0.0], []], "val.top5": [[0.0, 0.0, 0.0, 0.0, 0.0, 0.0, 0.0, 0.0, 3.90625, 2.5390625, 0.0, 0.0, 0.0, 0.0, 0.0, 0.0, 0.0, 0.0, 0.0, 4.8828125, 0.0, 0.0, 0.0, 0.0, 4.78515625, 0.09765625, 0.29296875, 0.29296875, 0.0, 0.0, 0.0, 0.0, 4.8828125, 0.0, 0.0, 0.0, 0.0, 0.0, 0.78125, 0.0, 0.0, 0.0, 0.0, 0.0, 0.0, 0.0, 0.0, 0.5859375, 1.07421875], [0.0, 0.0, 0.0, 0.0, 0.0, 0.0, 0.0, 0.0, 6.4453125, 0.0, 0.0, 0.0, 0.0, 0.0, 0.0, 0.0, 0.0, 0.0, 0.0, 4.8828125, 0.0, 0.0, 0.0, 2.1484375, 2.63671875, 0.09765625, 0.5859375, 0.0, 0.0, 0.0, 0.0, 0.0, 4.8828125, 0.0, 0.0, 0.0, 0.0, 0.29296875, 0.48828125, 0.0, 0.0, 0.0, 0.0, 0.0, 0.0, 0.0, 0.0, 1.3671875, 0.29296875], []], "val.loss": [[1406.315185546875, 1183.722412109375, 1454.259033203125, 1217.68505859375, 1293.576904296875, 1265.515869140625, 1248.494140625, 1146.7166748046875, 1263.03955078125, 1204.7843017578125, 1354.103515625, 1190.0931396484375, 1297.9996337890625, 1279.4837646484375, 1264.7398681640625, 1358.869140625, 1323.3504638671875, 1296.30712890625, 1238.6007080078125, 1125.5128173828125, 1254.085693359375, 1175.7188720703125, 1299.72998046875, 1372.8707275390625, 1176.8392333984375, 1258.130859375, 1346.6246337890625, 1317.8616943359375, 1304.6064453125, 1368.8338623046875, 1267.8480224609375, 1235.2021484375, 1270.985107421875, 1348.587890625, 1349.8812255859375, 1240.1240234375, 1331.09912109375, 1356.6087646484375, 1204.1708984375, 1338.461181640625, 1525.6015625, 1279.202880859375, 1597.8548583984375, 1386.4356689453125, 1482.8980712890625, 1404.8548583984375, 1275.56591796875, 1229.18798828125, 1434.2723388671875], [1356.6676025390625, 1184.307861328125, 1451.08740234375, 1230.393798828125, 1332.735595703125, 1238.83544921875, 1247.0986328125, 1161.033203125, 1199.398681640625, 1248.983642578125, 1348.9769287109375, 1191.3173828125, 1305.0096435546875, 1252.9432373046875, 1327.9349365234375, 1329.5484619140625, 1345.881103515625, 1259.212158203125, 1247.07861328125, 1111.29248046875, 1256.66357421875, 1166.2015380859375, 1327.8734130859375, 1347.680908203125, 1191.1552734375, 1278.0169677734375, 1317.3526611328125, 1349.84375, 1289.5821533203125, 1355.8648681640625, 1261.8548583984375, 1291.183349609375, 1209.0582275390625, 1413.22412109375, 1298.864013671875, 1250.732666015625, 1343.639404296875, 1322.3214111328125, 1243.56396484375, 1365.7098388671875, 1507.1954345703125, 1322.0032958984375, 1528.069091796875, 1423.5107421875, 1481.358154296875, 1370.394287109375, 1275.1507568359375, 1188.4193115234375, 1499.43408203125], []], "val.compute_ips": [[183.31749816617082, 7596.643117778049, 9310.189469759538, 6702.393211102805, 8926.109736911563, 8325.209577843725, 6529.111845525662, 6304.603931343147, 6252.145027578065, 6729.339510689469, 6376.082303304899, 6404.6729804249635, 9405.64889835909, 6057.807432189416, 9328.732924704931, 9280.656751378065, 7264.841950003299, 9105.738240363638, 7340.3438212463125, 9407.585476066877, 9161.189739389363, 6387.708284006068, 6051.12470906478, 6260.009234859262, 6401.064859153145, 9487.614749100934, 9411.192932019774, 6008.106873774239, 9439.758270016506, 5582.817135674538, 9060.1758383627, 6768.215298646819, 5760.788376934137, 9381.734194551782, 6433.540490420767, 6189.114994488115, 9429.04408303769, 9364.102393260411, 9378.661245417086, 9420.151372786411, 9403.857244199999, 9364.184058309114, 9425.753892679459, 6466.308388800479, 9221.753834196112, 5696.855094512805, 9640.260223916108, 9363.02046582199, 9408.718949895725], [5948.757601863727, 9371.641994003849, 9395.957401751884, 9401.222487807867, 9176.006101716643, 9416.062227600782, 6747.6717542980405, 5787.99120272543, 9121.499071914914, 7546.7476625989475, 9427.657370640361, 6699.141966739559, 9359.409047424999, 7147.129304950943, 9259.448257722914, 7032.249200576993, 9380.05406621342, 9333.233291320788, 9369.474904013961, 9355.596619325608, 9150.981252596705, 6884.140863898137, 9379.480501669539, 6532.1802378370485, 9347.533485970976, 9316.571250078632, 9013.477919434214, 9356.81951984663, 9363.367471915133, 5577.061153363208, 9407.853363415328, 9298.740375892805, 6067.614930260747, 9421.866566048993, 6623.875584316641, 9384.46056093063, 9323.568937408962, 9371.028564945322, 9332.30042631229, 9365.062047551764, 9355.576240358456, 9105.081916682037, 9164.23912978539, 6690.02189421741, 9376.757027709129, 9379.00941183664, 9178.123836164434, 9445.799602371695, 6338.471488467436], []],