{"run": {"data": "/data/imagenet", "data_backend": "dali-cpu", "arch": "resnet50", "model_config": "fanin", "workers": 5, "epochs": 2, "start_epoch": 0, "batch_size": 256, "optimizer_batch_size": -1, "lr": 0.1, "lr_schedule": "step", "warmup": 0, "label_smoothing": 0.1, "mixup": 0.0, "true_weight_decay": false, "momentum": 0.9, "weight_decay": 0.0001, "bn_weight_decay": false, "nesterov": false, "print_freq": 1, "resume": "", "pretrained_weights": "", "fp16": false, "static_loss_scale": 1, "dynamic_loss_scale": false, "prof": 100, "local_rank": 0, "seed": null, "gather_checkpoints": false, "raport_file": "/data/workspace/./raport_8GPU_256BS_dali-cpu_inferencebench.json", "final_weights": "model.pth.tar", "evaluate": true, "training_only": false, "save_checkpoints": false, "workspace": "/data/workspace", "distributed": true, "gpu": 0, "world_size": 8}, "epoch": {"ep": [0, 1], "val.top1": [0.099609375, 0.103759765625], "val.top5": [0.48828125, 0.5086263020833334], "val.loss": [1273.7038525390626, 1276.7144266764324], "val.compute_ips": [7030.655493579739, 7355.865900500666], "val.total_ips": [6612.004007508064, 7128.5599768042475], "val.data_time": [0.016873044967651366, 0.009066245993789362], "val.compute_time": [0.517742977142334, 0.4002352490717051]}, "iter": {"it": [[], []], "val.it": [[1, 2, 3, 4, 5, 6, 7, 8, 9, 10, 11, 12, 13, 14, 15, 16, 17, 18, 19, 20, 21, 22, 23, 24, 25, 1, 2, 3, 4, 5, 6, 7, 8, 9, 10, 11, 12, 13, 14, 15, 16, 17, 18, 19, 20, 21, 22, 23, 24]], "val.top1": [[0.0, 0.0, 0.0, 0.0, 0.0, 0.0, 0.0, 0.0, 0.0, 0.0, 0.0, 0.0, 2.44140625, 0.048828125, 0.0, 0.0, 0.0, 0.0, 0.0, 0.0, 0.0, 0.0, 0.0, 0.0, 0.0], [0.0, 0.0, 0.0, 0.0, 0.0, 0.0, 0.0, 0.0, 0.0, 0.0, 0.0, 1.3671875, 1.123046875, 0.0, 0.0, 0.0, 0.0, 0.0, 0.0, 0.0, 0.0, 0.0, 0.0, 0.0], []], "val.top5": [[0.0, 0.0, 0.0, 0.0, 0.0, 0.0, 0.0, 0.0, 2.978515625, 1.953125, 0.0, 0.0, 4.1015625, 0.78125, 0.0, 2.392578125, 0.0, 0.0, 0.0, 0.0, 0.0, 0.0, 0.0, 0.0, 0.0], [0.0, 0.0, 0.0, 0.0, 0.0, 0.0, 0.0, 2.490234375, 2.44140625, 0.0, 0.0, 1.3671875, 3.515625, 0.0, 2.392578125, 0.0, 0.0, 0.0, 0.0, 0.0, 0.0, 0.0, 0.0, 0.0], []], "val.loss": [[1177.1697998046875, 1282.328369140625, 1253.7908935546875, 1234.8896484375, 1255.0819091796875, 1242.716064453125, 1288.5697021484375, 1407.118896484375, 1291.46142578125, 1279.581787109375, 1281.2662353515625, 1216.7510986328125, 1157.771240234375, 1346.226318359375, 1243.432373046875, 1242.76318359375, 1302.8892822265625, 1292.163330078125, 1307.7786865234375, 1328.644287109375, 1280.6707763671875, 1363.8009033203125, 1267.392333984375, 1218.298095703125, 1280.0396728515625], [1228.598388671875, 1282.68505859375, 1215.416015625, 1223.3798828125, 1295.914794921875, 1197.388427734375, 1472.1558837890625, 1272.17333984375, 1283.5750732421875, 1288.6856689453125, 1224.3765869140625, 1233.58935546875, 1267.3172607421875, 1233.7562255859375, 1207.834228515625, 1309.472412109375, 1307.4881591796875, 1295.8798828125, 1358.0439453125, 1264.8160400390625, 1378.87158203125, 1250.2894287109375, 1244.3153076171875, 1305.123291015625], []], "val.compute_ips": [[345.86822996538996, 8254.710786942274, 6286.356009516693, 5430.274861239301, 9993.955404979331, 6723.935036430072, 5984.482440739936, 6838.227008575313, 6558.183202983042, 9670.452985929891, 6051.9432536171025, 5850.808420324188, 9651.362483890865, 8067.294892396118, 5907.458234502432, 5799.507404049154, 5464.025632136603, 8746.755165359735, 8803.444532240426, 5930.579649188699, 6173.125207598967, 9114.511167748604, 8541.291934433402, 9670.322345031624, 5907.511049674362], [9625.611933608545, 8153.014542658909, 6074.995715645602, 6517.356552193498, 6436.500399380772, 9676.455384892673, 7167.608663944234, 8771.665967514975, 6261.7296005656735, 6012.379430926403, 6086.333485433784, 9545.591483356207, 8667.648730517823, 5265.02756468249, 9310.482113224562, 6099.523531984753, 5804.225557030835, 9614.773275427855, 9602.048070968507, 8317.776930823456, 6350.8619878423315, 9613.126989367285, 9394.405738614802, 6301.898134433202], []], "val.total_ips": [[345.8465343638592, 8209.466850799688, 6266.1009324087545, 5414.802627365449, 5752.282074239156, 5906.324967236493, 5967.544779157479, 6813.920328086019, 6535.589631843401, 9624.80303962334, 6035.51678680411, 5834.415838759698, 9604.63552087375, 6201.91285487991, 5890.096808146635, 5781.497178217522, 5449.49101239499, 8714.039948952988, 8770.636005623868, 5912.695591601017, 6156.776513761468, 9080.787478355001, 5512.0499797226885, 9626.733824946767, 5892.1330795375425], [9592.386994902261, 8125.40517797516, 6056.508993173508, 6498.418573968302, 6417.4869198816605, 9633.427453795084, 7143.539323861765, 8737.99111342589, 6242.657802364234, 5997.163084282775, 6069.368386616764, 9502.381799536935, 8632.718344113426, 5251.364106928124, 9269.500189923685, 6083.587709501163, 5788.482645875591, 9571.299023474932, 9557.008257585028, 8285.428522925444, 6332.186988915271, 9569.95544979133, 9354.72040390048, 6286.351408987722], []], "val.data_time": [[0.0003714561462402344, 0.001367330551147461, 0.0010530948638916016, 0.0010776519775390625, 0.1511087417602539, 0.04216337203979492, 0.0009713172912597656, 0.0010683536529541016, 0.001079559326171875, 0.0010044574737548828, 0.0009210109710693359, 0.0009834766387939453, 0.0010323524475097656, 0.07635617256164551, 0.0010218620300292969, 0.0011000633239746094, 0.0009996891021728516, 0.0008790493011474609, 0.0008702278137207031, 0.0010445117950439453, 0.0008809566497802734, 0.0008344650268554688, 0.1317732334136963, 0.0009589195251464844, 0.0009047985076904297], [0.0007369518280029297, 0.0008535385131835938, 0.0010290145874023438, 0.0009157657623291016, 0.0009427070617675781, 0.0009453296661376953, 0.0009627342224121094, 0.0008997917175292969, 0.0009992122650146484, 0.0008642673492431641, 0.0009405612945556641, 0.0009756088256835938, 0.0009560585021972656, 0.0010120868682861328, 0.0009725093841552734, 0.0008795261383056641, 0.0009596347808837891, 0.0009675025939941406, 0.0010051727294921875, 0.0009613037109375, 0.0009510517120361328, 0.0009610652923583984, 0.0009248256683349609, 0.0008037090301513672], []], "val.compute_time": [[5.921330213546753, 0.24810075759887695, 0.32578492164611816, 0.37714481353759766, 0.2049238681793213, 0.3045835494995117, 0.34221839904785156, 0.29949283599853516, 0.31228160858154297, 0.21177911758422852, 0.33840370178222656, 0.3500370979309082, 0.21219801902770996, 0.2538645267486572, 0.3466804027557373, 0.3531334400177002, 0.3748152256011963, 0.23414397239685059, 0.2326362133026123, 0.34532880783081055, 0.3317606449127197, 0.22469663619995117, 0.2397763729095459, 0.21178197860717773, 0.346677303314209], [0.21276569366455078, 0.25119543075561523, 0.33711957931518555, 0.3142378330230713, 0.31818532943725586, 0.21164774894714355, 0.28572988510131836, 0.23347902297973633, 0.32706618309020996, 0.34063053131103516, 0.33649158477783203, 0.21454930305480957, 0.2362809181213379, 0.38898181915283203, 0.21996712684631348, 0.33576393127441406, 0.3528463840484619, 0.21300554275512695, 0.2132878303527832, 0.24621963500976562, 0.3224759101867676, 0.2130420207977295, 0.2180020809173584, 0.3249814510345459], []]}, "event": {}}