{"run": {"data": "/data/imagenet", "data_backend": "pytorch", "arch": "resnet50", "model_config": "fanin", "workers": 5, "epochs": 2, "start_epoch": 0, "batch_size": 256, "optimizer_batch_size": -1, "lr": 0.1, "lr_schedule": "step", "warmup": 0, "label_smoothing": 0.1, "mixup": 0.0, "true_weight_decay": false, "momentum": 0.9, "weight_decay": 0.0001, "bn_weight_decay": false, "nesterov": false, "print_freq": 1, "resume": "", "pretrained_weights": "", "fp16": false, "static_loss_scale": 1, "dynamic_loss_scale": false, "prof": 100, "local_rank": 0, "seed": null, "gather_checkpoints": false, "raport_file": "/data/workspace/./raport_8GPU_256BS_pytorch_inferencebench.json", "final_weights": "model.pth.tar", "evaluate": true, "training_only": false, "save_checkpoints": false, "workspace": "/data/workspace", "distributed": true, "gpu": 0, "world_size": 8}, "epoch": {"ep": [0, 1], "val.top1": [0.10318396210670472, 0.10042010605335236], "val.top5": [0.48957104921340944, 0.49509876012802123], "val.loss": [1031.4408862304688, 1030.8132104492188], "val.compute_ips": [8726.963268057176, 8581.198115121953], "val.total_ips": [8225.445048465383, 7700.31655354851], "val.data_time": [0.0915178394317627, 0.12159056186676026], "val.compute_time": [0.5604543781280518, 0.4154949617385864]}, "iter": {"it": [[], []], "val.it": [[1, 2, 3, 4, 5, 6, 7, 8, 9, 10, 11, 12, 13, 14, 15, 16, 17, 18, 19, 20, 21, 22, 23, 24, 25, 1, 2, 3, 4, 5, 6, 7, 8, 9, 10, 11, 12, 13, 14, 15, 16, 17, 18, 19, 20, 21, 22, 23, 24, 25]], "val.top1": [[0.0, 0.048828125, 0.09765625, 0.146484375, 0.09765625, 0.09765625, 0.09765625, 0.09765625, 0.09765625, 0.09765625, 0.09765625, 0.09765625, 0.0, 0.0, 0.09765625, 0.09765625, 0.146484375, 0.09765625, 0.146484375, 0.09765625, 0.146484375, 0.244140625, 0.0, 0.1953125, 0.2358490526676178], [0.09765625, 0.0, 0.146484375, 0.048828125, 0.09765625, 0.146484375, 0.1953125, 0.048828125, 0.146484375, 0.048828125, 0.09765625, 0.146484375, 0.146484375, 0.09765625, 0.0, 0.048828125, 0.146484375, 0.146484375, 0.09765625, 0.09765625, 0.09765625, 0.048828125, 0.09765625, 0.146484375, 0.1179245263338089], []], "val.top5": [[0.439453125, 0.634765625, 0.68359375, 0.439453125, 0.390625, 0.732421875, 0.634765625, 0.341796875, 0.1953125, 0.927734375, 0.390625, 0.48828125, 0.244140625, 0.439453125, 0.439453125, 0.48828125, 0.48828125, 0.29296875, 0.48828125, 0.5859375, 0.634765625, 0.537109375, 0.439453125, 0.390625, 0.4716981053352356], [0.5859375, 0.439453125, 0.439453125, 0.634765625, 0.439453125, 0.927734375, 0.390625, 0.390625, 0.537109375, 0.48828125, 0.634765625, 0.439453125, 0.439453125, 0.68359375, 0.439453125, 0.341796875, 0.68359375, 0.390625, 0.390625, 0.390625, 0.48828125, 0.244140625, 0.244140625, 0.5859375, 0.707547128200531], []], "val.loss": [[1028.333251953125, 1028.3104248046875, 1029.8756103515625, 1027.5440673828125, 1028.2724609375, 1028.107177734375, 1030.35693359375, 1036.5350341796875, 1031.1866455078125, 1030.1829833984375, 1034.99951171875, 1016.9210815429688, 1033.86083984375, 1036.157958984375, 1036.5556640625, 1026.8759765625, 1038.421142578125, 1030.858154296875, 1032.742919921875, 1027.1566162109375, 1024.152587890625, 1035.283203125, 1037.1063232421875, 1034.523193359375, 1041.702392578125], [1033.1630859375, 1031.8985595703125, 1013.9725341796875, 1040.0831298828125, 1023.5778198242188, 1019.8209228515625, 1033.4708251953125, 1031.1600341796875, 1031.6630859375, 1026.148681640625, 1024.708740234375, 1025.2822265625, 1029.16796875, 1031.482421875, 1041.4852294921875, 1041.3458251953125, 1020.2203369140625, 1052.34619140625, 1024.11083984375, 1042.6275634765625, 1034.2825927734375, 1022.5797119140625, 1041.6556396484375, 1039.154296875, 1014.9219970703125], []], "val.compute_ips": [[298.86287176354097, 9718.033018937298, 9967.734686820442, 9925.293505527125, 10014.835350889158, 10007.974508015179, 9962.42847582962, 9801.475358058951, 9542.367871635844, 9808.212690256796, 9877.563951101662, 9812.840172862663, 9876.678090279735, 9934.913207058353, 9909.73259900002, 10056.94050320209, 6821.165460976125, 6904.226312455994, 8555.515752129184, 9675.332773158463, 7359.758344478725, 10033.505144692655, 9958.374595401723, 9947.925965558374, 402.390491339616], [8694.010592806486, 7339.710350095742, 9912.43135906354, 9836.505039100119, 2845.6759283798538, 10051.785922243753, 9885.53247865215, 9915.41771698943, 9862.084293334374, 3814.8257033277614, 10078.32122752306, 6128.501596347699, 9508.461479368474, 9857.116159941246, 3741.571965263661, 10028.444799353692, 7571.146038735653, 9919.52833034244, 9892.112496861908, 5230.222631388272, 10039.943373820677, 8161.054838145764, 9937.08538323431, 9937.67168875762, 8696.662661590637], []], "val.total_ips": [[235.41891022961877, 8975.31674228002, 9919.929268864465, 9881.995639924487, 9742.148201998572, 8530.282327682517, 9920.490637249128, 9767.005226922574, 9486.986044415778, 9735.401990162522, 9829.503831704797, 9770.071270880984, 9815.396683307643, 9840.911227201907, 9880.279309226342, 6642.181336797501, 6794.108926451431, 6882.315193207047, 6926.551060923472, 7619.837801779809, 7341.717763075238, 7851.256934568095, 9931.857678517541, 9929.584482449702, 385.5777218134145], [807.0369831506493, 7200.147685457603, 9879.699756053518, 9802.448453449428, 1580.7587243271971, 4786.964307030093, 9851.29431625304, 9873.079495561104, 9819.155377028717, 3809.46946059453, 5089.083088356398, 6115.512583528286, 9468.466231268221, 9787.716142676134, 2990.561934695935, 7855.478750722454, 7554.393447063438, 9892.112496861908, 9869.51754121905, 4563.822053151133, 7359.058471977109, 8146.712688198558, 9913.689758007184, 9919.322146007991, 3444.1995731511283], []], "val.data_time": [[1.8467450141906738, 0.01743912696838379, 0.000990152359008789, 0.000904083251953125, 0.0057239532470703125, 0.03544902801513672, 0.0008690357208251953, 0.0007374286651611328, 0.001252889633178711, 0.0015616416931152344, 0.0010137557983398438, 0.0009136199951171875, 0.0012946128845214844, 0.0019690990447998047, 0.0006160736083984375, 0.10469198226928711, 0.001195669174194336, 0.0009443759918212891, 0.05629611015319824, 0.05709981918334961, 0.0006837844848632812, 0.05673384666442871, 0.0005490779876708984, 0.0003802776336669922, 0.09189152717590332], [2.3021135330200195, 0.005408525466918945, 0.0006844997406005859, 0.0007233619689941406, 0.5758919715881348, 0.22408366203308105, 0.0007200241088867188, 0.0008857250213623047, 0.00090789794921875, 0.0007548332214355469, 0.19922161102294922, 0.0007097721099853516, 0.0009098052978515625, 0.0014731884002685547, 0.13745760917663574, 0.05649065971374512, 0.0005998611450195312, 0.00057220458984375, 0.00047397613525390625, 0.05717635154724121, 0.0743112564086914, 0.0004417896270751953, 0.0004863739013671875, 0.00038123130798339844, 0.14870238304138184], []], "val.compute_time": [[6.8526411056518555, 0.21074223518371582, 0.20546293258666992, 0.20634150505065918, 0.2044966220855713, 0.204636812210083, 0.20557236671447754, 0.20894813537597656, 0.21462178230285645, 0.20880460739135742, 0.20733857154846191, 0.20870614051818848, 0.20735716819763184, 0.20614171028137207, 0.2066655158996582, 0.20364046096801758, 0.30024194717407227, 0.2966299057006836, 0.23937773704528809, 0.21167230606079102, 0.27827000617980957, 0.2041161060333252, 0.2056560516357422, 0.2058720588684082, 2.107405662536621], [0.2355644702911377, 0.27903008460998535, 0.20660924911499023, 0.20820403099060059, 0.7196884155273438, 0.20374488830566406, 0.20717144012451172, 0.20654702186584473, 0.20766401290893555, 0.5368528366088867, 0.20320844650268555, 0.33417630195617676, 0.21538710594177246, 0.20776867866516113, 0.5473635196685791, 0.20421910285949707, 0.27050065994262695, 0.20646142959594727, 0.20703363418579102, 0.3915703296661377, 0.20398521423339844, 0.2509479522705078, 0.20609664916992188, 0.2060844898223877, 0.09750866889953613], []]}, "event": {}}