{
    "model": "",
    "ngpus": [
        1
    ],
    "bs": [
        1,
        2,
        4,
        8,
        16,
        32,
        64,
        128,
        256
    ],
    "metric_keys": [
        "val.compute_ips",
        "val.total_ips"
    ],
    "metrics": {
        "1": {
            "1": {
                "val.compute_ips": 99.22165891489391,
                "val.total_ips": 92.91972642528003
            },
            "2": {
                "val.compute_ips": 176.54394060250482,
                "val.total_ips": 168.42136117132907
            },
            "4": {
                "val.compute_ips": 301.2214507789274,
                "val.total_ips": 290.27288778556175
            },
            "8": {
                "val.compute_ips": 683.5089930178237,
                "val.total_ips": 589.6890462363874
            },
            "16": {
                "val.compute_ips": 1221.6714481315923,
                "val.total_ips": 321.66218340039086
            },
            "32": {
                "val.compute_ips": 2223.169692432795,
                "val.total_ips": 755.4743412532194
            },
            "64": {
                "val.compute_ips": 2463.7643373644805,
                "val.total_ips": 1062.6647740807564
            },
            "128": {
                "val.compute_ips": 2592.245104639741,
                "val.total_ips": 871.918005453374
            },
            "256": {
                "val.compute_ips": 2690.4970018651516,
                "val.total_ips": 169.37983382458435
            }
        }
    }
}