{"run": {"data": "/data/imagenet", "data_backend": "dali-gpu", "arch": "resnet50", "model_config": "fanin", "workers": 5, "epochs": 2, "start_epoch": 0, "batch_size": 128, "optimizer_batch_size": -1, "lr": 0.1, "lr_schedule": "step", "warmup": 0, "label_smoothing": 0.1, "mixup": 0.1, "true_weight_decay": false, "momentum": 0.9, "weight_decay": 0.0001, "bn_weight_decay": false, "nesterov": false, "print_freq": 1, "resume": "", "pretrained_weights": "", "fp16": false, "static_loss_scale": 1, "dynamic_loss_scale": false, "prof": 100, "local_rank": 0, "seed": null, "gather_checkpoints": false, "raport_file": "/data/workspace/./raport_8GPU_128BS_dali-gpu_inferencebench.json", "final_weights": "model.pth.tar", "evaluate": true, "training_only": false, "save_checkpoints": false, "workspace": "/data/workspace", "distributed": true, "gpu": 0, "world_size": 8}, "epoch": {"ep": [0, 1], "val.top1": [0.09964923469387756, 0.09964923469387756], "val.top5": [0.5181760204081632, 0.5181760204081632], "val.loss": [969.8907819475446, 970.0415250817124], "val.compute_ips": [7624.818270100045, 8033.952560649352], "val.total_ips": [7464.0346694944865, 7928.738117062051], "val.data_time": [0.0026678406462377433, 0.0016845829632817482], "val.compute_time": [0.24227665395152811, 0.18343963914987993]}, "iter": {"it": [[], []], "val.it": [[1, 2, 3, 4, 5, 6, 7, 8, 9, 10, 11, 12, 13, 14, 15, 16, 17, 18, 19, 20, 21, 22, 23, 24, 25, 26, 27, 28, 29, 30, 31, 32, 33, 34, 35, 36, 37, 38, 39, 40, 41, 42, 43, 44, 45, 46, 47, 48, 49, 1, 2, 3, 4, 5, 6, 7, 8, 9, 10, 11, 12, 13, 14, 15, 16, 17, 18, 19, 20, 21, 22, 23, 24, 25, 26, 27, 28, 29, 30, 31, 32, 33, 34, 35, 36, 37, 38, 39, 40, 41, 42, 43, 44, 45, 46, 47, 48, 49]], "val.top1": [[0.0, 0.0, 0.0, 0.0, 0.0, 0.0, 0.0, 0.0, 0.0, 0.0, 0.0, 0.0, 0.0, 4.8828125, 0.0, 0.0, 0.0, 0.0, 0.0, 0.0, 0.0, 0.0, 0.0, 0.0, 0.0, 0.0, 0.0, 0.0, 0.0, 0.0, 0.0, 0.0, 0.0, 0.0, 0.0, 0.0, 0.0, 0.0, 0.0, 0.0, 0.0, 0.0, 0.0, 0.0, 0.0, 0.0, 0.0, 0.0, 0.0], [0.0, 0.0, 0.0, 0.0, 0.0, 0.0, 0.0, 0.0, 0.0, 0.0, 0.0, 0.0, 1.3671875, 3.515625, 0.0, 0.0, 0.0, 0.0, 0.0, 0.0, 0.0, 0.0, 0.0, 0.0, 0.0, 0.0, 0.0, 0.0, 0.0, 0.0, 0.0, 0.0, 0.0, 0.0, 0.0, 0.0, 0.0, 0.0, 0.0, 0.0, 0.0, 0.0, 0.0, 0.0, 0.0, 0.0, 0.0, 0.0, 0.0], []], "val.top5": [[0.0, 0.0, 0.0, 0.0, 0.0, 0.0, 0.0, 0.0, 0.0, 0.0, 3.7109375, 1.3671875, 0.0, 4.98046875, 0.0, 0.0, 0.390625, 3.80859375, 0.0, 0.0, 4.8828125, 0.0, 0.0, 0.0, 1.46484375, 0.0, 0.0, 0.0, 0.0, 0.0, 0.0, 4.78515625, 0.0, 0.0, 0.0, 0.0, 0.0, 0.0, 0.0, 0.0, 0.0, 0.0, 0.0, 0.0, 0.0, 0.0, 0.0, 0.0, 0.0], [0.0, 0.0, 0.0, 0.0, 0.0, 0.0, 0.0, 0.0, 0.0, 0.0, 5.078125, 0.0, 1.3671875, 3.61328125, 0.0, 0.0, 2.24609375, 1.953125, 0.0, 0.9765625, 3.90625, 0.0, 0.0, 0.0, 1.46484375, 0.0, 0.0, 0.0, 0.0, 0.0, 0.0, 4.78515625, 0.0, 0.0, 0.0, 0.0, 0.0, 0.0, 0.0, 0.0, 0.0, 0.0, 0.0, 0.0, 0.0, 0.0, 0.0, 0.0, 0.0], []], "val.loss": [[1090.264404296875, 937.9976196289062, 871.4856567382812, 983.77294921875, 1012.1295166015625, 819.5714111328125, 929.8587646484375, 911.470947265625, 987.5130004882812, 936.7218017578125, 937.7522583007812, 1042.8673095703125, 974.6156005859375, 948.6603393554688, 1095.5716552734375, 1085.1453857421875, 888.949462890625, 977.4827270507812, 871.3509521484375, 987.6556396484375, 867.5479125976562, 991.7281494140625, 924.18310546875, 1074.11328125, 989.7168579101562, 942.1754760742188, 946.00341796875, 1030.9385986328125, 1057.1588134765625, 1069.1439208984375, 1106.7635498046875, 985.0509643554688, 918.537841796875, 1008.679931640625, 1007.7376708984375, 862.2586059570312, 926.07373046875, 940.6343383789062, 942.9439086914062, 895.9649047851562, 932.7240600585938, 1024.8760986328125, 970.353271484375, 874.831787109375, 979.8740234375, 951.0775146484375, 1055.9459228515625, 989.0424194335938, 967.7308349609375], [1058.90478515625, 960.9427490234375, 859.6842651367188, 1018.210205078125, 1006.132568359375, 797.6060791015625, 940.3800659179688, 921.7025146484375, 979.0454711914062, 952.6368408203125, 914.6486206054688, 1052.644775390625, 964.26806640625, 973.2720947265625, 1079.7421875, 1077.7435302734375, 875.4917602539062, 990.3922729492188, 883.0712890625, 969.1882934570312, 861.42138671875, 993.7929077148438, 967.0852661132812, 1062.4761962890625, 992.1384887695312, 937.8366088867188, 920.3384399414062, 1052.3292236328125, 1040.8438720703125, 1099.6497802734375, 1106.6484375, 929.7708740234375, 927.23681640625, 1052.712158203125, 992.6155395507812, 831.5927124023438, 939.173095703125, 934.2363891601562, 987.085693359375, 849.0447998046875, 963.0167846679688, 1019.923828125, 953.32958984375, 890.8902587890625, 974.103271484375, 977.47412109375, 1054.0743408203125, 956.7124633789062, 988.77294921875], []], "val.compute_ips": [[193.06994089407573, 7832.457615960464, 9143.091635976583, 6565.330960930251, 8810.586931102533, 8249.272629492478, 6238.677035973982, 6453.599537200514, 6246.3801929339015, 9480.243190506882, 6524.063719094006, 6114.10225362258, 5967.370663376599, 6280.8080675729425, 9204.480968331629, 9287.721076475613, 6503.111972479287, 9337.352293701642, 8975.523062776896, 9433.662498544854, 9071.236244669684, 6246.534631807975, 7018.092430370026, 6104.864165382669, 6177.702418024357, 9407.029143395317, 6886.779040942574, 9368.739139160101, 9374.669419791944, 5400.375572261851, 9277.709772883392, 8738.755599865714, 5681.083496029163, 6519.745790215905, 6312.916216160601, 5687.847111624353, 9193.152485487764, 9340.824817423, 9340.885761945878, 9389.014869514653, 6625.019930741406, 9236.369629639188, 9343.222568350708, 6467.788505470179, 6958.184630638279, 5487.934496946155, 9521.942304793154, 9314.086163001002, 9282.68263141742], [6466.688090964936, 9419.882784621897, 7170.360884757483, 9374.301114884627, 9233.192658104848, 9308.797142535133, 6200.542960922567, 6790.268887209534, 9316.167080601184, 6839.326820397432, 8989.819754311275, 9301.51943155264, 9288.283473217318, 7147.474228125151, 9367.370106629618, 6977.163296105267, 9339.098386356767, 9329.502949839693, 5808.232601540039, 9358.02235048294, 9244.759389044822, 6361.651606940251, 8272.534007211316, 9296.647112173181, 9271.801411396955, 9279.614068823068, 9192.916362017448, 9306.376695528572, 8960.318309647593, 9362.34693917589, 9384.5220761911, 9350.48428257618, 7601.120082683827, 9381.570253096816, 6684.493096788151, 9341.292079089484, 9334.125771511031, 9306.396860719338, 9311.037177227567, 9203.041196511604, 9316.146873047825, 9325.228889974489, 9027.725092642611, 6480.660920788971, 7223.179090797482, 9351.318983648674, 5276.482796323756, 8919.918039970675, 6317.531240025359], []],