{"run": {"data": "/data/imagenet", "data_backend": "dali-cpu", "arch": "resnet50", "model_config": "fanin", "workers": 5, "epochs": 2, "start_epoch": 0, "batch_size": 256, "optimizer_batch_size": -1, "lr": 0.1, "lr_schedule": "step", "warmup": 0, "label_smoothing": 0.1, "mixup": 0.1, "true_weight_decay": false, "momentum": 0.9, "weight_decay": 0.0001, "bn_weight_decay": false, "nesterov": false, "print_freq": 1, "resume": "", "pretrained_weights": "", "fp16": false, "static_loss_scale": 1, "dynamic_loss_scale": false, "prof": 100, "local_rank": 0, "seed": null, "gather_checkpoints": false, "raport_file": "/data/workspace/./raport_8GPU_256BS_dali-cpu_inferencebench.json", "final_weights": "model.pth.tar", "evaluate": true, "training_only": false, "save_checkpoints": false, "workspace": "/data/workspace", "distributed": true, "gpu": 0, "world_size": 8}, "epoch": {"ep": [0, 1], "val.top1": [0.1953125, 0.0], "val.top5": [0.611328125, 0.4170735677083333], "val.loss": [2031.7105126953124, 2041.2334594726562], "val.compute_ips": [6733.647342858004, 7270.701876369192], "val.total_ips": [6405.6551981562425, 7019.361565969024], "val.data_time": [0.013068962097167968, 0.009430277104280432], "val.compute_time": [0.5278357410430908, 0.40411825082740005]}, "iter": {"it": [[], []], "val.it": [[1, 2, 3, 4, 5, 6, 7, 8, 9, 10, 11, 12, 13, 14, 15, 16, 17, 18, 19, 20, 21, 22, 23, 24, 25, 1, 2, 3, 4, 5, 6, 7, 8, 9, 10, 11, 12, 13, 14, 15, 16, 17, 18, 19, 20, 21, 22, 23, 24]], "val.top1": [[2.44140625, 0.0, 0.0, 0.0, 0.0, 0.0, 0.0, 0.0, 0.0, 0.0, 0.0, 0.0, 0.0, 0.0, 0.0, 0.0, 0.0, 0.0, 0.0, 0.0, 0.0, 0.0, 0.0, 0.0, 2.44140625], [0.0, 0.0, 0.0, 0.0, 0.0, 0.0, 0.0, 0.0, 0.0, 0.0, 0.0, 0.0, 0.0, 0.0, 0.0, 0.0, 0.0, 0.0, 0.0, 0.0, 0.0, 0.0, 0.0, 0.0], []], "val.top5": [[2.83203125, 0.0, 0.0, 0.0, 4.150390625, 0.68359375, 0.0, 0.0, 0.0, 0.0, 0.0, 2.24609375, 0.0, 0.0, 0.0, 0.0, 0.0, 0.0, 0.0, 0.0, 0.0, 1.85546875, 0.5859375, 0.0, 2.9296875], [0.0, 0.0, 0.0, 1.416015625, 3.41796875, 0.0, 0.0, 0.0, 0.0, 0.0, 0.9765625, 1.26953125, 0.0, 0.0, 0.0, 0.0, 0.0, 0.0, 0.0, 0.0, 0.0, 2.44140625, 0.0, 0.48828125], []], "val.loss": [[1864.5621337890625, 2127.376220703125, 2132.6630859375, 1962.6895751953125, 1982.9681396484375, 1935.923828125, 1976.31298828125, 2232.6650390625, 2013.9703369140625, 2140.506591796875, 1929.831298828125, 1808.997314453125, 1953.1644287109375, 2022.6043701171875, 2031.26513671875, 2021.9326171875, 2161.16748046875, 2139.9248046875, 2042.4801025390625, 2089.5146484375, 2302.693359375, 2020.9462890625, 2011.57421875, 1999.770263671875, 1887.258544921875], [2064.635986328125, 2168.44580078125, 2047.6116943359375, 1930.5076904296875, 1937.925048828125, 1973.2783203125, 2168.21728515625, 2073.360595703125, 2090.309326171875, 2078.89111328125, 1827.9488525390625, 1849.0341796875, 2046.436279296875, 2031.6800537109375, 2124.588134765625, 1886.6693115234375, 2254.689697265625, 2078.38427734375, 2023.251708984375, 2305.22021484375, 2125.145751953125, 1882.5302734375, 2013.1441650390625, 2007.697265625], []], "val.compute_ips": [[343.1201721445813, 8049.54451975527, 7553.343889922584, 9589.838257605783, 7214.934096660695, 6046.260645793418, 6124.189085599562, 6304.335560539696, 6293.7024338277, 6932.426159414734, 5715.207886115465, 5989.823910387647, 9691.368289466112, 6504.707499477499, 5654.591110046159, 5730.408951513967, 6063.738631815317, 9637.394037784707, 8134.115052678028, 7349.846449500866, 5929.580751288434, 6524.479968402744, 8540.688979345096, 6103.844735198419, 6319.692497165681], [6311.649889600394, 9598.453723144517, 5736.374898661057, 6044.784234744896, 6197.8631221450105, 9751.07284413376, 6860.17561224938, 9079.712440463481, 9506.630446018196, 6089.59542660103, 9655.745428098995, 9610.997338214578, 6705.05091037956, 5489.9056495969135, 9648.879858736627, 5792.22190514979, 9626.863290776073, 9575.396052097685, 9559.911936848455, 9112.509684899958, 6159.482765865449, 9666.992194322653, 5754.228011178962, 6388.710706712808], []], "val.total_ips": [[343.0833076518145, 8007.202428093096, 7522.137136872413, 6134.226022598975, 6152.071625269379, 6026.810454315517, 6105.788453787928, 6283.7485896205435, 6275.265325205865, 6904.770189171244, 5701.664973190686, 5967.515759155066, 9632.141987151814, 6075.949660479855, 5637.812480597311, 5710.2916272793145, 6046.56708080218, 9575.374704320433, 8103.046817855516, 7322.360726615578, 5911.572519168024, 6504.160795588344, 5810.228374151795, 6087.045118882526, 6300.54379608087], [6293.711656423738, 9539.443056642956, 5719.854566762664, 6021.250896009612, 6176.010146276931, 6379.368558014078, 6837.562937101902, 9041.29407480228, 9429.302843192463, 6069.681457299925, 9613.159264067326, 9565.405031730883, 6684.378660872975, 5471.215766902777, 9607.321071509657, 5776.283697710449, 9583.44026035025, 9532.932250188662, 9517.33197127716, 9078.109954820471, 6142.375917698687, 9622.312500140024, 5738.563098286501, 6367.027140493711], []], "val.data_time": [[0.0006413459777832031, 0.0013453960418701172, 0.0011248588562011719, 0.12030506134033203, 0.04904031753540039, 0.001093149185180664, 0.0010077953338623047, 0.001064300537109375, 0.0009560585021972656, 0.0011832714080810547, 0.0008511543273925781, 0.0012781620025634766, 0.0012993812561035156, 0.022217750549316406, 0.001077890396118164, 0.0012590885162353516, 0.0009591579437255859, 0.0013763904571533203, 0.0009653568267822266, 0.0010459423065185547, 0.0010521411895751953, 0.0009806156158447266, 0.11268854141235352, 0.0009260177612304688, 0.0009849071502685547], [0.0009248256683349609, 0.00131988525390625, 0.0010311603546142578, 0.0013241767883300781, 0.0011692047119140625, 0.1110067367553711, 0.0009872913360595703, 0.0009584426879882812, 0.0017666816711425781, 0.0011034011840820312, 0.0009396076202392578, 0.0010156631469726562, 0.0009446144104003906, 0.0012743473052978516, 0.0009181499481201172, 0.0009756088256835938, 0.0009639263153076172, 0.0009527206420898438, 0.0009584426879882812, 0.0008516311645507812, 0.0009260177612304688, 0.0009837150573730469, 0.0009715557098388672, 0.0010917186737060547], []], "val.compute_time": [[5.968754291534424, 0.2544243335723877, 0.27113819122314453, 0.21355938911437988, 0.283855676651001, 0.33872175216674805, 0.33441162109375, 0.3248558044433594, 0.32540464401245117, 0.2954232692718506, 0.35834217071533203, 0.34191322326660156, 0.21132206916809082, 0.3148488998413086, 0.3621835708618164, 0.3573915958404541, 0.33774542808532715, 0.21250557899475098, 0.25177907943725586, 0.27864527702331543, 0.34538698196411133, 0.31389474868774414, 0.2397933006286621, 0.3355262279510498, 0.3240664005279541], [0.324479341506958, 0.21336770057678223, 0.35701990127563477, 0.3388044834136963, 0.33043646812438965, 0.21002817153930664, 0.298534631729126, 0.22555780410766602, 0.21542859077453613, 0.33631134033203125, 0.21210169792175293, 0.2130892276763916, 0.30544137954711914, 0.3730483055114746, 0.21225261688232422, 0.3535776138305664, 0.212738037109375, 0.2138814926147461, 0.21422791481018066, 0.2247459888458252, 0.33249545097351074, 0.2118549346923828, 0.3559122085571289, 0.32056546211242676], []]}, "event": {}}