{"run": {"data": "/data/imagenet", "data_backend": "dali-gpu", "arch": "resnet50", "model_config": "fanin", "workers": 3, "epochs": 2, "start_epoch": 0, "batch_size": 448, "optimizer_batch_size": -1, "lr": 0.1, "lr_schedule": "step", "warmup": 0, "label_smoothing": 0.1, "mixup": 0.1, "momentum": 0.9, "weight_decay": 0.0001, "bn_weight_decay": false, "nesterov": false, "print_freq": 1, "resume": "", "pretrained_weights": "", "fp16": false, "static_loss_scale": 128.0, "dynamic_loss_scale": false, "prof": 100, "amp": true, "local_rank": 0, "seed": null, "gather_checkpoints": false, "raport_file": "/data/workspace/./raport_16GPU_448BS_dali-gpu_inferencebench.json", "final_weights": "model.pth.tar", "evaluate": true, "training_only": false, "save_checkpoints": false, "workspace": "/data/workspace", "distributed": true, "gpu": 0, "world_size": 16}, "epoch": {"ep": [0, 1], "val.top1": [0.0956632677199585, 0.0956632677199585], "val.top5": [0.5002391593796867, 0.5002391593796867], "val.loss": [1045.486607142857, 1045.3660714285713], "val.compute_ips": [16104.881898467826, 16343.278346276453], "val.total_ips": [7718.106761794627, 7595.17612234455], "val.data_time": [0.36796835490635466, 0.3414195775985718], "val.compute_time": [3.616018908364432, 2.1318700994764055]}, "iter": {"it": [[], []], "val.it": [[1, 2, 3, 4, 5, 6, 7, 1, 2, 3, 4, 5, 6, 7]], "val.top1": [[0.6556919813156128, 0.0, 0.013950892724096775, 0.0, 0.0, 0.0, 0.0], [0.6556919813156128, 0.0, 0.013950892724096775, 0.0, 0.0, 0.0, 0.0], []], "val.top5": [[0.6975446343421936, 0.0, 1.3950892686843872, 1.4090402126312256, 0.0, 0.0, 0.0], [0.6975446343421936, 0.0, 1.3950892686843872, 1.4090402126312256, 0.0, 0.0, 0.0], []], "val.loss": [[1041.71875, 1033.34375, 1035.96875, 1017.8125, 1048.78125, 1057.40625, 1083.375], [1038.75, 1035.65625, 1036.625, 1021.25, 1044.25, 1059.0625, 1081.96875], []], "val.compute_ips": [[316.62048601219755, 15894.049649656847, 31839.23533573096, 25378.1393263283, 16995.281009063277, 12010.611713721404, 10300.2357687618], [10508.461384561933, 9083.51460881372, 8382.594704524183, 7864.051209187186, 8055.140036186113, 41492.17152344294, 30685.790091879455], []], "val.total_ips": [[316.6149943200006, 15813.102106658911, 8756.067207732542, 8030.811162712178, 7494.7185257441115, 6120.421470923654, 7495.011864471005], [7348.54310558909, 6914.421980048872, 7944.19627242208, 7482.040991892507, 8040.527635930481, 6848.983618582632, 7727.0047757956445], []], "val.data_time": [[0.00039267539978027344, 0.0023086071014404297, 0.5935013294219971, 0.610114574432373, 0.5346426963806152, 0.5743556022644043, 0.26046299934387207], [0.29331445693969727, 0.24755191802978516, 0.047188758850097656, 0.04653787612915039, 0.0016171932220458984, 0.8738231658935547, 0.6940622329711914], []], "val.compute_time": [[22.63909101486206, 0.450986385345459, 0.22513103485107422, 0.28244781494140625, 0.4217641353607178, 0.5968055725097656, 0.695906400680542], [0.6821169853210449, 0.7891218662261963, 0.8551051616668701, 0.9114894866943359, 0.8898665904998779, 0.17275547981262207, 0.23359346389770508], []]}, "event": {}}