{"run": {"data": "/data/imagenet", "data_backend": "dali-gpu", "arch": "resnet50", "model_config": "fanin", "workers": 3, "epochs": 2, "start_epoch": 0, "batch_size": 512, "optimizer_batch_size": -1, "lr": 0.1, "lr_schedule": "step", "warmup": 0, "label_smoothing": 0.1, "mixup": 0.1, "momentum": 0.9, "weight_decay": 0.0001, "bn_weight_decay": false, "nesterov": false, "print_freq": 1, "resume": "", "pretrained_weights": "", "fp16": false, "static_loss_scale": 128.0, "dynamic_loss_scale": false, "prof": 100, "amp": true, "local_rank": 0, "seed": null, "gather_checkpoints": false, "raport_file": "/data/workspace/./raport_16GPU_512BS_dali-gpu_inferencebench.json", "final_weights": "model.pth.tar", "evaluate": true, "training_only": false, "save_checkpoints": false, "workspace": "/data/workspace", "distributed": true, "gpu": 0, "world_size": 16}, "epoch": {"ep": [0, 1], "val.top1": [0.08719308035714286, 0.10172526041666667], "val.top5": [0.5126953125, 0.4313151041666667], "val.loss": [1477.7901785714287, 1477.3541666666667], "val.compute_ips": [17039.95121553762, 15112.942180311295], "val.total_ips": [7810.592291983614, 7585.7791589589015], "val.data_time": [0.41026810237339567, 0.3922969377957858], "val.compute_time": [3.867891413824899, 2.430726069670457]}, "iter": {"it": [[], []], "val.it": [[1, 2, 3, 4, 5, 6, 7, 1, 2, 3, 4, 5, 6]], "val.top1": [[0.0, 0.0, 0.0, 0.6103515625, 0.0, 0.0, 0.0], [0.0, 0.0, 0.6103515625, 0.0, 0.0, 0.0], []], "val.top5": [[0.6103515625, 0.01220703125, 0.0, 1.25732421875, 1.0986328125, 0.0, 0.6103515625], [0.01220703125, 0.0, 0.732421875, 1.62353515625, 0.0, 0.2197265625], []], "val.loss": [[1479.8125, 1495.0625, 1519.75, 1490.40625, 1443.3125, 1422.4375, 1493.75], [1472.3125, 1521.5, 1517.0, 1413.6875, 1441.3125, 1498.3125], []], "val.compute_ips": [[341.7526983053035, 16688.217605135116, 42185.12038443264, 23674.60697717202, 14344.182157471598, 12164.797572120167, 9880.981114126489], [8594.988445205781, 8281.414630642721, 7222.1998088498685, 23080.45734583467, 15397.852605219086, 14611.676999531368], []], "val.total_ips": [[341.74617540498696, 16599.62112767167, 8996.415118072302, 7126.34981020453, 6890.1210568996785, 7784.467912613924, 6935.424843018209], [7025.116283938716, 8267.517927849716, 7212.153614164476, 6448.585160634053, 7232.615041343677, 7754.99499464978], []], "val.data_time": [[0.00045752525329589844, 0.0026199817657470703, 0.716393232345581, 0.8035118579864502, 0.6178460121154785, 0.3789334297180176, 0.3521146774291992], [0.21298813819885254, 0.0016627311706542969, 0.0015799999237060547, 0.9154238700866699, 0.6006247997283936, 0.49570393562316895], []], "val.compute_time": [[23.97054958343506, 0.49088525772094727, 0.19419169425964355, 0.346024751663208, 0.5711026191711426, 0.6734185218811035, 0.8290674686431885], [0.9531135559082031, 0.9892029762268066, 1.1342804431915283, 0.3549323081970215, 0.53202223777771, 0.5606474876403809], []]}, "event": {}}