{"run": {"data": "/data/imagenet", "data_backend": "pytorch", "arch": "resnet50", "model_config": "fanin", "workers": 3, "epochs": 2, "start_epoch": 0, "batch_size": 256, "optimizer_batch_size": -1, "lr": 0.1, "lr_schedule": "step", "warmup": 0, "label_smoothing": 0.1, "mixup": 0.1, "momentum": 0.9, "weight_decay": 0.0001, "bn_weight_decay": false, "nesterov": false, "print_freq": 1, "resume": "", "pretrained_weights": "", "fp16": false, "static_loss_scale": 128.0, "dynamic_loss_scale": false, "prof": 100, "amp": true, "local_rank": 0, "seed": null, "gather_checkpoints": false, "raport_file": "/data/workspace/./raport_16GPU_256BS_pytorch_inferencebench.json", "final_weights": "model.pth.tar", "evaluate": true, "training_only": false, "save_checkpoints": false, "workspace": "/data/workspace", "distributed": true, "gpu": 0, "world_size": 16}, "epoch": {"ep": [0, 1], "val.top1": [0.10109335298721607, 0.10109335298721607], "val.top5": [0.49108054087712216, 0.49108054087712216], "val.loss": [1718.889423076923, 1717.3125], "val.compute_ips": [22822.75892939849, 20044.533255866183], "val.total_ips": [21695.112336379025, 17927.219201017666], "val.data_time": [0.5071114760178786, 0.6068098453375009], "val.compute_time": [2.2942365866440992, 1.3587070886905377]}, "iter": {"it": [[], []], "val.it": [[1, 2, 3, 4, 5, 6, 7, 8, 9, 10, 11, 12, 13, 1, 2, 3, 4, 5, 6, 7, 8, 9, 10, 11, 12, 13]], "val.top1": [[0.0244140625, 0.0732421875, 0.048828125, 0.146484375, 0.1220703125, 0.09765625, 0.09765625, 0.1220703125, 0.09765625, 0.1220703125, 0.09765625, 0.146484375, 0.1179245263338089], [0.1708984375, 0.146484375, 0.09765625, 0.1220703125, 0.0244140625, 0.09765625, 0.0244140625, 0.1220703125, 0.1220703125, 0.09765625, 0.048828125, 0.1220703125, 0.1179245263338089], []], "val.top5": [[0.3173828125, 0.48828125, 0.48828125, 0.634765625, 0.439453125, 0.5859375, 0.634765625, 0.7080078125, 0.390625, 0.439453125, 0.4638671875, 0.439453125, 0.3537735939025879], [0.5615234375, 0.341796875, 0.48828125, 0.634765625, 0.4150390625, 0.4150390625, 0.4638671875, 0.439453125, 0.390625, 0.6103515625, 0.634765625, 0.634765625, 0.3537735939025879], []], "val.loss": [[1721.375, 1700.125, 1708.125, 1728.8125, 1723.6875, 1716.1875, 1713.6875, 1729.8125, 1716.25, 1725.875, 1724.5625, 1716.3125, 1720.75], [1708.625, 1707.9375, 1710.9375, 1732.0625, 1718.0, 1721.5, 1710.375, 1725.3125, 1730.0, 1706.0, 1724.25, 1735.875, 1694.1875], []], "val.compute_ips": [[206.45089432552658, 16172.119716016168, 38800.975641926154, 39166.48432302792, 39684.804124663904, 39716.63923469753, 39665.74586023144, 2881.350223742406, 16410.903479653858, 20176.408905403867, 3397.2210567613124, 40276.142613327334, 140.62000840295502], [7753.764726962049, 13871.591671491078, 5186.832826923913, 7573.195262088331, 39736.57361730474, 3241.4095265336296, 8645.938659668, 36151.17362585565, 6128.536575655898, 10554.424311975923, 20336.717505690893, 40281.5254199932, 25000.31484019709], []], "val.total_ips": [[175.5975373555942, 13246.219003765718, 38302.0111696471, 38628.75679662187, 39156.21851068485, 38849.057787848156, 39298.5435272427, 1209.0595411464462, 10885.322560287912, 20081.060288056706, 2063.4779144925715, 40004.35250669461, 136.7832290830504], [1030.9269138061727, 12900.869939767948, 1347.2350952552654, 7552.719608205182, 38714.5874521416, 1418.0021768727697, 8628.898382646841, 35875.552199534744, 1757.185330152374, 10533.502792809695, 20257.750811259528, 39912.80723918826, 4141.200911891617], []], "val.data_time": [[3.4859983921051025, 0.05594491958618164, 0.0013751983642578125, 0.0014557838439941406, 0.0013933181762695312, 0.0023031234741210938, 0.0009648799896240234, 1.9662013053894043, 0.12669634819030762, 0.0009639263153076172, 0.7793068885803223, 0.0006909370422363281, 0.16915416717529297], [3.44486403465271, 0.02221822738647461, 2.2506089210510254, 0.0014662742614746094, 0.002721071243286133, 1.6249232292175293, 0.0009355545043945312, 0.0008704662322998047, 1.662651777267456, 0.0007708072662353516, 0.0007851123809814453, 0.0009393692016601562, 0.1708519458770752], []], "val.compute_time": [[19.84006905555725, 0.25327539443969727, 0.10556435585021973, 0.10457921028137207, 0.10321331024169922, 0.10313057899475098, 0.10326290130615234, 1.421555757522583, 0.24959015846252441, 0.20300936698913574, 1.2056913375854492, 0.10169792175292969, 6.030436277389526], [0.5282595157623291, 0.29527974128723145, 0.7896919250488281, 0.5408549308776855, 0.10307884216308594, 1.2636477947235107, 0.47374844551086426, 0.11330199241638184, 0.6683487892150879, 0.38808369636535645, 0.20140910148620605, 0.1016843318939209, 0.033919572830200195], []]}, "event": {}}