{"run": {"data": "/data/imagenet", "data_backend": "dali-cpu", "arch": "resnet50", "model_config": "fanin", "workers": 5, "epochs": 2, "start_epoch": 0, "batch_size": 256, "optimizer_batch_size": -1, "lr": 0.1, "lr_schedule": "step", "warmup": 0, "label_smoothing": 0.1, "mixup": 0.1, "true_weight_decay": false, "momentum": 0.9, "weight_decay": 0.0001, "bn_weight_decay": false, "nesterov": false, "print_freq": 1, "resume": "", "pretrained_weights": "", "fp16": true, "static_loss_scale": 128.0, "dynamic_loss_scale": false, "prof": 100, "local_rank": 0, "seed": null, "gather_checkpoints": false, "raport_file": "/data/workspace/./raport_8GPU_256BS_dali-cpu_inferencebench.json", "final_weights": "model.pth.tar", "evaluate": true, "training_only": false, "save_checkpoints": false, "workspace": "/data/workspace", "distributed": true, "gpu": 0, "world_size": 8}, "epoch": {"ep": [0, 1], "val.top1": [0.09765625, 0.10172526041666667], "val.top5": [0.5, 0.4964192708333333], "val.loss": [1597.6, 1595.8333333333333], "val.compute_ips": [11928.02773469017, 12657.83191455664], "val.total_ips": [10513.831182125492, 11303.394577522206], "val.data_time": [0.017503700256347655, 0.014936228187716737], "val.compute_time": [0.4053994274139404, 0.2886199172662229]}, "iter": {"it": [[], []], "val.it": [[1, 2, 3, 4, 5, 6, 7, 8, 9, 10, 11, 12, 13, 14, 15, 16, 17, 18, 19, 20, 21, 22, 23, 24, 25, 1, 2, 3, 4, 5, 6, 7, 8, 9, 10, 11, 12, 13, 14, 15, 16, 17, 18, 19, 20, 21, 22, 23, 24]], "val.top1": [[0.0, 0.0, 0.0, 0.0, 0.0, 0.0, 2.44140625, 0.0, 0.0, 0.0, 0.0, 0.0, 0.0, 0.0, 0.0, 0.0, 0.0, 0.0, 0.0, 0.0, 0.0, 0.0, 0.0, 0.0, 0.0], [0.0, 0.0, 0.0, 0.0, 0.0, 2.44140625, 0.0, 0.0, 0.0, 0.0, 0.0, 0.0, 0.0, 0.0, 0.0, 0.0, 0.0, 0.0, 0.0, 0.0, 0.0, 0.0, 0.0, 0.0], []], "val.top5": [[2.44140625, 0.0, 2.44140625, 0.0, 0.0, 0.0, 2.44140625, 0.0, 0.0, 0.0, 2.44140625, 2.44140625, 0.0, 0.0, 0.0, 0.0, 0.0, 0.0, 0.0, 0.0, 0.0, 0.0, 0.0, 0.0, 0.29296875], [2.1484375, 0.87890625, 1.5625, 0.0, 0.0, 2.44140625, 0.0, 0.0, 0.0, 0.0, 3.515625, 1.3671875, 0.0, 0.0, 0.0, 0.0, 0.0, 0.0, 0.0, 0.0, 0.0, 0.0, 0.0, 0.0], []], "val.loss": [[1576.0, 1505.0, 1581.0, 1486.0, 1595.0, 1732.0, 1578.0, 1619.0, 1620.0, 1760.0, 1544.0, 1579.0, 1670.0, 1601.0, 1729.0, 1429.0, 1694.0, 1452.0, 1472.0, 1511.0, 1548.0, 1730.0, 1688.0, 1615.0, 1626.0], [1502.0, 1560.0, 1515.0, 1528.0, 1745.0, 1626.0, 1526.0, 1700.0, 1659.0, 1655.0, 1466.0, 1749.0, 1547.0, 1792.0, 1600.0, 1468.0, 1583.0, 1470.0, 1426.0, 1488.0, 1742.0, 1670.0, 1631.0, 1652.0], []], "val.compute_ips": [[347.4618825344993, 13570.775676055693, 17714.163792303458, 11256.65981564622, 20433.78615963214, 10370.997919747906, 9148.973466709838, 11176.152059276992, 9936.418688475285, 14135.389083249684, 9299.7269518749, 8749.142742484999, 15517.957958478759, 20322.3076096857, 10555.8834346329, 8307.183004089795, 9342.795759926388, 13167.677768069289, 14072.147897926185, 9348.357486524224, 15333.22728871134, 11104.878675367925, 15216.405131457279, 10682.470283479353, 9089.752830913438], [10470.562857376195, 12937.427845050906, 9360.041354481304, 10307.604036195686, 9708.620045344913, 17519.28786713793, 14789.552181346427, 13319.565943207668, 9629.755601892335, 9270.630647276259, 8090.050379076842, 15960.22101451295, 9467.203540915383, 8540.451217644964, 17863.95133647913, 20505.24592637152, 20154.939856169123, 17300.418500108757, 16073.317700244375, 15389.183761510623, 9669.288229155996, 19634.629880979865, 16179.247446428202, 9891.8732771139], []], "val.total_ips": [[347.4474488608268, 13452.440159676513, 13731.965015994105, 9497.622361045078, 9402.889623027731, 8656.599061371622, 9103.509055358023, 11122.3776328448, 9894.493933672982, 14051.407592070955, 8890.836047180786, 8712.413703848704, 15401.766092188967, 12556.584863572178, 8990.967716004672, 8279.048058360504, 9298.740375892805, 13096.329023759574, 13985.49761560917, 8554.391096991998, 15229.111389653699, 10693.787586646482, 10816.71830608146, 10022.07976889538, 9056.756024528286], [10428.65192804054, 12872.750011988683, 9323.336186433411, 10262.005194358362, 9660.892871241473, 17379.31419368675, 12455.083194499422, 13237.237436856818, 9582.873625589033, 9233.053715499394, 8060.822221388086, 15830.449967841274, 9103.981821573316, 8503.235601804006, 17728.165898921856, 12572.997258509526, 13892.983734248972, 12650.339296759486, 14561.01278971805, 13725.426413418105, 9624.921668900173, 19451.580349904667, 11635.804132299694, 9243.635231969663], []], "val.data_time": [[0.0002448558807373047, 0.0013275146484375, 0.033527374267578125, 0.03369617462158203, 0.11757922172546387, 0.0391087532043457, 0.0011179447174072266, 0.0008859634399414062, 0.0008733272552490234, 0.000865936279296875, 0.010128021240234375, 0.0009868144989013672, 0.000995635986328125, 0.06232571601867676, 0.03376913070678711, 0.0008378028869628906, 0.0010385513305664062, 0.0008473396301269531, 0.0009016990661621094, 0.020333290100097656, 0.0009131431579589844, 0.0070896148681640625, 0.05474495887756348, 0.01263284683227539, 0.0008208751678466797], [0.0007860660552978516, 0.0007953643798828125, 0.0008614063262939453, 0.0008828639984130859, 0.0010421276092529297, 0.0009415149688720703, 0.025954723358154297, 0.0009562969207763672, 0.0010404586791992188, 0.0008990764617919922, 0.0009179115295410156, 0.0010519027709960938, 0.008630752563476562, 0.0010495185852050781, 0.0008780956268310547, 0.06301188468933105, 0.04579973220825195, 0.043514251708984375, 0.013233423233032227, 0.01613163948059082, 0.0009763240814208984, 0.0009815692901611328, 0.04942655563354492, 0.014519214630126953], []], "val.compute_time": [[5.894171714782715, 0.15091252326965332, 0.11561369895935059, 0.18193674087524414, 0.10022616386413574, 0.19747376441955566, 0.22385025024414062, 0.18324732780456543, 0.20611047744750977, 0.14488458633422852, 0.22022151947021484, 0.23408007621765137, 0.13197612762451172, 0.10077595710754395, 0.1940150260925293, 0.24653363227844238, 0.2192063331604004, 0.1555323600769043, 0.14553570747375488, 0.21907591819763184, 0.13356614112854004, 0.18442344665527344, 0.13459157943725586, 0.19171595573425293, 0.22530865669250488], [0.19559597969055176, 0.15830039978027344, 0.21880245208740234, 0.19868826866149902, 0.21094655990600586, 0.11689972877502441, 0.13847613334655762, 0.15375876426696777, 0.21267414093017578, 0.22091269493103027, 0.25315046310424805, 0.12831902503967285, 0.2163257598876953, 0.23979997634887695, 0.11464428901672363, 0.09987688064575195, 0.10161280632019043, 0.1183786392211914, 0.12741613388061523, 0.13308048248291016, 0.21180462837219238, 0.10430550575256348, 0.12658190727233887, 0.20703864097595215], []]}, "event": {}}