{"run": {"data": "/data/imagenet", "data_backend": "pytorch", "arch": "resnet50", "model_config": "fanin", "workers": 3, "epochs": 2, "start_epoch": 0, "batch_size": 512, "optimizer_batch_size": -1, "lr": 0.1, "lr_schedule": "step", "warmup": 0, "label_smoothing": 0.1, "mixup": 0.0, "momentum": 0.9, "weight_decay": 0.0001, "bn_weight_decay": false, "nesterov": false, "print_freq": 1, "resume": "", "pretrained_weights": "", "fp16": false, "static_loss_scale": 128.0, "dynamic_loss_scale": false, "prof": 100, "amp": true, "local_rank": 0, "seed": null, "gather_checkpoints": false, "raport_file": "/data/workspace/./raport_16GPU_512BS_pytorch_inferencebench.json", "final_weights": "model.pth.tar", "evaluate": true, "training_only": false, "save_checkpoints": false, "workspace": "/data/workspace", "distributed": true, "gpu": 0, "world_size": 16}, "epoch": {"ep": [0, 1], "val.top1": [0.10229557965482984, 0.11739807895251683], "val.top5": [0.5068385686193194, 0.5370435629572187], "val.loss": [1068.6517857142858, 1064.013392857143], "val.compute_ips": [26626.751538793935, 21760.16549752618], "val.total_ips": [26166.564902321894, 19474.309050805936], "val.data_time": [0.9924771445138114, 1.201333931514195], "val.compute_time": [4.539896011352539, 2.657699227333069]}, "iter": {"it": [[], []], "val.it": [[1, 2, 3, 4, 5, 6, 7, 1, 2, 3, 4, 5, 6, 7]], "val.top1": [[0.1220703125, 0.10986328125, 0.10986328125, 0.08544921875, 0.13427734375, 0.03662109375, 0.1179245263338089], [0.06103515625, 0.06103515625, 0.10986328125, 0.18310546875, 0.09765625, 0.0732421875, 0.2358490526676178], []], "val.top5": [[0.62255859375, 0.50048828125, 0.5126953125, 0.5126953125, 0.54931640625, 0.37841796875, 0.4716981053352356], [0.537109375, 0.50048828125, 0.45166015625, 0.54931640625, 0.5859375, 0.42724609375, 0.707547128200531], []], "val.loss": [[1059.875, 1068.6875, 1067.6875, 1065.3125, 1067.6875, 1071.1875, 1080.125], [1062.5625, 1064.0, 1064.4375, 1072.4375, 1069.9375, 1070.75, 1043.96875], []], "val.compute_ips": [[336.24740873453135, 20481.972846276734, 40739.214125564526, 41496.56692761234, 41406.60409995987, 41790.40706793547, 136.24829547406884], [7329.91020108981, 13717.541207033048, 3225.61654412172, 17716.64819088751, 17588.32280448864, 42003.85123970983, 16673.166006478437], []], "val.total_ips": [[263.7780182062264, 17999.428146060498, 40502.94092726036, 41313.75167793305, 41286.54760605893, 41667.41048653985, 132.09745419436933], [1088.0685931770804, 13006.351950929795, 1492.5447503161256, 11033.700687716919, 17565.771620735948, 41868.318952260495, 3419.6158398935495], []], "val.data_time": [[6.693403482437134, 0.05516409873962402, 0.0011730194091796875, 0.000873565673828125, 0.0005753040313720703, 0.0005786418914794922, 0.1955718994140625], [6.411324501037598, 0.032654523849487305, 2.9489431381225586, 0.2800626754760742, 0.0005979537963867188, 0.0006313323974609375, 0.19712090492248535], []], "val.compute_time": [[24.36301302909851, 0.3999614715576172, 0.20108389854431152, 0.19741392135620117, 0.19784283638000488, 0.19602584838867188, 6.223931074142456], [1.117612600326538, 0.597191572189331, 2.5396695137023926, 0.4623899459838867, 0.46576356887817383, 0.19502973556518555, 0.05086016654968262], []]}, "event": {}}