{"run": {"data": "/data/imagenet", "data_backend": "dali-cpu", "arch": "resnet50", "model_config": "fanin", "workers": 3, "epochs": 2, "start_epoch": 0, "batch_size": 224, "optimizer_batch_size": -1, "lr": 0.1, "lr_schedule": "step", "warmup": 0, "label_smoothing": 0.1, "mixup": 0.0, "momentum": 0.9, "weight_decay": 0.0001, "bn_weight_decay": false, "nesterov": false, "print_freq": 1, "resume": "", "pretrained_weights": "", "fp16": false, "static_loss_scale": 128.0, "dynamic_loss_scale": false, "prof": 100, "amp": true, "local_rank": 0, "seed": null, "gather_checkpoints": false, "raport_file": "/data/workspace/./raport_16GPU_224BS_dali-cpu_inferencebench.json", "final_weights": "model.pth.tar", "evaluate": true, "training_only": false, "save_checkpoints": false, "workspace": "/data/workspace", "distributed": true, "gpu": 0, "world_size": 16}, "epoch": {"ep": [0, 1], "val.top1": [0.09964923347745623, 0.09964923467487097], "val.top5": [0.462372440445636, 0.4623724456344332], "val.loss": [1406.517857142857, 1406.6205357142858], "val.compute_ips": [21869.141034016782, 15737.971823794436], "val.total_ips": [7328.108767158376, 7695.827188004689], "val.data_time": [0.25236572538103375, 0.160982540675572], "val.compute_time": [1.5235503230776106, 0.9501087495258876]}, "iter": {"it": [[], []], "val.it": [[1, 2, 3, 4, 5, 6, 7, 8, 9, 10, 11, 12, 13, 14, 1, 2, 3, 4, 5, 6, 7, 8, 9, 10, 11, 12, 13, 14]], "val.top1": [[0.0, 0.0, 0.0, 0.0, 0.0, 0.0, 0.0, 0.0, 0.0, 1.3950892686843872, 0.0, 0.0, 0.0, 0.0], [0.0, 0.0, 0.0, 0.0, 0.0, 0.0, 0.0, 0.0, 0.02790178544819355, 1.3671875, 0.0, 0.0, 0.0, 0.0], []], "val.top5": [[0.0, 1.3950892686843872, 1.3950892686843872, 0.0, 0.0, 0.0, 0.0, 1.3950892686843872, 0.02790178544819355, 1.6462053060531616, 0.0, 0.0, 0.6138392686843872, 0.0], [0.0, 1.3950892686843872, 1.3950892686843872, 0.0, 0.0, 0.0, 0.0, 1.3950892686843872, 0.1395089328289032, 1.5345982313156128, 0.0, 0.0, 0.6138392686843872, 0.0], []], "val.loss": [[1438.1875, 1390.9375, 1432.4375, 1385.21875, 1363.5625, 1375.9375, 1405.5, 1362.34375, 1444.8125, 1423.4375, 1484.3125, 1392.1875, 1384.8125, 1407.5625], [1439.375, 1388.8125, 1432.9375, 1387.6875, 1357.625, 1386.0625, 1401.0, 1356.5, 1453.75, 1417.9375, 1487.5, 1389.9375, 1381.75, 1411.8125], []], "val.compute_ips": [[191.45832886179898, 14056.814496325984, 12041.234512086985, 10265.554686304933, 10740.563690795161, 40611.71456899789, 41403.54624728014, 26247.080691290426, 23881.81653477883, 36340.48150386555, 39511.91092700262, 26533.389232295347, 12258.896104605694, 12083.512951743553], [10151.495663507349, 9347.98107318687, 7912.260761046064, 9082.10145447647, 9662.822636599894, 9797.208164478341, 10195.539861422347, 10303.719947797286, 9464.640435996947, 9674.868857143592, 8249.80231385873, 8459.879653532016, 11188.015566959286, 11004.9002000041], []], "val.total_ips": [[191.45392505377308, 13952.995738653504, 6645.793228821277, 7666.545219573669, 7438.357792063844, 7533.240491231657, 8199.672357525347, 7333.783244257213, 7429.799064478247, 8380.596860255793, 7438.593362047124, 6623.631877922439, 5911.782336211019, 7847.277242122385], [7213.73181365132, 8375.507248427823, 7893.6555352104615, 7579.672525400227, 7804.721619178605, 7564.141863271277, 9066.424412615468, 7667.061368070202, 8242.69120694316, 9102.548512578052, 8002.850082970476, 8390.485558431323, 8022.774839703391, 7963.371937462222], []], "val.data_time": [[0.0004305839538574219, 0.0018970966339111328, 0.24164462089538574, 0.11835694313049316, 0.14813852310180664, 0.38750767707824707, 0.3505280017852783, 0.35214877128601074, 0.3323094844818115, 0.32903170585632324, 0.39110469818115234, 0.4060177803039551, 0.3138878345489502, 0.16011643409729004], [0.14377880096435547, 0.04451608657836914, 0.0010676383972167969, 0.07822132110595703, 0.0883030891418457, 0.10799598693847656, 0.043778419494628906, 0.11961865425109863, 0.0561368465423584, 0.023291587829589844, 0.013405799865722656, 0.0035037994384765625, 0.12638545036315918, 0.12438750267028809], []], "val.compute_time": [[18.719478130340576, 0.25496530532836914, 0.29764389991760254, 0.34912872314453125, 0.33368825912475586, 0.08825039863586426, 0.0865626335144043, 0.13654851913452148, 0.15007233619689941, 0.09862279891967773, 0.09070682525634766, 0.13507509231567383, 0.2923591136932373, 0.2966024875640869], [0.35305142402648926, 0.38339829444885254, 0.45296788215637207, 0.3946223258972168, 0.37090611457824707, 0.36581850051879883, 0.35152626037597656, 0.3478355407714844, 0.37867259979248047, 0.37044429779052734, 0.4344346523284912, 0.4236466884613037, 0.3203427791595459, 0.32567310333251953], []]}, "event": {}}