{"run": {"data": "/data/imagenet", "data_backend": "dali-cpu", "arch": "resnet50", "model_config": "fanin", "workers": 3, "epochs": 2, "start_epoch": 0, "batch_size": 256, "optimizer_batch_size": -1, "lr": 0.1, "lr_schedule": "step", "warmup": 0, "label_smoothing": 0.1, "mixup": 0.0, "momentum": 0.9, "weight_decay": 0.0001, "bn_weight_decay": false, "nesterov": false, "print_freq": 1, "resume": "", "pretrained_weights": "", "fp16": false, "static_loss_scale": 128.0, "dynamic_loss_scale": false, "prof": 100, "amp": true, "local_rank": 0, "seed": null, "gather_checkpoints": false, "raport_file": "/data/workspace/./raport_16GPU_256BS_dali-cpu_inferencebench.json", "final_weights": "model.pth.tar", "evaluate": true, "training_only": false, "save_checkpoints": false, "workspace": "/data/workspace", "distributed": true, "gpu": 0, "world_size": 16}, "epoch": {"ep": [0, 1], "val.top1": [0.09390024038461539, 0.10172526041666667], "val.top5": [0.4807692307692308, 0.5208333333333334], "val.loss": [3254.7115384615386, 3250.59375], "val.compute_ips": [10648.34269195825, 12049.471006565687], "val.total_ips": [7442.641734286234, 7556.301970878992], "val.data_time": [0.10604471426743728, 0.12093523025512695], "val.compute_time": [1.8816952338585486, 1.1727420997619629]}, "iter": {"it": [[], []], "val.it": [[1, 2, 3, 4, 5, 6, 7, 8, 9, 10, 11, 12, 13, 1, 2, 3, 4, 5, 6, 7, 8, 9, 10, 11, 12]], "val.top1": [[0.0, 0.0, 0.0, 1.0986328125, 0.0, 0.1220703125, 0.0, 0.0, 0.0, 0.0, 0.0, 0.0, 0.0], [0.0, 0.0, 1.0986328125, 0.0, 0.1220703125, 0.0, 0.0, 0.0, 0.0, 0.0, 0.0, 0.0], []], "val.top5": [[0.0, 0.0, 0.0, 1.220703125, 0.0, 2.05078125, 0.0, 1.220703125, 0.537109375, 0.0, 0.0, 1.220703125, 0.0], [0.0, 0.0, 1.220703125, 0.0, 1.3671875, 0.68359375, 1.1962890625, 0.5615234375, 0.0, 0.0, 1.220703125, 0.0], []], "val.loss": [[3267.375, 3059.875, 3328.25, 3202.75, 3405.625, 3122.75, 3425.625, 3069.625, 3204.5, 3384.625, 3319.0, 3213.875, 3307.375], [3087.125, 3312.25, 3230.625, 3322.875, 3171.25, 3391.125, 3085.0, 3204.0, 3324.875, 3369.125, 3137.125, 3371.75], []], "val.compute_ips": [[209.98327728358674, 13545.908350745503, 24243.88173750083, 16848.95569416657, 15472.035014976827, 11486.603218412938, 10367.787187176193, 7861.355917591496, 8177.603469843549, 8203.535752742213, 6225.469970031997, 7210.004601344143, 8575.330803641398], [8538.92306560607, 7113.882273047622, 6501.933065911861, 7242.423719582011, 7509.573548265551, 10135.807392233954, 10944.759875363847, 10157.60320363075, 10517.458737332121, 41893.74121273306, 23126.408977099567, 19125.805097878554], []], "val.total_ips": [[209.97815201025728, 13470.09677217016, 8440.678081485099, 6942.584303335861, 7143.298733946686, 7517.453350958789, 8178.31197213069, 6546.153470745177, 8156.5834688817795, 8180.223983666092, 6215.942016904018, 7197.680127296844, 8555.358112189586], [7168.143984825783, 7101.5434127516255, 6491.653621164917, 7225.816121347529, 7495.455653004008, 10110.920338524194, 8461.939298175794, 7906.617071519532, 8746.813057594485, 6262.76820982985, 7511.372813957444, 7670.163143558599], []], "val.data_time": [[0.0004761219024658203, 0.0017018318176269531, 0.31631922721862793, 0.3468809127807617, 0.308668851852417, 0.18827605247497559, 0.10576701164245605, 0.10468125343322754, 0.0012907981872558594, 0.001422882080078125, 0.0010085105895996094, 0.000972747802734375, 0.0011150836944580078], [0.09173130989074707, 0.0010004043579101562, 0.0009975433349609375, 0.0012998580932617188, 0.0010273456573486328, 0.0009946823120117188, 0.10980677604675293, 0.11480236053466797, 0.07883715629577637, 0.5562527179718018, 0.3681929111480713, 0.3198564052581787], []], "val.compute_time": [[19.506315231323242, 0.30237913131713867, 0.16894984245300293, 0.2431011199951172, 0.26473569869995117, 0.35658931732177734, 0.39506983757019043, 0.5210297107696533, 0.500880241394043, 0.4992969036102295, 0.6579422950744629, 0.5680994987487793, 0.4776492118835449], [0.47968578338623047, 0.5757756233215332, 0.6299664974212646, 0.565556526184082, 0.5454370975494385, 0.4041118621826172, 0.37424302101135254, 0.4032447338104248, 0.3894476890563965, 0.09777116775512695, 0.17711353302001953, 0.21416091918945312], []]}, "event": {}}