{"run": {"data": "/data/imagenet", "data_backend": "dali-gpu", "arch": "resnet50", "model_config": "fanin", "workers": 3, "epochs": 2, "start_epoch": 0, "batch_size": 224, "optimizer_batch_size": -1, "lr": 0.1, "lr_schedule": "step", "warmup": 0, "label_smoothing": 0.1, "mixup": 0.0, "momentum": 0.9, "weight_decay": 0.0001, "bn_weight_decay": false, "nesterov": false, "print_freq": 1, "resume": "", "pretrained_weights": "", "fp16": false, "static_loss_scale": 128.0, "dynamic_loss_scale": false, "prof": 100, "amp": true, "local_rank": 0, "seed": null, "gather_checkpoints": false, "raport_file": "/data/workspace/./raport_16GPU_224BS_dali-gpu_inferencebench.json", "final_weights": "model.pth.tar", "evaluate": true, "training_only": false, "save_checkpoints": false, "workspace": "/data/workspace", "distributed": true, "gpu": 0, "world_size": 16}, "epoch": {"ep": [0, 1], "val.top1": [0.09964923347745623, 0.09964923347745623], "val.top5": [0.49426020056541475, 0.4942602016297834], "val.loss": [1417.0691964285713, 1417.0245535714287], "val.compute_ips": [8966.813738964669, 10188.424956564877], "val.total_ips": [7484.007116705265, 7739.204357273536], "val.data_time": [0.06624339308057513, 0.06992557219096593], "val.compute_time": [1.7080339533942086, 1.042225922857012]}, "iter": {"it": [[], []], "val.it": [[1, 2, 3, 4, 5, 6, 7, 8, 9, 10, 11, 12, 13, 14, 1, 2, 3, 4, 5, 6, 7, 8, 9, 10, 11, 12, 13, 14]], "val.top1": [[0.0, 0.0, 0.0, 0.0, 0.0, 0.0, 0.0, 0.0, 0.0, 0.0, 1.3950892686843872, 0.0, 0.0, 0.0], [0.0, 0.0, 0.0, 0.0, 0.0, 0.0, 0.0, 0.0, 0.0, 0.0, 1.3950892686843872, 0.0, 0.0, 0.0], []], "val.top5": [[0.0, 0.0, 0.0, 0.0, 1.2276785373687744, 0.1674107164144516, 1.3113839626312256, 1.3950892686843872, 1.3950892686843872, 0.0, 1.3950892686843872, 0.0, 0.0, 0.02790178544819355], [0.0, 0.0, 0.0, 0.0, 1.3950892686843872, 0.0, 1.3113839626312256, 1.3950892686843872, 1.3950892686843872, 0.0, 1.3950892686843872, 0.0, 0.0, 0.02790178544819355], []], "val.loss": [[1361.8125, 1441.5, 1394.25, 1369.96875, 1348.09375, 1436.0625, 1413.71875, 1415.71875, 1406.375, 1482.75, 1435.5, 1444.5625, 1440.25, 1448.40625], [1367.5, 1439.1875, 1399.125, 1368.375, 1348.1875, 1438.5, 1412.03125, 1409.6875, 1417.0625, 1471.5625, 1444.875, 1439.3125, 1438.4375, 1444.5], []], "val.compute_ips": [[189.9833918685478, 13363.61720157102, 12684.77598932724, 11743.574117301485, 11825.824931616986, 9422.123455985358, 9093.50152895394, 6652.73437364466, 8332.47076808976, 9125.635467166889, 9428.10970746766, 8774.858466423835, 7132.899291663187, 7765.283654424812], [7895.011195166478, 8181.023655352196, 7135.89251244192, 7721.067431768255, 7817.124709374433, 7455.908023674579, 8455.92509115537, 9245.12327088894, 10742.720539923634, 10641.244195142048, 10555.738894007145, 9459.452908776388, 32027.27433409607, 22406.999676543757], []], "val.total_ips": [[189.97868350272074, 13271.789726280771, 6462.251281927827, 8070.121900166477, 7479.08900743412, 7236.519385065674, 7848.809622168246, 6596.102438810345, 8300.736917784392, 9101.20381766092, 8153.401476925414, 7555.287603705374, 6797.97636777954, 7712.831404661854], [7881.025123531062, 8162.588121327961, 7121.477742636623, 7701.9365200866705, 7800.922540258152, 7435.278351341526, 8432.979968820317, 8263.49354307439, 9174.34565255071, 8211.232546935342, 8359.392111165052, 8023.575606863418, 7373.9312003178675, 7979.443340876241], []], "val.data_time": [[0.00046753883361816406, 0.001855611801147461, 0.2720620632171631, 0.13891911506652832, 0.17613720893859863, 0.1148843765258789, 0.06250214576721191, 0.0046253204345703125, 0.0016443729400634766, 0.0010542869567871094, 0.05943131446838379, 0.06593012809753418, 0.024755239486694336, 0.0031387805938720703], [0.0008056163787841797, 0.0009894371032714844, 0.0010166168212890625, 0.0011529922485351562, 0.0009522438049316406, 0.0013337135314941406, 0.0011532306671142578, 0.046051025390625, 0.05703330039978027, 0.09967255592346191, 0.08920836448669434, 0.06780338287353516, 0.3741319179534912, 0.28920412063598633], []], "val.compute_time": [[18.86480689048767, 0.268190860748291, 0.282543420791626, 0.3051881790161133, 0.30306553840637207, 0.38038134574890137, 0.39412760734558105, 0.5387258529663086, 0.43012452125549316, 0.39273977279663086, 0.3801398277282715, 0.40843963623046875, 0.5024604797363281, 0.46154141426086426], [0.45395755767822266, 0.43808698654174805, 0.5022497177124023, 0.4641845226287842, 0.4584805965423584, 0.48069262504577637, 0.4238448143005371, 0.3876638412475586, 0.3336212635040283, 0.33680272102355957, 0.33953094482421875, 0.37888026237487793, 0.11190462112426758, 0.15995001792907715], []]}, "event": {}}