{"run": {"data": "/data/imagenet", "data_backend": "dali-cpu", "arch": "resnet50", "model_config": "fanin", "workers": 3, "epochs": 2, "start_epoch": 0, "batch_size": 512, "optimizer_batch_size": -1, "lr": 0.1, "lr_schedule": "step", "warmup": 0, "label_smoothing": 0.1, "mixup": 0.0, "momentum": 0.9, "weight_decay": 0.0001, "bn_weight_decay": false, "nesterov": false, "print_freq": 1, "resume": "", "pretrained_weights": "", "fp16": false, "static_loss_scale": 128.0, "dynamic_loss_scale": false, "prof": 100, "amp": true, "local_rank": 0, "seed": null, "gather_checkpoints": false, "raport_file": "/data/workspace/./raport_16GPU_512BS_dali-cpu_inferencebench.json", "final_weights": "model.pth.tar", "evaluate": true, "training_only": false, "save_checkpoints": false, "workspace": "/data/workspace", "distributed": true, "gpu": 0, "world_size": 16}, "epoch": {"ep": [0, 1], "val.top1": [0.08719308035714286, 0.10172526041666667], "val.top5": [0.43247767857142855, 0.5045572916666666], "val.loss": [1477.5982142857142, 1476.2708333333333], "val.compute_ips": [17629.930971200938, 17108.85543432701], "val.total_ips": [7837.506157568932, 7577.725069779509], "val.data_time": [0.4169597625732422, 0.4197707359607403], "val.compute_time": [3.8848876953125, 2.418915895315317]}, "iter": {"it": [[], []], "val.it": [[1, 2, 3, 4, 5, 6, 7, 1, 2, 3, 4, 5, 6]], "val.top1": [[0.0, 0.6103515625, 0.0, 0.0, 0.0, 0.0, 0.0], [0.6103515625, 0.0, 0.0, 0.0, 0.0, 0.0], []], "val.top5": [[0.0, 0.6103515625, 0.50048828125, 0.6103515625, 0.0, 1.11083984375, 0.1953125], [0.6103515625, 0.50048828125, 0.6103515625, 0.0, 0.69580078125, 0.6103515625], []], "val.loss": [[1484.3125, 1505.0625, 1507.3125, 1453.1875, 1456.3125, 1455.875, 1481.125], [1500.75, 1498.3125, 1462.75, 1457.6875, 1467.0625, 1471.0625], []], "val.compute_ips": [[340.4529601401456, 17548.87822078761, 42445.84082935555, 27322.761216651426, 15931.37511069979, 10457.108900236108, 9363.099560535924], [8439.042404054897, 7760.943582524915, 8363.484875510672, 42397.6031697262, 18733.034435570356, 13311.495380457522], []], "val.total_ips": [[340.44635857694595, 17460.893534999042, 8876.093179021778, 7301.609419572882, 6910.412411163015, 6638.5700704860765, 7334.518129162787], [7216.600990336906, 7453.499520161045, 8350.47430326111, 6977.52884913355, 6793.478916032475, 6856.300225225989], []], "val.data_time": [[0.0004665851593017578, 0.0023522377014160156, 0.7299296855926514, 0.8221211433410645, 0.6712520122528076, 0.4506101608276367, 0.24198651313781738], [0.16443419456481934, 0.04353928565979004, 0.0015261173248291016, 0.9808361530303955, 0.7685599327087402, 0.5794055461883545], []], "val.compute_time": [[24.062061309814453, 0.4668104648590088, 0.19299888610839844, 0.2998232841491699, 0.5142054557800293, 0.7833905220031738, 0.8749239444732666], [0.9707262516021729, 1.055541753768921, 0.9794960021972656, 0.19321846961975098, 0.4373023509979248, 0.6154079437255859], []]}, "event": {}}