{"train.total_ips": {"8": {"128": {"pytorch": 5646.223106355396, "dali-gpu": 5980.100390787626, "dali-cpu": 5897.433832059269}, "256": {"pytorch": 6416.725350701987, "dali-gpu": -1.0, "dali-cpu": 6569.321306428067}}}}