{"run": {"data": "/data/imagenet", "data_backend": "dali-gpu", "arch": "resnet50", "model_config": "fanin", "workers": 5, "epochs": 2, "start_epoch": 0, "batch_size": 256, "optimizer_batch_size": -1, "lr": 0.1, "lr_schedule": "step", "warmup": 0, "label_smoothing": 0.1, "mixup": 0.1, "true_weight_decay": false, "momentum": 0.9, "weight_decay": 0.0001, "bn_weight_decay": false, "nesterov": false, "print_freq": 1, "resume": "", "pretrained_weights": "", "fp16": true, "static_loss_scale": 128.0, "dynamic_loss_scale": false, "prof": 100, "local_rank": 0, "seed": null, "gather_checkpoints": false, "raport_file": "/data/workspace/./raport_8GPU_256BS_dali-gpu_inferencebench.json", "final_weights": "model.pth.tar", "evaluate": true, "training_only": false, "save_checkpoints": false, "workspace": "/data/workspace", "distributed": true, "gpu": 0, "world_size": 8}, "epoch": {"ep": [0, 1], "val.top1": [0.09765625, 0.10172526041666667], "val.top5": [0.4453125, 0.4638671875], "val.loss": [1210.96, 1210.9583333333333], "val.compute_ips": [11686.855227413711, 12231.259746244288], "val.total_ips": [10574.660488127565, 11421.892009342704], "val.data_time": [0.015033798217773437, 0.010479897868876554], "val.compute_time": [0.349027624130249, 0.26098992873211296]}, "iter": {"it": [[], []], "val.it": [[1, 2, 3, 4, 5, 6, 7, 8, 9, 10, 11, 12, 13, 14, 15, 16, 17, 18, 19, 20, 21, 22, 23, 24, 25, 1, 2, 3, 4, 5, 6, 7, 8, 9, 10, 11, 12, 13, 14, 15, 16, 17, 18, 19, 20, 21, 22, 23, 24]], "val.top1": [[0.0, 0.0, 0.0, 0.0, 0.0, 2.44140625, 0.0, 0.0, 0.0, 0.0, 0.0, 0.0, 0.0, 0.0, 0.0, 0.0, 0.0, 0.0, 0.0, 0.0, 0.0, 0.0, 0.0, 0.0, 0.0], [0.0, 0.0, 0.0, 0.0, 2.44140625, 0.0, 0.0, 0.0, 0.0, 0.0, 0.0, 0.0, 0.0, 0.0, 0.0, 0.0, 0.0, 0.0, 0.0, 0.0, 0.0, 0.0, 0.0, 0.0], []], "val.top5": [[0.0, 2.392578125, 0.0, 0.0, 0.0, 2.44140625, 0.0, 0.0, 0.0, 0.0, 0.0, 0.0, 0.0, 0.0, 0.0, 1.171875, 0.0, 0.0, 0.0, 2.44140625, 0.0, 0.0, 2.685546875, 0.0, 0.0], [0.0, 2.392578125, 0.0, 0.0, 2.44140625, 0.0, 0.0, 0.0, 0.0, 0.0, 0.0, 0.0, 0.0, 0.0, 0.0, 1.171875, 0.0, 0.0, 0.9765625, 1.46484375, 0.0, 2.099609375, 0.5859375, 0.0], []], "val.loss": [[1176.0, 1181.0, 1109.0, 1204.0, 1222.0, 1290.0, 1169.0, 1270.0, 1224.0, 1110.0, 1217.0, 1291.0, 1222.0, 1296.0, 1257.0, 1124.0, 1276.0, 1183.0, 1287.0, 1213.0, 1119.0, 1240.0, 1298.0, 1138.0, 1158.0], [1172.0, 1169.0, 1145.0, 1196.0, 1249.0, 1200.0, 1250.0, 1257.0, 1141.0, 1187.0, 1244.0, 1275.0, 1286.0, 1260.0, 1190.0, 1156.0, 1274.0, 1214.0, 1228.0, 1233.0, 1146.0, 1235.0, 1259.0, 1097.0], []], "val.compute_ips": [[459.79494017240785, 15074.265614443328, 10393.09500256502, 18615.01216161161, 18695.270413149035, 10357.692293408285, 9525.00426022643, 10042.76049645987, 13574.657378727923, 14570.892583376164, 8918.593687996354, 9097.38682934062, 15156.532695307262, 13638.648623502158, 9280.47627032213, 8725.334330135036, 9487.604270006683, 13755.912512370807, 12426.812305965204, 13174.48362532649, 13881.4213649468, 10097.750960998168, 14537.82332432963, 9753.785544529946, 8930.3691961255], [10055.304116150768, 13913.574166879935, 9163.310414570948, 13304.897590230816, 13004.963712998402, 15092.248941426167, 11140.509733429824, 13836.901464080967, 9650.679363567117, 9026.501328765757, 9086.156877553849, 16748.95214325825, 10553.704626710536, 15287.981476307008, 16828.754059306626, 17076.31838928736, 9640.022211498535, 17613.261086289232, 16981.122130583648, 11990.299636938222, 16155.451974309062, 12291.581121475801, 8743.194040332997, 9974.65627467556], []], "val.total_ips": [[459.7710928419251, 14936.834605031612, 9104.686237828086, 8673.827855013693, 9266.760225338256, 9174.908401887546, 9487.709061990889, 10002.450667980153, 13502.322593220179, 14469.42715118561, 8880.651602871605, 9059.10567490324, 15057.090457167598, 10203.119151721181, 9231.84310690964, 8690.501070386512, 9446.65140821062, 13683.44735018582, 12365.82772068276, 13098.345984998543, 13797.052631578947, 10043.28888296498, 13320.433439969978, 9514.675409748907, 8895.780418570886], [10016.038133527982, 13826.834229643091, 9127.168879411012, 13228.206928306885, 12931.292901283354, 14994.404708872426, 11078.668940025123, 13755.317763070454, 9159.011450450864, 8967.698908521466, 9037.422570582386, 16522.822619704817, 9532.604298471553, 15181.444549307374, 15376.264151551331, 13543.196016788015, 9182.283714417043, 17477.831251169944, 14239.333004008262, 11207.824650356266, 16055.952508411216, 12231.007751584775, 8708.995266285388, 9924.571058852345], []], "val.data_time": [[0.00023102760314941406, 0.0012500286102294922, 0.02788519859313965, 0.12609386444091797, 0.11145853996276855, 0.02549004554748535, 0.0008451938629150391, 0.0008218288421630859, 0.0008082389831542969, 0.0009856224060058594, 0.0009810924530029297, 0.0009512901306152344, 0.0008924007415771484, 0.05056142807006836, 0.0011625289916992188, 0.0009407997131347656, 0.0009357929229736328, 0.0007884502410888672, 0.0008127689361572266, 0.0009036064147949219, 0.0009021759033203125, 0.0010998249053955078, 0.012874841690063477, 0.005276679992675781, 0.0008916854858398438], [0.0007984638214111328, 0.0009233951568603516, 0.000885009765625, 0.0008924007415771484, 0.0008971691131591797, 0.0008854866027832031, 0.001026153564453125, 0.0008778572082519531, 0.011391878128051758, 0.00148773193359375, 0.0012154579162597656, 0.0016734600067138672, 0.020786523818969727, 0.0009400844573974609, 0.011495828628540039, 0.03128767013549805, 0.010590553283691406, 0.0009009838104248047, 0.02322244644165039, 0.01192474365234375, 0.0007855892181396484, 0.0008251667022705078, 0.0009198188781738281, 0.0010361671447753906], []], "val.compute_time": [[4.454159498214722, 0.13586068153381348, 0.1970539093017578, 0.11001873016357422, 0.10954642295837402, 0.19772744178771973, 0.2150130271911621, 0.20392799377441406, 0.15086936950683594, 0.14055418968200684, 0.22963261604309082, 0.22511959075927734, 0.13512325286865234, 0.1501615047454834, 0.22067832946777344, 0.23471879959106445, 0.21586060523986816, 0.1488814353942871, 0.16480493545532227, 0.15545201301574707, 0.1475353240966797, 0.20281744003295898, 0.14087390899658203, 0.20996975898742676, 0.22932982444763184], [0.2036736011505127, 0.14719438552856445, 0.22350001335144043, 0.15392827987670898, 0.15747833251953125, 0.13569879531860352, 0.18383359909057617, 0.1480100154876709, 0.21221303939819336, 0.22688746452331543, 0.22539782524108887, 0.12227630615234375, 0.19405508041381836, 0.13396143913269043, 0.12169647216796875, 0.11993217468261719, 0.2124476432800293, 0.11627602577209473, 0.1206045150756836, 0.17080473899841309, 0.1267683506011963, 0.16661810874938965, 0.2342393398284912, 0.2053203582763672], []]}, "event": {}}