{"run": {"data": "/data/imagenet", "data_backend": "dali-gpu", "arch": "resnet50", "model_config": "fanin", "workers": 5, "epochs": 2, "start_epoch": 0, "batch_size": 128, "optimizer_batch_size": -1, "lr": 0.1, "lr_schedule": "step", "warmup": 0, "label_smoothing": 0.1, "mixup": 0.1, "true_weight_decay": false, "momentum": 0.9, "weight_decay": 0.0001, "bn_weight_decay": false, "nesterov": false, "print_freq": 1, "resume": "", "pretrained_weights": "", "fp16": true, "static_loss_scale": 128.0, "dynamic_loss_scale": false, "prof": 100, "local_rank": 0, "seed": null, "gather_checkpoints": false, "raport_file": "/data/workspace/./raport_8GPU_128BS_dali-gpu_inferencebench.json", "final_weights": "model.pth.tar", "evaluate": true, "training_only": false, "save_checkpoints": false, "workspace": "/data/workspace", "distributed": true, "gpu": 0, "world_size": 8}, "epoch": {"ep": [0, 1], "val.top1": [0.09964923469387756, 0.09964923469387756], "val.top5": [0.4962531887755102, 0.4962531887755102], "val.loss": [1555.9183673469388, 1555.9795918367347], "val.compute_ips": [13522.02249002271, 13772.262938457734], "val.total_ips": [11728.97313855828, 12307.393947717661], "val.data_time": [0.010013312709574796, 0.008053928005452059], "val.compute_time": [0.18317361753814074, 0.12997765443762954]}, "iter": {"it": [[], []], "val.it": [[1, 2, 3, 4, 5, 6, 7, 8, 9, 10, 11, 12, 13, 14, 15, 16, 17, 18, 19, 20, 21, 22, 23, 24, 25, 26, 27, 28, 29, 30, 31, 32, 33, 34, 35, 36, 37, 38, 39, 40, 41, 42, 43, 44, 45, 46, 47, 48, 49, 1, 2, 3, 4, 5, 6, 7, 8, 9, 10, 11, 12, 13, 14, 15, 16, 17, 18, 19, 20, 21, 22, 23, 24, 25, 26, 27, 28, 29, 30, 31, 32, 33, 34, 35, 36, 37, 38, 39, 40, 41, 42, 43, 44, 45, 46, 47, 48, 49]], "val.top1": [[0.0, 0.0, 0.0, 0.0, 0.0, 0.0, 0.0, 0.0, 0.0, 0.0, 0.0, 0.0, 0.0, 0.0, 0.0, 0.0, 0.0, 0.0, 0.0, 0.0, 0.0, 0.0, 0.0, 0.0, 0.0, 0.0, 0.0, 0.0, 0.0, 0.0, 0.0, 0.0, 0.0, 0.0, 0.0, 0.0, 0.0, 0.0, 0.0, 0.0, 0.0, 4.8828125, 0.0, 0.0, 0.0, 0.0, 0.0, 0.0, 0.0], [0.0, 0.0, 0.0, 0.0, 0.0, 0.0, 0.0, 0.0, 0.0, 0.0, 0.0, 0.0, 0.0, 0.0, 0.0, 0.0, 0.0, 0.0, 0.0, 0.0, 0.0, 0.0, 0.0, 0.0, 0.0, 0.0, 0.0, 0.0, 0.0, 0.0, 0.0, 0.0, 0.0, 0.0, 0.0, 0.0, 0.0, 0.0, 0.0, 0.0, 0.0, 4.8828125, 0.0, 0.0, 0.0, 0.0, 0.0, 0.0, 0.0], []], "val.top5": [[0.0, 0.0, 4.8828125, 0.0, 0.0, 0.0, 0.0, 0.0, 0.0, 0.0, 0.0, 0.0, 0.0, 0.0, 0.0, 0.0, 4.8828125, 0.0, 0.0, 0.0, 0.0, 0.0, 0.0, 0.0, 0.0, 0.0, 0.0, 0.0, 4.8828125, 0.0, 0.0, 0.0, 0.0, 0.0, 0.0, 0.0, 0.0, 0.0, 0.0, 0.0, 0.0, 4.8828125, 0.0, 0.0, 3.61328125, 1.171875, 0.0, 0.0, 0.0], [0.0, 0.5859375, 4.296875, 0.0, 0.0, 0.0, 0.0, 0.0, 0.0, 0.0, 0.0, 0.0, 0.0, 0.0, 0.0, 0.0, 4.8828125, 0.0, 0.0, 0.0, 0.0, 0.0, 0.0, 0.0, 0.0, 0.0, 0.0, 0.0, 4.8828125, 0.0, 0.0, 0.0, 0.0, 0.0, 0.0, 0.0, 0.0, 0.0, 0.0, 0.0, 0.0, 4.8828125, 0.0, 0.0, 4.78515625, 0.0, 0.0, 0.0, 0.0], []], "val.loss": [[1650.0, 1613.0, 1578.0, 1514.0, 1680.0, 1450.0, 1549.0, 1644.0, 1523.0, 1670.0, 1526.0, 1519.0, 1286.0, 1413.0, 1545.0, 1806.0, 1527.0, 1476.0, 1603.0, 1563.0, 1607.0, 1616.0, 1490.0, 1419.0, 1425.0, 1470.0, 1510.0, 1642.0, 1659.0, 1527.0, 1546.0, 1714.0, 1436.0, 1465.0, 1521.0, 1676.0, 1527.0, 1549.0, 1560.0, 1588.0, 1493.0, 1595.0, 1566.0, 1516.0, 1610.0, 1557.0, 1591.0, 1624.0, 1606.0], [1653.0, 1603.0, 1604.0, 1497.0, 1678.0, 1484.0, 1521.0, 1640.0, 1619.0, 1550.0, 1553.0, 1464.0, 1331.0, 1404.0, 1624.0, 1720.0, 1573.0, 1446.0, 1591.0, 1586.0, 1610.0, 1594.0, 1476.0, 1427.0, 1410.0, 1513.0, 1504.0, 1689.0, 1599.0, 1546.0, 1588.0, 1655.0, 1437.0, 1464.0, 1563.0, 1661.0, 1495.0, 1566.0, 1586.0, 1519.0, 1551.0, 1590.0, 1559.0, 1536.0, 1576.0, 1558.0, 1611.0, 1669.0, 1550.0], []], "val.compute_ips": [[198.32546902598966, 10479.00595319423, 16990.997258474796, 9703.421631000578, 10769.349360854934, 11005.766337729694, 10083.076960639311, 9282.843134966435, 15126.266710337712, 17664.36745454321, 10760.661268339614, 10155.483638788332, 14194.531993297618, 8933.666338021723, 11460.642057007455, 19080.772015246963, 13813.026783646796, 19478.04472501508, 12743.084104995505, 14510.465845245295, 12823.477431105008, 10251.54620749574, 9310.330743618202, 10113.444027135789, 8971.079892304446, 14957.746381556035, 17569.633943400393, 15402.981265241715, 18783.121284346696, 11435.772262649338, 18782.79271423261, 19473.36411614284, 11426.584093116062, 10472.183999746423, 9582.274989960288, 12525.422268883056, 15661.116728169076, 13713.396752821725, 14849.095722943843, 14401.671532087974, 18523.249317502556, 19265.644971157384, 19415.791763482663, 13357.780681920674, 16171.784806313633, 9315.298234959853, 19783.632643472734, 19402.19680617984, 10402.88738879483], [11774.356369577792, 14005.40425545791, 14036.299539200627, 17829.43101472859, 17641.802130998054, 13278.653809410447, 9822.613672176063, 10036.940184522196, 13710.069862834414, 9828.43539270562, 16304.821997061694, 11809.807841002204, 16167.949557119035, 15510.000491123663, 15031.348372962266, 13873.126293246853, 12282.810786077278, 16063.9394390482, 16073.13724580299, 16872.453088723458, 18204.027787314302, 9611.653342284882, 14143.395349603026, 10706.263014627435, 13619.640641697664, 14460.049544984731, 16071.4531997216, 15325.26670805769, 16734.855896013218, 7784.855931035982, 18814.38795169112, 15908.111146503892, 10636.925882722975, 16644.385997682555, 11544.648956672965, 12572.021977056982, 15330.299241153332, 14322.095530271705, 14253.888058834656, 8484.539640584657, 16269.246896698018, 15227.302623228637, 19520.18295936408, 15875.652573760433, 16191.781886177881, 14441.76777998581, 8824.489523535576, 14679.232559093332, 8946.842013606803], []], "val.total_ips": [[198.31557895938337, 10369.583199940123, 16800.1850029337, 9199.808282675098, 10690.965992761452, 10925.750870632528, 10016.50531147021, 9223.63522660894, 14981.067887949828, 10720.346088853501, 10006.610461472508, 10081.56221040228, 14068.022587618736, 8878.522073476273, 11380.441643989518, 13741.784609084045, 10484.633720987003, 13249.28368798702, 9539.70791168762, 14381.22522944842, 12712.683169108093, 10181.845822685184, 9249.776659803762, 10031.970102399282, 8921.919205641936, 14828.79361407555, 17351.86082853241, 9902.763793652039, 17054.958666724906, 10099.745555019928, 18470.832617287455, 12219.072413135817, 8503.72383971299, 10397.44769402463, 9519.283169247272, 12417.21972430382, 15217.591230065513, 12503.798610160906, 13546.527854964312, 12833.056340384845, 16260.685172565232, 11679.517304580744, 15266.055413181868, 10892.555461155507, 16002.948350510087, 8236.000698003978, 9132.768059947139, 13030.056719859233, 9316.268119682962], [11672.978265537138, 13878.281522841984, 12417.363324120226, 15089.915840140537, 14057.892432573972, 11096.78770998796, 9757.741039621955, 9965.375673161032, 13578.691554274079, 9739.221119418045, 16110.638338734845, 10857.831592359264, 15796.593117855618, 13254.76278886036, 14897.045874232597, 13740.11406780854, 12172.32198658342, 15825.87096750421, 11593.981600656502, 14577.148477618222, 15171.952325441738, 9417.796582815843, 14012.48669211445, 9521.731208016494, 13459.121863170298, 14321.522447781897, 15886.222327432515, 11805.101095862548, 13542.213864557913, 7738.5124934235655, 18142.20426714652, 11935.172473586803, 9267.880015104925, 16464.77123952495, 10718.714083923553, 12474.853454936245, 15185.792410935268, 14193.640724657796, 14126.41609272525, 8439.906808570844, 16088.73141915304, 11816.533632669456, 15714.578981453362, 11023.930185521709, 16009.629319278052, 12650.11573986805, 8770.44795174277, 14528.578035464208, 8895.808056204536], []],