{"run": {"data": "/data/imagenet", "data_backend": "pytorch", "arch": "resnet50", "model_config": "fanin", "workers": 5, "epochs": 2, "start_epoch": 0, "batch_size": 128, "optimizer_batch_size": -1, "lr": 0.1, "lr_schedule": "step", "warmup": 0, "label_smoothing": 0.1, "mixup": 0.1, "true_weight_decay": false, "momentum": 0.9, "weight_decay": 0.0001, "bn_weight_decay": false, "nesterov": false, "print_freq": 1, "resume": "", "pretrained_weights": "", "fp16": true, "static_loss_scale": 128.0, "dynamic_loss_scale": false, "prof": 100, "local_rank": 0, "seed": null, "gather_checkpoints": false, "raport_file": "/data/workspace/./raport_8GPU_128BS_pytorch_inferencebench.json", "final_weights": "model.pth.tar", "evaluate": true, "training_only": false, "save_checkpoints": false, "workspace": "/data/workspace", "distributed": true, "gpu": 0, "world_size": 8}, "epoch": {"ep": [0, 1], "val.top1": [0.09964923469387756, 0.10006287298640426], "val.top5": [0.4999007266394946, 0.500314364627916], "val.loss": [1262.8163265306123, 1262.6938775510205], "val.compute_ips": [13497.753183495835, 13590.251671358661], "val.total_ips": [12246.365936027601, 11711.546464205314], "val.data_time": [0.1195134873292884, 0.0908569048862068], "val.compute_time": [0.24521074976239884, 0.18178305090690144]}, "iter": {"it": [[], []], "val.it": [[1, 2, 3, 4, 5, 6, 7, 8, 9, 10, 11, 12, 13, 14, 15, 16, 17, 18, 19, 20, 21, 22, 23, 24, 25, 26, 27, 28, 29, 30, 31, 32, 33, 34, 35, 36, 37, 38, 39, 40, 41, 42, 43, 44, 45, 46, 47, 48, 49, 1, 2, 3, 4, 5, 6, 7, 8, 9, 10, 11, 12, 13, 14, 15, 16, 17, 18, 19, 20, 21, 22, 23, 24, 25, 26, 27, 28, 29, 30, 31, 32, 33, 34, 35, 36, 37, 38, 39, 40, 41, 42, 43, 44, 45, 46, 47, 48, 49]], "val.top1": [[0.09765625, 0.1953125, 0.09765625, 0.0, 0.0, 0.0, 0.09765625, 0.0, 0.09765625, 0.1953125, 0.09765625, 0.09765625, 0.09765625, 0.0, 0.1953125, 0.48828125, 0.09765625, 0.29296875, 0.1953125, 0.09765625, 0.0, 0.09765625, 0.09765625, 0.390625, 0.0, 0.09765625, 0.09765625, 0.0, 0.09765625, 0.0, 0.0, 0.09765625, 0.09765625, 0.1953125, 0.0, 0.0, 0.09765625, 0.09765625, 0.0, 0.1953125, 0.09765625, 0.09765625, 0.1953125, 0.0, 0.0, 0.29296875, 0.0, 0.09765625, 0.0], [0.09765625, 0.29296875, 0.09765625, 0.0, 0.1953125, 0.0, 0.1953125, 0.1953125, 0.1953125, 0.0, 0.0, 0.0, 0.29296875, 0.0, 0.0, 0.09765625, 0.0, 0.1953125, 0.09765625, 0.0, 0.09765625, 0.0, 0.09765625, 0.09765625, 0.1953125, 0.09765625, 0.0, 0.29296875, 0.0, 0.0, 0.390625, 0.0, 0.1953125, 0.29296875, 0.09765625, 0.09765625, 0.09765625, 0.0, 0.0, 0.0, 0.29296875, 0.29296875, 0.09765625, 0.09765625, 0.0, 0.0, 0.0, 0.0, 0.1179245263338089], []], "val.top5": [[0.390625, 0.390625, 0.390625, 0.1953125, 0.29296875, 0.48828125, 0.29296875, 0.68359375, 0.68359375, 0.68359375, 0.78125, 0.29296875, 0.390625, 0.390625, 0.48828125, 0.9765625, 0.48828125, 0.48828125, 0.29296875, 0.29296875, 0.48828125, 0.48828125, 0.5859375, 0.48828125, 0.0, 0.48828125, 0.68359375, 0.5859375, 0.5859375, 0.68359375, 0.29296875, 0.87890625, 0.68359375, 0.29296875, 0.48828125, 0.48828125, 0.9765625, 0.29296875, 0.1953125, 0.5859375, 0.5859375, 0.48828125, 0.390625, 0.390625, 0.68359375, 0.87890625, 0.48828125, 0.48828125, 0.4716981053352356], [0.390625, 0.87890625, 0.68359375, 0.5859375, 0.78125, 0.29296875, 0.5859375, 0.5859375, 0.68359375, 0.390625, 0.29296875, 0.1953125, 0.5859375, 0.5859375, 0.1953125, 0.48828125, 0.1953125, 0.48828125, 0.390625, 0.1953125, 0.390625, 0.390625, 0.68359375, 0.29296875, 0.48828125, 0.29296875, 0.48828125, 0.68359375, 0.68359375, 0.390625, 0.78125, 0.1953125, 0.5859375, 1.07421875, 0.78125, 0.48828125, 0.390625, 0.29296875, 0.68359375, 0.09765625, 0.68359375, 0.5859375, 0.78125, 0.390625, 0.390625, 0.5859375, 0.68359375, 0.1953125, 0.5896226167678833], []], "val.loss": [[1254.0, 1262.0, 1284.0, 1285.0, 1234.0, 1230.0, 1282.0, 1245.0, 1255.0, 1264.0, 1242.0, 1299.0, 1281.0, 1288.0, 1282.0, 1256.0, 1254.0, 1242.0, 1257.0, 1242.0, 1277.0, 1266.0, 1247.0, 1244.0, 1282.0, 1264.0, 1269.0, 1279.0, 1266.0, 1266.0, 1273.0, 1250.0, 1261.0, 1281.0, 1254.0, 1245.0, 1270.0, 1264.0, 1260.0, 1278.0, 1242.0, 1261.0, 1296.0, 1250.0, 1273.0, 1265.0, 1258.0, 1242.0, 1257.0], [1243.0, 1269.0, 1258.0, 1225.0, 1231.0, 1241.0, 1278.0, 1274.0, 1271.0, 1259.0, 1269.0, 1245.0, 1251.0, 1283.0, 1266.0, 1276.0, 1267.0, 1266.0, 1239.0, 1261.0, 1239.0, 1276.0, 1261.0, 1254.0, 1277.0, 1279.0, 1240.0, 1274.0, 1294.0, 1263.0, 1259.0, 1276.0, 1272.0, 1240.0, 1264.0, 1263.0, 1290.0, 1283.0, 1262.0, 1257.0, 1287.0, 1228.0, 1248.0, 1263.0, 1254.0, 1267.0, 1285.0, 1295.0, 1250.0], []], "val.compute_ips": [[187.96030860735667, 15626.813910335242, 19903.827384538385, 18776.880417247758, 19872.423602789102, 18605.577366435195, 19910.839998145657, 19999.475194874136, 19950.98058306546, 19910.655392375018, 18878.81115770411, 8252.585405782425, 7507.463464856239, 6741.137253424744, 11278.089868285611, 20071.253708186516, 4959.013981177541, 7736.324067085879, 11786.279228548534, 11660.270335720608, 19985.422842651406, 6034.7153981256415, 7219.136144363652, 11287.07034828564, 19732.822876465616, 19941.25431676889, 3081.3300082934684, 8329.60123500127, 11164.632918631432, 20003.387309512276, 19997.799042705752, 20268.744819514774, 9722.465735687267, 7081.340066840446, 19480.518407982763, 19684.618821297132, 5589.537784001437, 7874.634309832092, 12845.415082037816, 12843.302431424616, 19861.395977747667, 5731.208027755538, 9335.038711906993, 19898.755546907214, 19981.703673032636, 20013.92036309582, 8656.974200206398, 13739.542660085284, 386.9543019494207], [8212.080350894636, 14542.204188322132, 19612.79748662027, 18626.960490593206, 20120.995310530925, 5266.912861666147, 15677.122892058811, 19574.183283201168, 19597.852186808424, 2448.379722359036, 7864.152003588791, 15463.762659139351, 19620.502763793844, 19959.69595969923, 3967.215765530683, 7687.788040968436, 11469.548173804367, 19432.57048489044, 19561.523833814594, 2963.2869042419825, 6160.405996078538, 20228.364650251504, 19528.170776176816, 19805.162274452297, 1955.713251549442, 9503.317437558635, 20031.84269170316, 20097.363205869693, 19592.57755435328, 2804.4974791979143, 8957.907516982612, 20249.44152605102, 19625.075032784862, 18879.475045495707, 4175.64815011059, 5461.055569683345, 20271.997507870503, 12024.725195840729, 18861.48361739222, 3836.2273886391426, 6356.209888236408, 20253.54756201075, 9406.781905550371, 19833.056096344593, 6202.262140352701, 10035.087550088201, 20055.133574276937, 20118.921748743436, 14473.770105681231], []],