{"run": {"data": "/data/imagenet", "data_backend": "pytorch", "arch": "resnet50", "model_config": "fanin", "workers": 5, "epochs": 2, "start_epoch": 0, "batch_size": 256, "optimizer_batch_size": -1, "lr": 0.1, "lr_schedule": "step", "warmup": 0, "label_smoothing": 0.1, "mixup": 0.1, "true_weight_decay": false, "momentum": 0.9, "weight_decay": 0.0001, "bn_weight_decay": false, "nesterov": false, "print_freq": 1, "resume": "", "pretrained_weights": "", "fp16": true, "static_loss_scale": 128.0, "dynamic_loss_scale": false, "prof": 100, "local_rank": 0, "seed": null, "gather_checkpoints": false, "raport_file": "/data/workspace/./raport_8GPU_256BS_pytorch_inferencebench.json", "final_weights": "model.pth.tar", "evaluate": true, "training_only": false, "save_checkpoints": false, "workspace": "/data/workspace", "distributed": true, "gpu": 0, "world_size": 8}, "epoch": {"ep": [0, 1], "val.top1": [0.09765625, 0.10042010605335236], "val.top5": [0.49852594375610354, 0.5217791843414307], "val.loss": [1365.64, 1364.8], "val.compute_ips": [14189.511759274506, 14328.94706465831], "val.total_ips": [12858.096176789237, 12516.390060044683], "val.data_time": [0.12803622245788573, 0.15901726245880127], "val.compute_time": [0.4920875072479248, 0.33890949726104735]}, "iter": {"it": [[], []], "val.it": [[1, 2, 3, 4, 5, 6, 7, 8, 9, 10, 11, 12, 13, 14, 15, 16, 17, 18, 19, 20, 21, 22, 23, 24, 25, 1, 2, 3, 4, 5, 6, 7, 8, 9, 10, 11, 12, 13, 14, 15, 16, 17, 18, 19, 20, 21, 22, 23, 24, 25]], "val.top1": [[0.048828125, 0.09765625, 0.09765625, 0.146484375, 0.09765625, 0.146484375, 0.29296875, 0.048828125, 0.09765625, 0.146484375, 0.09765625, 0.048828125, 0.048828125, 0.146484375, 0.09765625, 0.09765625, 0.09765625, 0.048828125, 0.0, 0.244140625, 0.146484375, 0.0, 0.146484375, 0.0, 0.0], [0.0, 0.048828125, 0.09765625, 0.09765625, 0.244140625, 0.1953125, 0.09765625, 0.146484375, 0.09765625, 0.1953125, 0.09765625, 0.048828125, 0.146484375, 0.048828125, 0.048828125, 0.0, 0.146484375, 0.0, 0.0, 0.048828125, 0.146484375, 0.244140625, 0.09765625, 0.09765625, 0.1179245263338089], []], "val.top5": [[0.1953125, 0.439453125, 0.48828125, 0.732421875, 0.634765625, 0.390625, 0.537109375, 0.244140625, 0.390625, 0.927734375, 0.341796875, 0.634765625, 0.390625, 0.537109375, 0.732421875, 0.244140625, 0.634765625, 0.732421875, 0.390625, 0.830078125, 0.634765625, 0.244140625, 0.537109375, 0.244140625, 0.3537735939025879], [0.341796875, 0.390625, 0.537109375, 0.341796875, 0.390625, 0.732421875, 0.390625, 0.537109375, 0.68359375, 0.537109375, 0.29296875, 0.341796875, 0.390625, 0.537109375, 0.439453125, 0.48828125, 0.48828125, 0.341796875, 0.537109375, 0.87890625, 0.48828125, 0.634765625, 0.634765625, 0.48828125, 1.1792452335357666], []], "val.loss": [[1355.0, 1370.0, 1357.0, 1350.0, 1370.0, 1396.0, 1375.0, 1381.0, 1356.0, 1356.0, 1376.0, 1342.0, 1348.0, 1364.0, 1368.0, 1357.0, 1354.0, 1361.0, 1376.0, 1369.0, 1374.0, 1380.0, 1366.0, 1364.0, 1376.0], [1366.0, 1355.0, 1357.0, 1373.0, 1361.0, 1358.0, 1388.0, 1359.0, 1367.0, 1353.0, 1370.0, 1354.0, 1356.0, 1358.0, 1381.0, 1359.0, 1368.0, 1380.0, 1378.0, 1357.0, 1378.0, 1350.0, 1380.0, 1377.0, 1337.0], []], "val.compute_ips": [[299.0559331808566, 17112.13933650611, 20278.64963467463, 20222.269130082677, 20267.597061058077, 20911.582992107582, 20247.914123675862, 20178.470634111505, 20209.566072138583, 20180.746134147776, 20214.131625826278, 20958.063040576973, 10677.981923120431, 11150.285433903875, 8172.305275505826, 10529.680799918606, 6014.804368223666, 10759.246060445128, 9816.1818441535, 10222.461730334404, 13457.814509483209, 7821.261055468551, 14163.871122631368, 20427.56622838621, 444.147912201122], [18490.43417764298, 7542.129207578712, 13264.177787660361, 20205.382792598048, 20897.846926363116, 15267.954810775454, 4776.867214314472, 20082.562619964418, 20355.05406807976, 4458.743637936878, 9038.649297736849, 8244.838626451256, 20308.47026169519, 20149.266603333217, 4522.141601492582, 9872.058290408515, 13012.213383746577, 19821.889144260145, 20203.909549771615, 4476.677889889563, 13185.808633930614, 20150.44826761125, 20223.126090621012, 20392.601137626178, 12766.30722956433], []], "val.total_ips": [[232.63201492084397, 15742.341525277738, 20100.655188067747, 20084.29997147493, 20066.14307105431, 19645.45199063232, 19998.031824816837, 20023.110883191413, 20062.90924208805, 20025.63158618664, 20072.23862545011, 3347.6651093475, 10621.773679069134, 7548.697459259572, 8145.098198961895, 10492.945720885518, 2981.8355166737597, 10726.316502419995, 7767.1453507087235, 10177.020600626502, 13409.473798250667, 5321.860120129981, 14115.366627666986, 20319.663604106543, 424.0962084632761], [784.0987033519334, 7478.573672782486, 13181.620157750975, 19997.65937604034, 3119.2150528146317, 10694.333444136933, 4766.616887048077, 19882.26690121285, 20060.707085757258, 1775.4647489021074, 8999.784791400372, 8205.381196829394, 20083.40778045091, 19699.561267478046, 2042.0345170646683, 9811.181396305074, 12926.64201506665, 19719.142617087604, 20040.53536399862, 2889.133644133383, 13120.032551369366, 20059.863834755906, 20118.78038509372, 20313.9933310946, 4597.067860577172], []], "val.data_time": [[1.9553861618041992, 0.010413885116577148, 0.0008943080902099609, 0.0006957054138183594, 0.0010144710540771484, 0.006311893463134766, 0.0012638568878173828, 0.0007874965667724609, 0.0007407665252685547, 0.0007860660552978516, 0.0007162094116210938, 0.5140507221221924, 0.0010149478912353516, 0.08763265609741211, 0.0008370876312255859, 0.0006809234619140625, 0.3463320732116699, 0.0005843639373779297, 0.05503964424133301, 0.0008945465087890625, 0.0005486011505126953, 0.12297749519348145, 0.0004968643188476562, 0.0005323886871337891, 0.09027242660522461], [2.5011560916900635, 0.0023076534271240234, 0.0009670257568359375, 0.0010528564453125, 0.558574914932251, 0.057366132736206055, 0.0009219646453857422, 0.0010273456573486328, 0.001476287841796875, 0.694178581237793, 0.0009784698486328125, 0.0011944770812988281, 0.0011301040649414062, 0.0023202896118164062, 0.5500385761260986, 0.001287221908569336, 0.0010418891906738281, 0.0005383491516113281, 0.0008263587951660156, 0.25138092041015625, 0.0007786750793457031, 0.0004589557647705078, 0.0005252361297607422, 0.0003886222839355469, 0.11804056167602539], []], "val.compute_time": [[6.848217248916626, 0.11968111991882324, 0.10099291801452637, 0.10127449035644531, 0.10104799270629883, 0.09793615341186523, 0.10114622116088867, 0.10149431228637695, 0.10133814811706543, 0.10148286819458008, 0.10131525993347168, 0.09771895408630371, 0.19179654121398926, 0.18367242813110352, 0.25060248374938965, 0.19449782371520996, 0.34049320220947266, 0.19034790992736816, 0.2086350917816162, 0.20034313201904297, 0.15217924118041992, 0.26185035705566406, 0.1445932388305664, 0.10025668144226074, 1.9092738628387451], [0.11075997352600098, 0.2715413570404053, 0.15440082550048828, 0.10135912895202637, 0.09800052642822266, 0.13413715362548828, 0.42873287200927734, 0.10197901725769043, 0.10061383247375488, 0.4593222141265869, 0.22658252716064453, 0.2483978271484375, 0.1008446216583252, 0.10164141654968262, 0.4528827667236328, 0.20745420455932617, 0.15739059448242188, 0.10332012176513672, 0.10136651992797852, 0.45748209953308105, 0.1553184986114502, 0.10163545608520508, 0.10127019882202148, 0.10042858123779297, 0.06642484664916992], []]}, "event": {}}