{"run": {"data": "/data/imagenet", "data_backend": "dali-cpu", "arch": "resnet50", "model_config": "fanin", "workers": 5, "epochs": 2, "start_epoch": 0, "batch_size": 128, "optimizer_batch_size": -1, "lr": 0.1, "lr_schedule": "step", "warmup": 0, "label_smoothing": 0.1, "mixup": 0.1, "true_weight_decay": false, "momentum": 0.9, "weight_decay": 0.0001, "bn_weight_decay": false, "nesterov": false, "print_freq": 1, "resume": "", "pretrained_weights": "", "fp16": true, "static_loss_scale": 128.0, "dynamic_loss_scale": false, "prof": 100, "local_rank": 0, "seed": null, "gather_checkpoints": false, "raport_file": "/data/workspace/./raport_8GPU_128BS_dali-cpu_inferencebench.json", "final_weights": "model.pth.tar", "evaluate": true, "training_only": false, "save_checkpoints": false, "workspace": "/data/workspace", "distributed": true, "gpu": 0, "world_size": 8}, "epoch": {"ep": [0, 1], "val.top1": [0.09964923469387756, 0.09964923469387756], "val.top5": [0.5181760204081632, 0.5161830357142857], "val.loss": [2655.9591836734694, 2654.9795918367345], "val.compute_ips": [14476.133616449273, 14531.799099123222], "val.total_ips": [12051.179877437198, 12458.855204238107], "val.data_time": [0.013187714985438756, 0.01072741041378099], "val.compute_time": [0.1776364920090656, 0.12597992955421916]}, "iter": {"it": [[], []], "val.it": [[1, 2, 3, 4, 5, 6, 7, 8, 9, 10, 11, 12, 13, 14, 15, 16, 17, 18, 19, 20, 21, 22, 23, 24, 25, 26, 27, 28, 29, 30, 31, 32, 33, 34, 35, 36, 37, 38, 39, 40, 41, 42, 43, 44, 45, 46, 47, 48, 49, 1, 2, 3, 4, 5, 6, 7, 8, 9, 10, 11, 12, 13, 14, 15, 16, 17, 18, 19, 20, 21, 22, 23, 24, 25, 26, 27, 28, 29, 30, 31, 32, 33, 34, 35, 36, 37, 38, 39, 40, 41, 42, 43, 44, 45, 46, 47, 48, 49]], "val.top1": [[0.0, 0.0, 0.0, 0.0, 0.0, 0.0, 0.0, 0.0, 0.0, 0.0, 0.0, 0.0, 0.0, 0.0, 0.0, 0.0, 0.0, 4.8828125, 0.0, 0.0, 0.0, 0.0, 0.0, 0.0, 0.0, 0.0, 0.0, 0.0, 0.0, 0.0, 0.0, 0.0, 0.0, 0.0, 0.0, 0.0, 0.0, 0.0, 0.0, 0.0, 0.0, 0.0, 0.0, 0.0, 0.0, 0.0, 0.0, 0.0, 0.0], [0.0, 0.0, 0.0, 0.0, 0.0, 0.0, 0.0, 0.0, 0.0, 0.0, 0.0, 0.0, 0.0, 0.0, 0.0, 0.0, 0.0, 4.8828125, 0.0, 0.0, 0.0, 0.0, 0.0, 0.0, 0.0, 0.0, 0.0, 0.0, 0.0, 0.0, 0.0, 0.0, 0.0, 0.0, 0.0, 0.0, 0.0, 0.0, 0.0, 0.0, 0.0, 0.0, 0.0, 0.0, 0.0, 0.0, 0.0, 0.0, 0.0], []], "val.top5": [[0.0, 0.0, 0.0, 0.0, 0.0, 0.0, 0.0, 0.0, 0.0, 0.0, 0.0, 0.0, 0.0, 1.46484375, 0.0, 0.0, 0.0, 4.8828125, 0.0, 3.7109375, 1.171875, 0.0, 0.0, 0.0, 0.0, 4.4921875, 0.0, 0.09765625, 1.07421875, 0.0, 0.0, 0.0, 0.0, 0.0, 0.0, 0.09765625, 0.0, 0.0, 0.0, 0.0, 0.0, 0.0, 0.0, 0.0, 0.0, 0.0, 0.0, 6.34765625, 2.05078125], [0.0, 0.0, 0.0, 0.0, 0.0, 0.0, 0.0, 0.0, 0.0, 0.0, 0.0, 0.0, 0.29296875, 1.171875, 0.0, 0.0, 0.0, 4.8828125, 0.0, 4.8828125, 0.0, 0.0, 0.0, 0.0, 0.0, 4.4921875, 0.0, 0.9765625, 0.1953125, 0.0, 0.0, 0.0, 0.0, 0.0, 0.0, 0.09765625, 0.0, 0.0, 0.0, 0.0, 0.0, 0.0, 0.0, 0.0, 0.0, 0.0, 1.46484375, 6.34765625, 0.48828125], []], "val.loss": [[2510.0, 2430.0, 2780.0, 2836.0, 2568.0, 2610.0, 2616.0, 2506.0, 2738.0, 2638.0, 2516.0, 2706.0, 2306.0, 2692.0, 2684.0, 2954.0, 2776.0, 2692.0, 2700.0, 2638.0, 2612.0, 2704.0, 2498.0, 2822.0, 2898.0, 2548.0, 2906.0, 2712.0, 2286.0, 2914.0, 2756.0, 2552.0, 2696.0, 2590.0, 2664.0, 2546.0, 2638.0, 2522.0, 2420.0, 2548.0, 2652.0, 2678.0, 2508.0, 2958.0, 2780.0, 2620.0, 2572.0, 2682.0, 2964.0], [2388.0, 2452.0, 2876.0, 2846.0, 2538.0, 2628.0, 2508.0, 2588.0, 2830.0, 2598.0, 2448.0, 2658.0, 2364.0, 2688.0, 2732.0, 2930.0, 2868.0, 2596.0, 2702.0, 2622.0, 2592.0, 2706.0, 2612.0, 2812.0, 2808.0, 2606.0, 2896.0, 2566.0, 2416.0, 2996.0, 2698.0, 2452.0, 2748.0, 2538.0, 2736.0, 2536.0, 2608.0, 2498.0, 2488.0, 2502.0, 2692.0, 2620.0, 2556.0, 3000.0, 2752.0, 2534.0, 2682.0, 2592.0, 2992.0], []], "val.compute_ips": [[198.46056713299788, 12916.767553554619, 18595.105471202263, 15004.567068654715, 13754.326628515066, 14075.076261605063, 9790.862163215714, 9372.950911114505, 9144.668470774099, 19816.401812326403, 19627.317119537896, 15748.691128964245, 13237.0334518871, 9910.18991252662, 14485.604659712175, 19593.113827962483, 17553.262177029777, 19415.352919105848, 13333.769918537651, 13650.156989124285, 14977.72433105382, 10042.267385880861, 9120.143239363644, 9711.078618506584, 9265.960541162105, 13850.578039491378, 15661.744924936094, 12236.583235041055, 16755.551595398138, 10691.737790290981, 18755.643312546945, 12402.94812958075, 17802.30912007428, 12347.963062203158, 9792.581056740402, 11935.172473586803, 14667.702449985998, 14872.954895992409, 16715.642364259777, 17136.821488421087, 19787.369600471768, 19527.105356241675, 19471.774987079167, 13549.34838337219, 17166.616556018755, 13006.066402606684, 19922.661891994692, 19625.254380874485, 19307.562580355137], [15479.535127459354, 15704.121480257265, 19291.432185271024, 19663.98051442647, 18965.92861337914, 19648.327916849656, 13432.224749883502, 9445.42568735513, 14195.89256651793, 11447.93428116021, 15662.030485581341, 10783.599002729188, 16190.378039724215, 16672.10359685421, 14423.289999328363, 12996.188247967344, 13592.356878829309, 17356.839519743302, 18247.028392507404, 16303.769809515856, 15771.360518788075, 10315.43940263664, 9094.728396943978, 9826.119364809185, 9564.86182845028, 13424.373772418407, 16846.4443572807, 18461.38466167482, 17005.932506325305, 7947.741206992585, 19180.982752614796, 14728.211155118906, 9491.829220912681, 15637.79494853506, 9944.355860152813, 14617.283907592197, 16958.057788131242, 18831.87673905704, 13526.135388355782, 13021.207892215714, 14866.262485851848, 14457.177802761527, 19570.080540949395, 18728.572283246194, 13579.979561896089, 15116.36449897405, 10950.822391351461, 13032.745351264748, 10785.250827419606], []], "val.total_ips": [[198.45187396828499, 12761.409726080718, 12636.977035539745, 11499.458613682184, 12384.20834462674, 13948.865557244371, 9733.747228863784, 9310.048200188154, 9091.64810079423, 8908.077678199206, 14619.672190074205, 12424.763207377964, 11612.476399050447, 9852.695451896916, 14322.095530271705, 13710.201156836958, 12162.498148001314, 14795.946313903816, 9745.475060923864, 13536.366603527991, 13709.675995914198, 9018.455524712226, 9060.940395646496, 9645.954386303763, 9204.125914258468, 13690.447838837179, 15468.7194395923, 8934.502620044641, 16572.32765226786, 8200.446199317228, 18422.661959808695, 9156.190006779256, 17479.467252711474, 10442.648382775213, 9735.644735798205, 11850.800993322664, 14522.584721921661, 14728.665720184084, 14533.199209550365, 12730.619510156414, 13228.186557349783, 12422.391410986163, 16956.852657844036, 10589.953142490815, 16969.649170081037, 9300.895006280047, 9186.801056650589, 12605.78460527011, 14884.13950651511], [12394.536827493861, 13682.553722351951, 13660.663655678682, 12971.773857523836, 13624.09054458712, 14183.188405031355, 10236.226976655505, 9379.992609514158, 14070.833989103621, 11365.08338250743, 15503.785898125454, 10524.662193753278, 16002.888724118531, 14303.065095260137, 13861.485097579789, 12884.798809609523, 13464.733716012654, 15799.440471154307, 12658.206075395738, 13466.337962193635, 14076.598569714926, 10252.476119545498, 9031.142003435856, 9754.483340033205, 9508.493055094334, 13304.773944128818, 16641.677338861227, 12159.502450321188, 12851.718750187018, 7760.002341569177, 18931.40254771455, 10844.069665156818, 8702.228143969785, 15469.499447127766, 9160.818477906156, 14469.4515244416, 14417.625206027587, 14711.512731806566, 12258.236330321313, 12863.92083312118, 14710.001150779515, 12770.17463904284, 18164.685788721315, 12747.660574257543, 11765.712059741234, 14977.619868949187, 10523.115002964625, 12892.224671613476, 10700.821430706983], []],