{"run": {"data": "/data/imagenet", "data_backend": "dali-gpu", "arch": "resnet50", "model_config": "fanin", "workers": 5, "epochs": 2, "start_epoch": 0, "batch_size": 224, "optimizer_batch_size": -1, "lr": 0.1, "lr_schedule": "step", "warmup": 0, "label_smoothing": 0.1, "mixup": 0.0, "momentum": 0.9, "weight_decay": 0.0001, "bn_weight_decay": false, "nesterov": false, "print_freq": 1, "resume": "", "pretrained_weights": "", "fp16": false, "static_loss_scale": 128.0, "dynamic_loss_scale": false, "prof": 100, "amp": true, "local_rank": 0, "seed": null, "gather_checkpoints": false, "raport_file": "/data/workspace/./raport_8GPU_224BS_dali-gpu_inferencebench.json", "final_weights": "model.pth.tar", "evaluate": true, "training_only": false, "save_checkpoints": false, "workspace": "/data/workspace", "distributed": true, "gpu": 0, "world_size": 8}, "epoch": {"ep": [0, 1], "val.top1": [0.09964923347745623, 0.09964923347745623], "val.top5": [0.49824616738728117, 0.4982461652585438], "val.loss": [839.53125, 839.0089285714286], "val.compute_ips": [12738.751114877467, 12911.302400142298], "val.total_ips": [10970.963344607064, 11630.162270862775], "val.data_time": [0.018274971417018344, 0.013277930872780936], "val.compute_time": [0.31907838582992554, 0.23188381109918868]}, "iter": {"it": [[], []], "val.it": [[1, 2, 3, 4, 5, 6, 7, 8, 9, 10, 11, 12, 13, 14, 15, 16, 17, 18, 19, 20, 21, 22, 23, 24, 25, 26, 27, 28, 1, 2, 3, 4, 5, 6, 7, 8, 9, 10, 11, 12, 13, 14, 15, 16, 17, 18, 19, 20, 21, 22, 23, 24, 25, 26, 27, 28]], "val.top1": [[0.0, 0.0, 0.0, 0.0, 0.0, 0.0, 0.0, 0.0, 0.0, 0.0, 0.0, 0.0, 0.0, 0.0, 0.0, 0.0, 2.7901785373687744, 0.0, 0.0, 0.0, 0.0, 0.0, 0.0, 0.0, 0.0, 0.0, 0.0, 0.0], [0.0, 0.0, 0.0, 0.0, 0.0, 0.0, 0.0, 0.0, 0.0, 0.0, 0.0, 0.0, 0.0, 0.0, 0.0, 0.0, 2.7901785373687744, 0.0, 0.0, 0.0, 0.0, 0.0, 0.0, 0.0, 0.0, 0.0, 0.0, 0.0], []], "val.top5": [[0.0, 2.7901785373687744, 2.7901785373687744, 0.0, 0.0, 0.0, 0.0, 3.6830356121063232, 1.8973214626312256, 0.0, 0.0, 0.0, 0.0, 0.0, 0.0, 0.0, 2.7901785373687744, 0.0, 0.0, 0.0, 0.0, 0.0, 0.0, 0.0, 0.0, 0.0, 0.0, 0.0], [0.0, 2.7901785373687744, 2.7901785373687744, 0.0, 0.0, 0.0, 0.0, 4.910714149475098, 0.6696428656578064, 0.0, 0.0, 0.0, 0.0, 0.0, 0.0, 0.0, 2.7901785373687744, 0.0, 0.0, 0.0, 0.0, 0.0, 0.0, 0.0, 0.0, 0.0, 0.0, 0.0], []], "val.loss": [[882.5, 822.5, 817.375, 872.3125, 825.1875, 768.3125, 788.0, 814.4375, 883.1875, 893.1875, 846.5625, 819.5625, 802.75, 792.0625, 868.3125, 902.5, 825.625, 787.5, 799.75, 891.125, 786.5625, 817.9375, 779.3125, 852.6875, 952.375, 913.6875, 808.9375, 892.625], [862.625, 825.375, 808.875, 872.8125, 822.75, 775.9375, 793.4375, 815.6875, 888.125, 876.375, 847.4375, 820.75, 801.5625, 782.375, 892.625, 885.8125, 832.8125, 785.8125, 797.25, 889.1875, 793.625, 808.875, 792.1875, 861.25, 943.1875, 917.9375, 804.1875, 893.375], []], "val.compute_ips": [[361.74299089192436, 15050.506345640151, 17073.87457066531, 10127.360510505048, 9761.859807391342, 20204.11321109746, 11675.058898819787, 8807.948944268535, 10264.461195159056, 11059.925672613406, 13309.167734418439, 9493.426725912752, 8349.840881621045, 8389.759719247173, 17474.722676102836, 13046.137234345384, 8552.460155160132, 16025.792352336644, 10934.250366963, 9691.185538378226, 14156.86818026, 16516.05586660924, 10258.661178050632, 17252.78438015751, 16817.156747274777, 20379.855934708045, 20046.33467132162, 11603.718726649582], [14873.359575419614, 11693.895351966954, 13086.615236218142, 9226.024144656812, 8870.809774635753, 18972.427499722337, 10681.59925418314, 20121.35890111714, 12488.6062966483, 14370.97574816639, 15611.153438581989, 9158.48273324227, 9684.305369910104, 13844.219262053519, 14027.694033903746, 13553.483617583734, 8400.336594955681, 16651.51195218241, 13823.112047831597, 13522.539869419801, 13930.045328939686, 13354.404598232133, 17079.306228924095, 16142.887019870963, 12819.52961242214, 11750.25680437481, 8913.214329083181, 9695.748567153205], []], "val.total_ips": [[361.72805360599114, 14895.259774515807, 13611.088457129612, 9235.2290722863, 9721.506882872814, 9583.790049486077, 9356.924354767229, 8769.82116371002, 10218.327217358203, 11000.181138305143, 13226.749108237998, 9450.312657008719, 8319.286799945985, 8264.720212968328, 17335.232490503462, 9544.468728571212, 8516.362949105953, 15910.485215016775, 9099.870537200639, 9638.096906809327, 14044.88936476348, 13255.81473375296, 9279.170140504959, 17113.17668970071, 14403.223909198396, 13518.624085411915, 9212.838278140662, 10299.794678119117], [14779.885964187815, 10136.689082974144, 13007.84460212523, 9189.746735804003, 8829.024577560334, 18788.039474868267, 9903.814198880249, 9714.06884197983, 11524.739017968994, 14275.715511052189, 14473.226888393794, 9117.421723313484, 9640.11185115926, 13749.225332608938, 13930.43259593144, 13469.0105441226, 8367.912359610606, 16531.603603603602, 10457.733624034918, 13440.036850076622, 13843.887770870746, 13272.152975474693, 16925.617395377325, 13797.53385137008, 12739.957570723935, 11678.922956202054, 8872.202445341032, 9645.555173701521], []], "val.data_time": [[0.00020456314086914062, 0.0012409687042236328, 0.026701688766479492, 0.017093181610107422, 0.0007619857788085938, 0.09828758239746094, 0.03802633285522461, 0.0008845329284667969, 0.0007882118225097656, 0.0008800029754638672, 0.0008389949798583984, 0.0008611679077148438, 0.0007882118225097656, 0.003231525421142578, 0.0008251667022705078, 0.05039405822753906, 0.0008881092071533203, 0.0008103847503662109, 0.03303718566894531, 0.001018524169921875, 0.001009225845336914, 0.026685476303100586, 0.018439054489135742, 0.0008473396301269531, 0.01785874366760254, 0.04462790489196777, 0.1051182746887207, 0.019550800323486328], [0.0007619857788085938, 0.02354121208190918, 0.0008292198181152344, 0.000766754150390625, 0.0009560585021972656, 0.000926971435546875, 0.013175249099731445, 0.09541511535644531, 0.012000799179077148, 0.0008320808410644531, 0.009025096893310547, 0.000881195068359375, 0.0008482933044433594, 0.0008943080902099609, 0.0008919239044189453, 0.0008292198181152344, 0.0008265972137451172, 0.0007805824279785156, 0.041718482971191406, 0.0008134841918945312, 0.0008006095886230469, 0.00083160400390625, 0.0009527206420898438, 0.018869638442993164, 0.0008730888366699219, 0.0009315013885498047, 0.0009293556213378906, 0.0009617805480957031], []], "val.compute_time": [[4.953793287277222, 0.11906576156616211, 0.10495567321777344, 0.17694640159606934, 0.18357157707214355, 0.08869481086730957, 0.1534895896911621, 0.20345258712768555, 0.17458295822143555, 0.16202640533447266, 0.1346440315246582, 0.18876218795776367, 0.2146148681640625, 0.2135937213897705, 0.10254812240600586, 0.1373586654663086, 0.20953035354614258, 0.11181974411010742, 0.16388869285583496, 0.18491029739379883, 0.12658166885375977, 0.10850048065185547, 0.1746816635131836, 0.1038672924041748, 0.10655784606933594, 0.08792996406555176, 0.08939290046691895, 0.1544332504272461], [0.1204838752746582, 0.1532423496246338, 0.1369338035583496, 0.19423317909240723, 0.2020108699798584, 0.0944528579711914, 0.16776514053344727, 0.08905959129333496, 0.14349079132080078, 0.1246957778930664, 0.11478972434997559, 0.19566559791564941, 0.1850416660308838, 0.1294403076171875, 0.1277472972869873, 0.1322169303894043, 0.21332478523254395, 0.10761785507202148, 0.1296379566192627, 0.13251948356628418, 0.12864279747009277, 0.13418793678283691, 0.10492229461669922, 0.1110086441040039, 0.1397867202758789, 0.15250730514526367, 0.2010498046875, 0.18482327461242676], []]}, "event": {}}