{"run": {"data": "/data/imagenet", "data_backend": "pytorch", "arch": "resnet50", "model_config": "fanin", "workers": 5, "epochs": 2, "start_epoch": 0, "batch_size": 128, "optimizer_batch_size": -1, "lr": 0.1, "lr_schedule": "step", "warmup": 0, "label_smoothing": 0.1, "mixup": 0.0, "momentum": 0.9, "weight_decay": 0.0001, "bn_weight_decay": false, "nesterov": false, "print_freq": 1, "resume": "", "pretrained_weights": "", "fp16": false, "static_loss_scale": 128.0, "dynamic_loss_scale": false, "prof": 100, "amp": true, "local_rank": 0, "seed": null, "gather_checkpoints": false, "raport_file": "/data/workspace/./raport_8GPU_128BS_pytorch_inferencebench.json", "final_weights": "model.pth.tar", "evaluate": true, "training_only": false, "save_checkpoints": false, "workspace": "/data/workspace", "distributed": true, "gpu": 0, "world_size": 8}, "epoch": {"ep": [0, 1], "val.top1": [0.09964923469387756, 0.09964923469387756], "val.top5": [0.5023073493217936, 0.5010664347483187], "val.loss": [2655.6785714285716, 2655.6938775510203], "val.compute_ips": [14288.227789383935, 13222.002107104912], "val.total_ips": [12373.807533643814, 11689.387760480538], "val.data_time": [0.058438388668760964, 0.04949411567376585], "val.compute_time": [0.26067507510282556, 0.19724370022209323]}, "iter": {"it": [[], []], "val.it": [[1, 2, 3, 4, 5, 6, 7, 8, 9, 10, 11, 12, 13, 14, 15, 16, 17, 18, 19, 20, 21, 22, 23, 24, 25, 26, 27, 28, 29, 30, 31, 32, 33, 34, 35, 36, 37, 38, 39, 40, 41, 42, 43, 44, 45, 46, 47, 48, 49, 1, 2, 3, 4, 5, 6, 7, 8, 9, 10, 11, 12, 13, 14, 15, 16, 17, 18, 19, 20, 21, 22, 23, 24, 25, 26, 27, 28, 29, 30, 31, 32, 33, 34, 35, 36, 37, 38, 39, 40, 41, 42, 43, 44, 45, 46, 47, 48, 49]], "val.top1": [[0.0, 0.1953125, 0.09765625, 0.0, 0.0, 0.0, 0.0, 0.0, 0.0, 0.09765625, 0.0, 0.1953125, 0.0, 0.1953125, 0.09765625, 0.09765625, 0.09765625, 0.09765625, 0.1953125, 0.09765625, 0.1953125, 0.09765625, 0.0, 0.1953125, 0.1953125, 0.09765625, 0.1953125, 0.0, 0.0, 0.0, 0.1953125, 0.09765625, 0.0, 0.1953125, 0.09765625, 0.09765625, 0.29296875, 0.1953125, 0.09765625, 0.09765625, 0.0, 0.09765625, 0.09765625, 0.09765625, 0.29296875, 0.09765625, 0.09765625, 0.29296875, 0.0], [0.09765625, 0.1953125, 0.09765625, 0.09765625, 0.09765625, 0.09765625, 0.0, 0.09765625, 0.09765625, 0.0, 0.09765625, 0.1953125, 0.0, 0.09765625, 0.0, 0.09765625, 0.09765625, 0.0, 0.09765625, 0.390625, 0.09765625, 0.09765625, 0.09765625, 0.1953125, 0.09765625, 0.1953125, 0.0, 0.0, 0.0, 0.09765625, 0.09765625, 0.0, 0.09765625, 0.09765625, 0.09765625, 0.1953125, 0.09765625, 0.1953125, 0.29296875, 0.1953125, 0.09765625, 0.09765625, 0.09765625, 0.09765625, 0.0, 0.1953125, 0.0, 0.09765625, 0.0], []], "val.top5": [[0.390625, 1.07421875, 0.390625, 0.0, 0.09765625, 0.48828125, 0.390625, 0.1953125, 0.29296875, 0.48828125, 0.68359375, 0.48828125, 0.5859375, 0.390625, 0.78125, 0.5859375, 0.29296875, 0.5859375, 0.48828125, 0.5859375, 0.1953125, 0.87890625, 0.5859375, 0.5859375, 0.390625, 0.48828125, 0.390625, 0.48828125, 0.390625, 0.48828125, 0.5859375, 0.5859375, 0.48828125, 0.68359375, 0.390625, 0.390625, 0.48828125, 0.48828125, 0.48828125, 0.68359375, 0.1953125, 0.68359375, 0.390625, 0.5859375, 0.78125, 0.29296875, 0.78125, 0.87890625, 0.5896226167678833], [0.68359375, 0.48828125, 0.5859375, 0.390625, 0.390625, 0.29296875, 0.5859375, 0.5859375, 0.29296875, 0.5859375, 0.5859375, 0.48828125, 0.29296875, 0.390625, 0.5859375, 0.29296875, 0.87890625, 0.29296875, 0.48828125, 0.48828125, 0.68359375, 0.390625, 0.68359375, 0.48828125, 0.87890625, 0.5859375, 0.68359375, 0.09765625, 0.5859375, 0.390625, 0.48828125, 0.5859375, 0.390625, 0.48828125, 0.5859375, 0.48828125, 0.390625, 0.390625, 0.5859375, 0.1953125, 0.390625, 0.5859375, 0.48828125, 0.5859375, 0.390625, 1.26953125, 0.390625, 0.48828125, 0.2358490526676178], []], "val.loss": [[2715.5, 2611.0, 2652.0, 2641.25, 2667.75, 2653.25, 2661.5, 2642.25, 2644.0, 2697.5, 2652.5, 2702.0, 2682.25, 2657.25, 2624.25, 2675.25, 2652.5, 2600.25, 2688.0, 2655.25, 2686.5, 2661.25, 2618.5, 2653.5, 2661.25, 2691.25, 2706.25, 2639.0, 2661.75, 2678.5, 2594.25, 2649.5, 2655.75, 2655.75, 2657.0, 2671.5, 2663.5, 2638.5, 2641.0, 2675.75, 2610.75, 2633.25, 2637.25, 2649.25, 2641.0, 2681.5, 2620.75, 2667.75, 2651.0], [2627.0, 2627.25, 2618.5, 2649.0, 2597.25, 2615.25, 2667.5, 2688.5, 2615.25, 2657.0, 2690.5, 2629.0, 2662.0, 2688.0, 2695.0, 2672.5, 2639.75, 2642.25, 2608.75, 2641.0, 2675.0, 2654.5, 2654.5, 2624.0, 2649.25, 2715.25, 2638.25, 2666.75, 2700.5, 2682.75, 2597.0, 2677.75, 2700.5, 2656.0, 2683.5, 2711.5, 2639.5, 2673.25, 2653.25, 2650.25, 2669.75, 2658.0, 2653.25, 2660.25, 2562.5, 2629.25, 2732.0, 2662.25, 2667.25], []], "val.compute_ips": [[182.3224532341469, 16409.226280941846, 20029.22701984284, 20042.779859069484, 18553.014924599454, 19897.46494637604, 19813.47647737233, 20020.450829491583, 20019.237706369848, 20023.157557109556, 19899.6775069383, 11301.65328000421, 5154.278258740738, 20116.094853144365, 19649.226816480772, 20076.976959214677, 10857.200302335517, 3719.7651342330123, 12627.428618469408, 19292.90534949847, 18912.978920344707, 7359.752038726813, 3614.7629017298814, 7527.885456084664, 19283.809989044737, 20009.071916739264, 11565.508660060319, 3202.0810300416388, 20213.03760736052, 19006.80309775634, 19979.00814051932, 20219.698684179555, 2471.592181307485, 11914.215045590598, 17762.551937766493, 19293.598681107404, 18391.26502892525, 2285.8811811735627, 18969.530576731122, 19180.126183416098, 12661.004681217353, 6636.669766378174, 3958.396699805627, 19635.39287542974, 20026.145140533787, 19914.071153355744, 12422.966308774528, 5637.0244369166885, 382.7662253288403], [6072.358886918951, 20365.71940139977, 18179.371001671923, 20034.92632502076, 2534.461740548215, 5241.741047477477, 10062.807617333932, 19285.97477312426, 19372.966481580883, 5183.064700104024, 5977.461245019324, 11267.113409147549, 19929.31787852072, 19528.969917427523, 2975.0092444180923, 5298.137922867406, 7546.257056111548, 12066.243467463035, 19626.061487845, 3509.7975137859685, 5186.951843706712, 18391.028775006853, 9873.329155622783, 19501.74720639317, 2718.892997610268, 9071.964345535693, 11830.953248785218, 18377.10052928164, 18085.215049371538, 4340.091224460718, 7512.781964987896, 9336.865128554069, 4287.656841085948, 20222.935648669136, 2799.793547714191, 7639.721332149864, 18206.342790530085, 5873.547904310355, 18965.091143522015, 3186.3169797491137, 20056.25739448787, 12475.54193063023, 12563.159376371135, 20131.180816408796, 3240.863484283013, 19832.14029903124, 20012.89453427147, 20134.861450471144, 17720.056755679554], []],