{"run": {"data": "/data/imagenet", "data_backend": "dali-gpu", "arch": "resnet50", "model_config": "fanin", "workers": 5, "epochs": 2, "start_epoch": 0, "batch_size": 128, "optimizer_batch_size": -1, "lr": 0.1, "lr_schedule": "step", "warmup": 0, "label_smoothing": 0.1, "mixup": 0.0, "momentum": 0.9, "weight_decay": 0.0001, "bn_weight_decay": false, "nesterov": false, "print_freq": 1, "resume": "", "pretrained_weights": "", "fp16": false, "static_loss_scale": 128.0, "dynamic_loss_scale": false, "prof": 100, "amp": true, "local_rank": 0, "seed": null, "gather_checkpoints": false, "raport_file": "/data/workspace/./raport_8GPU_128BS_dali-gpu_inferencebench.json", "final_weights": "model.pth.tar", "evaluate": true, "training_only": false, "save_checkpoints": false, "workspace": "/data/workspace", "distributed": true, "gpu": 0, "world_size": 8}, "epoch": {"ep": [0, 1], "val.top1": [0.09964923469387756, 0.09964923469387756], "val.top5": [0.49824617346938777, 0.49824617346938777], "val.loss": [1281.5216836734694, 1281.1147959183672], "val.compute_ips": [13853.07874811923, 14022.646318224455], "val.total_ips": [12276.32635972531, 12562.73279354002], "val.data_time": [0.00888283885255152, 0.007852413216415716], "val.compute_time": [0.18618860050123565, 0.1313310010092599]}, "iter": {"it": [[], []], "val.it": [[1, 2, 3, 4, 5, 6, 7, 8, 9, 10, 11, 12, 13, 14, 15, 16, 17, 18, 19, 20, 21, 22, 23, 24, 25, 26, 27, 28, 29, 30, 31, 32, 33, 34, 35, 36, 37, 38, 39, 40, 41, 42, 43, 44, 45, 46, 47, 48, 49, 1, 2, 3, 4, 5, 6, 7, 8, 9, 10, 11, 12, 13, 14, 15, 16, 17, 18, 19, 20, 21, 22, 23, 24, 25, 26, 27, 28, 29, 30, 31, 32, 33, 34, 35, 36, 37, 38, 39, 40, 41, 42, 43, 44, 45, 46, 47, 48, 49]], "val.top1": [[0.0, 0.0, 0.0, 0.0, 0.0, 0.0, 0.0, 0.0, 0.0, 0.0, 0.0, 0.0, 0.0, 0.0, 0.0, 0.0, 0.0, 0.0, 0.0, 0.0, 0.0, 0.0, 0.0, 0.0, 0.0, 0.0, 0.0, 0.0, 0.0, 0.0, 0.0, 0.0, 0.0, 0.0, 4.8828125, 0.0, 0.0, 0.0, 0.0, 0.0, 0.0, 0.0, 0.0, 0.0, 0.0, 0.0, 0.0, 0.0, 0.0], [0.0, 0.0, 0.0, 0.0, 0.0, 0.0, 0.0, 0.0, 0.0, 0.0, 0.0, 0.0, 0.0, 0.0, 0.0, 0.0, 0.0, 0.0, 0.0, 0.0, 0.0, 0.0, 0.0, 0.0, 0.0, 0.0, 0.0, 0.0, 0.0, 0.0, 0.0, 0.0, 0.0, 0.1953125, 4.6875, 0.0, 0.0, 0.0, 0.0, 0.0, 0.0, 0.0, 0.0, 0.0, 0.0, 0.0, 0.0, 0.0, 0.0], []], "val.top5": [[4.8828125, 0.0, 0.0, 0.0, 0.0, 0.0, 0.0, 0.0, 0.0, 0.0, 0.0, 0.0, 0.0, 0.0, 0.0, 0.0, 0.0, 0.0, 0.0, 4.8828125, 0.0, 0.0, 0.0, 0.0, 0.0, 0.0, 0.0, 0.0, 0.0, 0.0, 0.0, 0.0, 0.0, 0.0, 4.8828125, 0.0, 0.0, 4.1015625, 0.78125, 0.0, 0.0, 4.8828125, 0.0, 0.0, 0.0, 0.0, 0.0, 0.0, 0.0], [4.8828125, 0.0, 0.0, 0.0, 0.0, 0.0, 0.0, 0.0, 0.0, 0.0, 0.0, 0.0, 0.0, 0.0, 0.0, 0.0, 0.0, 0.0, 0.0, 4.8828125, 0.0, 0.0, 0.0, 0.0, 0.0, 0.0, 0.0, 0.0, 0.0, 0.0, 0.0, 0.0, 0.0, 0.1953125, 4.6875, 0.0, 0.0, 4.8828125, 0.0, 0.0, 0.0, 4.8828125, 0.0, 0.0, 0.0, 0.0, 0.0, 0.0, 0.0], []], "val.loss": [[1408.5, 1343.6875, 1142.6875, 1370.0, 1372.5625, 1031.9375, 1306.5625, 1218.75, 1332.4375, 1247.8125, 1204.8125, 1406.75, 1274.625, 1370.6875, 1384.0, 1157.0625, 1348.9375, 1410.375, 1291.75, 1177.8125, 1232.375, 1401.75, 1312.1875, 1129.875, 1137.0, 1135.75, 1299.875, 1196.0, 1252.5, 1357.875, 1382.8125, 1358.5, 1263.0625, 1254.8125, 1268.5, 1245.3125, 1255.25, 1110.5625, 1203.9375, 1228.9375, 1185.625, 1325.625, 1358.0625, 1494.875, 1325.875, 1181.375, 1217.5, 1417.625, 1459.375], [1345.5625, 1335.4375, 1164.5625, 1389.0, 1276.8125, 1110.5, 1314.125, 1178.8125, 1360.125, 1244.375, 1185.5625, 1438.625, 1260.875, 1390.6875, 1364.25, 1131.75, 1425.875, 1308.4375, 1351.125, 1135.125, 1282.375, 1367.25, 1312.0625, 1106.3125, 1126.0625, 1175.875, 1317.6875, 1182.5625, 1238.3125, 1411.75, 1380.9375, 1314.0, 1287.5625, 1264.4375, 1239.5, 1251.5, 1230.875, 1116.5625, 1208.125, 1184.375, 1300.9375, 1265.25, 1384.75, 1484.875, 1301.9375, 1152.6875, 1292.1875, 1368.875, 1513.375], []], "val.compute_ips": [[188.8506849374097, 12912.68999687327, 16474.93947379525, 12443.69812720193, 11498.812082010312, 11812.763646665035, 10054.70384867497, 9616.021815885922, 17862.20543148264, 19187.66661901358, 19339.207766360778, 11139.671788274596, 9265.54076221788, 9397.972245683903, 11590.039495485382, 18373.169817293583, 13378.71007693985, 18889.68820122179, 12606.00659802529, 16410.041325345395, 15506.696618828415, 12065.091018391327, 9227.083136759518, 18857.342986727315, 14238.483303220673, 10863.791292206593, 16428.244157314544, 12276.315808127869, 12165.185201130706, 7876.17945722716, 18581.10767606761, 14147.401884797438, 12732.959482495382, 10883.474467351862, 10216.139711234271, 15507.368478822082, 15071.435625706205, 13761.11325210103, 13985.247148388022, 12893.927637346142, 17076.454177501055, 19444.975488731336, 14889.557456102339, 10076.642413720292, 18163.456690715633, 10388.896727049314, 19804.97962308001, 19703.311722986302, 19525.596210323412], [16993.888072929854, 17271.61600823575, 19088.31935290327, 19351.493820541124, 18971.290172399324, 18070.37738135308, 10213.151633760013, 8906.655252789184, 13723.343268321361, 11543.159640828964, 15282.133807753207, 11072.242864213826, 17783.733643602154, 19612.88704808961, 19632.78996183119, 12913.311172579675, 18259.517962060727, 17499.978796138974, 12181.747082881891, 15628.235455078033, 13514.048411811904, 10264.727536924622, 12258.30630301508, 10543.98876608615, 9527.560916959854, 13379.752016323733, 16256.06927901229, 14106.23370873608, 13140.444104500215, 8499.36535477947, 19091.45876746915, 13426.723904439763, 8547.55581029257, 18055.867659361586, 11553.934813252557, 13887.6155025124, 14807.321650572128, 12974.673655019076, 14295.352879894823, 14738.77441095928, 14486.239808962311, 10859.780820393788, 18404.82041129409, 12709.8992847483, 15327.837263166159, 13470.434745518185, 9399.823373894773, 14804.157245819819, 9085.839724143767], []], "val.total_ips": [[188.84327823171347, 12718.141615142255, 12922.558222660833, 11797.513290501212, 11415.256150198806, 11710.406652761305, 9984.534421915465, 9557.47613060574, 15785.097930831711, 9821.89486490504, 16181.716201807694, 10026.86448805405, 9214.255701297085, 9343.893346096529, 11511.602271783093, 18141.591217628946, 10430.500755276003, 18642.483900931482, 9727.772710388752, 16196.666727003952, 13549.562107627562, 11047.209615646774, 9171.146852639155, 18588.988898458767, 10612.69257056444, 9725.195571888877, 16227.447816739901, 9282.080792537972, 12052.158028987134, 7829.559127749481, 18359.268598786013, 10123.742291636712, 11470.099522231332, 10811.150284943313, 10124.768498175406, 15271.212020793184, 14037.354668967568, 13641.05272251442, 13847.407487651693, 12150.48983113661, 16890.700393267263, 13944.925391645967, 13302.795918999449, 10004.48935020405, 17928.416426645294, 8499.80268433531, 10778.59246320946, 12342.711267443732, 14605.900543091986], [12002.915643593133, 13103.521032913122, 12933.06462064729, 12991.235147683792, 14201.149643893956, 15046.40878899134, 9616.5385481715, 8859.639745120972, 13597.434659000968, 11462.140743883921, 15120.994564145894, 10997.650136351416, 17569.562070728764, 10138.582844301342, 13882.543081463189, 11391.700561764972, 18014.442265265207, 14216.144287515846, 9811.708109170077, 15466.992559941806, 13404.974691090227, 10200.853353600609, 12160.50085223251, 10466.442055191103, 9470.835989009778, 13248.711505953483, 16076.626749913908, 12498.813537816837, 13008.745141749454, 8448.872221391644, 18788.133403324584, 10555.183005411569, 8490.745700724141, 17817.448770814837, 10241.13293783263, 13748.426828682734, 14657.741004788119, 12870.165548447028, 14163.777704494189, 14607.539847087313, 14340.45841736227, 10782.543183221784, 18154.47396429945, 10385.229156239044, 15141.304509992631, 12445.212529338472, 9336.479492195991, 14639.30554286844, 9032.775440758633], []],