{"run": {"data": "/data/imagenet", "data_backend": "dali-gpu", "arch": "resnet50", "model_config": "fanin", "workers": 5, "epochs": 2, "start_epoch": 0, "batch_size": 256, "optimizer_batch_size": -1, "lr": 0.1, "lr_schedule": "step", "warmup": 0, "label_smoothing": 0.1, "mixup": 0.0, "true_weight_decay": false, "momentum": 0.9, "weight_decay": 0.0001, "bn_weight_decay": false, "nesterov": false, "print_freq": 1, "resume": "", "pretrained_weights": "", "fp16": false, "static_loss_scale": 1, "dynamic_loss_scale": false, "prof": 100, "local_rank": 0, "seed": null, "gather_checkpoints": false, "raport_file": "/data/workspace/./raport_8GPU_256BS_dali-gpu_inferencebench.json", "final_weights": "model.pth.tar", "evaluate": true, "training_only": false, "save_checkpoints": false, "workspace": "/data/workspace", "distributed": true, "gpu": 0, "world_size": 8}, "epoch": {"ep": [0, 1], "val.top1": [0.09765625, 0.10172526041666667], "val.top5": [0.466796875, 0.4862467447916667], "val.loss": [1417.6769921875, 1416.5713195800781], "val.compute_ips": [7137.930709487385, 7477.783805865485], "val.total_ips": [6774.664119805561, 7278.6041756228815], "val.data_time": [0.013836412429809571, 0.007503383013666893], "val.compute_time": [0.4463729190826416, 0.3608909237141512]}, "iter": {"it": [[], []], "val.it": [[1, 2, 3, 4, 5, 6, 7, 8, 9, 10, 11, 12, 13, 14, 15, 16, 17, 18, 19, 20, 21, 22, 23, 24, 25, 1, 2, 3, 4, 5, 6, 7, 8, 9, 10, 11, 12, 13, 14, 15, 16, 17, 18, 19, 20, 21, 22, 23, 24]], "val.top1": [[0.0, 0.0, 0.0, 0.0, 0.0, 0.0, 0.0, 0.0, 0.0, 0.0, 0.0, 0.0, 0.0, 0.0, 2.44140625, 0.0, 0.0, 0.0, 0.0, 0.0, 0.0, 0.0, 0.0, 0.0, 0.0], [0.0, 0.0, 0.0, 0.0, 0.0, 0.0, 0.0, 0.0, 0.0, 0.0, 0.0, 0.0, 0.0, 2.44140625, 0.0, 0.0, 0.0, 0.0, 0.0, 0.0, 0.0, 0.0, 0.0, 0.0], []], "val.top5": [[0.0, 0.0, 0.0, 2.44140625, 0.0, 0.0, 0.0, 0.0, 0.0, 0.0, 0.0, 0.87890625, 1.025390625, 0.0, 4.8828125, 0.0, 0.0, 2.44140625, 0.0, 0.0, 0.0, 0.0, 0.0, 0.0, 0.0], [0.0, 0.0, 0.0, 2.44140625, 0.0, 0.0, 0.0, 0.0, 0.0, 0.0, 0.87890625, 1.025390625, 0.0, 2.44140625, 2.44140625, 0.0, 2.44140625, 0.0, 0.0, 0.0, 0.0, 0.0, 0.0, 0.0], []], "val.loss": [[1440.462646484375, 1486.845458984375, 1375.7159423828125, 1393.8719482421875, 1260.7510986328125, 1420.539306640625, 1450.4853515625, 1387.0087890625, 1482.6573486328125, 1401.0562744140625, 1448.4068603515625, 1352.7857666015625, 1380.25634765625, 1498.1202392578125, 1398.2039794921875, 1386.478759765625, 1474.8599853515625, 1439.5589599609375, 1338.3067626953125, 1375.78076171875, 1461.392333984375, 1392.9537353515625, 1432.471435546875, 1437.2091064453125, 1525.74560546875], [1514.6185302734375, 1391.81640625, 1421.7205810546875, 1280.4183349609375, 1357.302001953125, 1448.218505859375, 1395.583740234375, 1406.06689453125, 1473.2197265625, 1432.478759765625, 1374.7999267578125, 1301.5614013671875, 1570.33447265625, 1410.197021484375, 1352.3006591796875, 1452.2237548828125, 1436.0086669921875, 1434.424560546875, 1326.1419677734375, 1446.0032958984375, 1381.6893310546875, 1434.62744140625, 1412.7945556640625, 1543.1611328125], []], "val.compute_ips": [[484.66282089338085, 8239.935108338226, 9427.636676529726, 5816.223929711854, 9780.283063358273, 6393.399187086873, 6257.546696660383, 7149.496861355302, 5799.8324126001135, 9632.844090278042, 5770.385666225991, 5863.3325224262235, 6282.769641484442, 6448.338276846761, 5714.261209583268, 6048.913188632463, 6152.27871825357, 9635.242814454545, 9652.089083055791, 6287.069172925727, 6473.686481272138, 9607.396288541722, 9782.566390991315, 9368.126090048117, 6379.951345630368], [6525.699289840495, 9583.108824336596, 6261.341637145564, 9635.588675012339, 6280.29375913903, 6295.921246880417, 6993.494609920417, 9614.558042599869, 6014.450609711696, 6366.69680210021, 9640.866126744124, 8240.282907662082, 7978.190852038262, 5706.987220636198, 9650.842002491936, 6432.716635551252, 9690.712291955519, 8761.12701385064, 9562.295761054333, 6414.122969903421, 9600.792425710648, 6752.201432515202, 9604.463696751565, 6356.383916672278], []], "val.total_ips": [[484.6090104676907, 8195.947213499849, 9383.630183839714, 5800.24753673293, 5782.302782257956, 6373.9201480482225, 6237.992928284321, 7129.026056415177, 5784.491110401793, 9591.701487004206, 5754.6366324601495, 5847.192163749855, 6263.236267257754, 6421.670418525651, 5698.472606656451, 6030.102015501481, 6137.101017166153, 9594.519122167418, 9608.331227090555, 6269.494401933851, 6453.711056365594, 9563.04094994339, 5275.948060690448, 9322.698710657694, 6362.579888020704], [6510.327619763656, 9539.284150675196, 6244.07360357754, 9592.269166259075, 6261.830022459657, 6277.049130158052, 6972.1514340095855, 9576.730477089812, 5997.703254564294, 6348.163262108715, 9597.316967492892, 8210.997076901018, 7948.689929331074, 5692.875694218009, 9607.245855655345, 6415.253476884747, 9649.573564235869, 8729.954329490702, 9524.000988995758, 6397.28451599594, 9558.47583100397, 6732.5462636826915, 9561.699693555765, 6339.505302272719], []], "val.data_time": [[0.000469207763671875, 0.0013339519500732422, 0.0010187625885009766, 0.0009698867797851562, 0.14478325843811035, 0.0009789466857910156, 0.0010259151458740234, 0.0008225440979003906, 0.0009365081787109375, 0.0009119510650634766, 0.0009713172912597656, 0.0009641647338867188, 0.0010166168212890625, 0.0013189315795898438, 0.0009930133819580078, 0.0010561943054199219, 0.0008232593536376953, 0.0009021759033203125, 0.0009663105010986328, 0.0009131431579589844, 0.0009791851043701172, 0.0009887218475341797, 0.17882466316223145, 0.0010652542114257812, 0.0008764266967773438], [0.0007410049438476562, 0.0009818077087402344, 0.0009045600891113281, 0.0009598731994628906, 0.0009615421295166016, 0.0009779930114746094, 0.000896453857421875, 0.0008413791656494141, 0.0009508132934570312, 0.0009391307830810547, 0.0009639263153076172, 0.0008864402770996094, 0.0009527206420898438, 0.0008895397186279297, 0.0009629726409912109, 0.0008666515350341797, 0.0009009838104248047, 0.0008347034454345703, 0.0008611679077148438, 0.0008404254913330078, 0.0009443759918212891, 0.0008854866027832031, 0.00095367431640625, 0.0008578300476074219], []], "val.compute_time": [[4.225618124008179, 0.24854564666748047, 0.21723365783691406, 0.35211849212646484, 0.20940089225769043, 0.3203303813934326, 0.3272848129272461, 0.2864537239074707, 0.35311365127563477, 0.21260595321655273, 0.3549156188964844, 0.3492894172668457, 0.3259708881378174, 0.31760120391845703, 0.3584015369415283, 0.3385732173919678, 0.3328847885131836, 0.2125530242919922, 0.21218204498291016, 0.3257479667663574, 0.3163576126098633, 0.21316909790039062, 0.2093520164489746, 0.2186136245727539, 0.32100558280944824], [0.31383609771728516, 0.21370935440063477, 0.3270864486694336, 0.21254539489746094, 0.3260993957519531, 0.3252899646759033, 0.2928435802459717, 0.21301031112670898, 0.3405132293701172, 0.3216738700866699, 0.21242904663085938, 0.24853515625, 0.256699800491333, 0.3588583469390869, 0.21220946311950684, 0.3183724880218506, 0.21133637428283691, 0.23375988006591797, 0.21417450904846191, 0.31929540634155273, 0.21331572532653809, 0.30330848693847656, 0.21323418617248535, 0.32219576835632324], []]}, "event": {}}