{"run": {"data": "/data/imagenet", "data_backend": "dali-cpu", "arch": "resnet50", "model_config": "fanin", "workers": 5, "epochs": 2, "start_epoch": 0, "batch_size": 128, "optimizer_batch_size": -1, "lr": 0.1, "lr_schedule": "step", "warmup": 0, "label_smoothing": 0.1, "mixup": 0.0, "true_weight_decay": false, "momentum": 0.9, "weight_decay": 0.0001, "bn_weight_decay": false, "nesterov": false, "print_freq": 1, "resume": "", "pretrained_weights": "", "fp16": false, "static_loss_scale": 1, "dynamic_loss_scale": false, "prof": 100, "local_rank": 0, "seed": null, "gather_checkpoints": false, "raport_file": "/data/workspace/./raport_8GPU_128BS_dali-cpu_inferencebench.json", "final_weights": "model.pth.tar", "evaluate": true, "training_only": false, "save_checkpoints": false, "workspace": "/data/workspace", "distributed": true, "gpu": 0, "world_size": 8}, "epoch": {"ep": [0, 1], "val.top1": [0.09964923469387756, 0.09964923469387756], "val.top5": [0.49824617346938777, 0.49824617346938777], "val.loss": [1138.6800948162468, 1138.6713368941328], "val.compute_ips": [7702.61159199588, 8067.4201011235355], "val.total_ips": [7524.430233649027, 7946.121519087972], "val.data_time": [0.0029462113672373245, 0.001940583696170729], "val.compute_time": [0.24980646250199298, 0.18730821901438188]}, "iter": {"it": [[], []], "val.it": [[1, 2, 3, 4, 5, 6, 7, 8, 9, 10, 11, 12, 13, 14, 15, 16, 17, 18, 19, 20, 21, 22, 23, 24, 25, 26, 27, 28, 29, 30, 31, 32, 33, 34, 35, 36, 37, 38, 39, 40, 41, 42, 43, 44, 45, 46, 47, 48, 49, 1, 2, 3, 4, 5, 6, 7, 8, 9, 10, 11, 12, 13, 14, 15, 16, 17, 18, 19, 20, 21, 22, 23, 24, 25, 26, 27, 28, 29, 30, 31, 32, 33, 34, 35, 36, 37, 38, 39, 40, 41, 42, 43, 44, 45, 46, 47, 48, 49]], "val.top1": [[0.5859375, 4.296875, 0.0, 0.0, 0.0, 0.0, 0.0, 0.0, 0.0, 0.0, 0.0, 0.0, 0.0, 0.0, 0.0, 0.0, 0.0, 0.0, 0.0, 0.0, 0.0, 0.0, 0.0, 0.0, 0.0, 0.0, 0.0, 0.0, 0.0, 0.0, 0.0, 0.0, 0.0, 0.0, 0.0, 0.0, 0.0, 0.0, 0.0, 0.0, 0.0, 0.0, 0.0, 0.0, 0.0, 0.0, 0.0, 0.0, 0.0], [2.734375, 2.1484375, 0.0, 0.0, 0.0, 0.0, 0.0, 0.0, 0.0, 0.0, 0.0, 0.0, 0.0, 0.0, 0.0, 0.0, 0.0, 0.0, 0.0, 0.0, 0.0, 0.0, 0.0, 0.0, 0.0, 0.0, 0.0, 0.0, 0.0, 0.0, 0.0, 0.0, 0.0, 0.0, 0.0, 0.0, 0.0, 0.0, 0.0, 0.0, 0.0, 0.0, 0.0, 0.0, 0.0, 0.0, 0.0, 0.0, 0.0], []], "val.top5": [[0.5859375, 9.1796875, 0.0, 0.0, 0.0, 0.0, 0.0, 0.0, 0.0, 0.0, 0.0, 0.0, 0.0, 0.0, 0.0, 0.0, 0.0, 0.0, 0.0, 0.0, 0.0, 0.0, 0.0, 0.0, 0.0, 0.0, 0.0, 4.8828125, 0.0, 0.0, 0.0, 4.8828125, 0.0, 0.0, 0.0, 0.0, 0.0, 0.0, 0.0, 0.0, 0.0, 0.0, 0.0, 4.8828125, 0.0, 0.0, 0.0, 0.0, 0.0], [2.734375, 7.03125, 0.0, 0.0, 0.0, 0.0, 0.0, 0.0, 0.0, 0.0, 0.0, 0.0, 0.0, 0.0, 0.0, 0.0, 0.0, 0.0, 0.0, 0.0, 0.0, 0.0, 0.0, 0.0, 0.0, 0.0, 0.0, 4.8828125, 0.0, 0.0, 1.7578125, 3.125, 0.0, 0.0, 0.0, 0.0, 0.0, 0.0, 0.0, 0.0, 0.0, 0.0, 0.0, 4.8828125, 0.0, 0.0, 0.0, 0.0, 0.0], []], "val.loss": [[1156.269287109375, 1083.32080078125, 1097.27294921875, 1152.319091796875, 1228.8037109375, 1141.75830078125, 1164.9608154296875, 1114.015380859375, 1204.2818603515625, 1085.869140625, 1228.858642578125, 1237.535400390625, 1097.3876953125, 1118.434326171875, 1198.25, 1197.947998046875, 1116.893310546875, 1209.2421875, 1197.019287109375, 1102.022216796875, 1111.07666015625, 1108.864013671875, 1159.871826171875, 1109.0552978515625, 1149.35107421875, 1207.0093994140625, 1207.05615234375, 1091.861572265625, 1116.1182861328125, 1105.096435546875, 1114.0731201171875, 1085.610595703125, 1205.872802734375, 997.3053588867188, 1178.7177734375, 1138.9298095703125, 1151.3497314453125, 1149.0650634765625, 1131.5865478515625, 1095.2435302734375, 1074.4215087890625, 1159.096435546875, 1107.82177734375, 1085.3577880859375, 1118.2698974609375, 1071.65234375, 1149.813720703125, 1123.2994384765625, 1160.0142822265625], [1100.2911376953125, 1147.1668701171875, 1079.9327392578125, 1149.108642578125, 1241.7977294921875, 1135.558837890625, 1141.93896484375, 1161.332763671875, 1171.41015625, 1082.3583984375, 1246.76123046875, 1214.10595703125, 1105.32275390625, 1158.7208251953125, 1179.5596923828125, 1163.40576171875, 1148.089111328125, 1193.349365234375, 1168.44873046875, 1140.7515869140625, 1083.075439453125, 1120.9375, 1147.1361083984375, 1119.2156982421875, 1148.275390625, 1210.0360107421875, 1221.523681640625, 1086.013916015625, 1098.4246826171875, 1117.17041015625, 1108.12060546875, 1095.640869140625, 1164.0928955078125, 1024.971923828125, 1209.2493896484375, 1117.6923828125, 1161.357177734375, 1132.412353515625, 1142.43359375, 1066.87109375, 1097.4244384765625, 1142.627197265625, 1138.1141357421875, 1063.3682861328125, 1118.4224853515625, 1102.9517822265625, 1122.1041259765625, 1121.5545654296875, 1184.26611328125], []], "val.compute_ips": [[178.0368244306022, 7695.488019494191, 9183.834822287701, 7435.434653371073, 8996.372718684739, 7711.058938433144, 6489.483475488603, 6350.430037541012, 5903.0697515881375, 9547.617958994948, 8999.973379154268, 6416.029733557211, 9374.280654349415, 5871.371951169499, 9305.066145550109, 6742.322478556269, 6839.413949325847, 9334.998132986157, 5949.433304890346, 9402.436762384712, 6857.749389264467, 6745.467460528113, 6249.50679593568, 6165.331618415462, 6256.689823150657, 6231.164614259683, 9399.967381098808, 6826.033044926606, 9403.75429631138, 5673.721284080566, 9146.070558372392, 9410.450600783517, 6127.273201428329, 9348.57114001197, 6170.2208022066425, 9323.083209422572, 9365.817658462336, 9346.2519960221, 9372.03054061426, 5598.295206415082, 9345.377530016407, 9349.914328444636, 9412.51292121042, 9400.049672910798, 7500.920893061726, 6813.91492298393, 9451.515876246916, 9267.540050319134, 6142.617498655622], [6871.364981849539, 9421.825228746986, 6753.8471999232615, 9327.395814692878, 9302.76853366025, 9318.309578514136, 6795.1032104140695, 6065.7040026889845, 9238.376218797388, 7250.309420916163, 6594.493588168821, 6735.396930392005, 9356.67683164607, 9450.559217720978, 9269.940335231222, 7941.319389539936, 9278.431308841256, 6833.50510726855, 9417.899838392432, 9408.49223327981, 9397.766609776378, 6049.684267461465, 9370.353885726629, 9376.634201506386, 9361.87756881414, 9354.84265666486, 9357.573801208324, 9340.62167475686, 9292.32267863247, 5823.123870108776, 9171.38185910344, 9393.758507485538, 6388.96254953529, 9339.037465155014, 6150.957087617793, 9363.877821720873, 9339.037465155014, 9345.519873796442, 9309.11996393366, 9269.180110497238, 9312.470557625009, 7488.235440981097, 9312.329218820805, 8389.066777089372, 7180.3464246785115, 8389.214251811167, 9431.818732020116, 9396.985275391744, 5851.382334549032], []],