{"run": {"data": "/data/imagenet", "data_backend": "pytorch", "arch": "resnet50", "model_config": "fanin", "workers": 5, "epochs": 2, "start_epoch": 0, "batch_size": 128, "optimizer_batch_size": -1, "lr": 0.1, "lr_schedule": "step", "warmup": 0, "label_smoothing": 0.1, "mixup": 0.0, "true_weight_decay": false, "momentum": 0.9, "weight_decay": 0.0001, "bn_weight_decay": false, "nesterov": false, "print_freq": 1, "resume": "", "pretrained_weights": "", "fp16": false, "static_loss_scale": 1, "dynamic_loss_scale": false, "prof": 100, "local_rank": 0, "seed": null, "gather_checkpoints": false, "raport_file": "/data/workspace/./raport_8GPU_128BS_pytorch_inferencebench.json", "final_weights": "model.pth.tar", "evaluate": true, "training_only": false, "save_checkpoints": false, "workspace": "/data/workspace", "distributed": true, "gpu": 0, "world_size": 8}, "epoch": {"ep": [0, 1], "val.top1": [0.09964923469387756, 0.10047651127893098], "val.top5": [0.4811365878095432, 0.4827911403714394], "val.loss": [1244.0026058274873, 1243.8423848054847], "val.compute_ips": [7772.365494196803, 7804.706819049672], "val.total_ips": [7576.364425558283, 7480.983364302833], "val.data_time": [0.024447299996200874, 0.026977918585952446], "val.compute_time": [0.3063711390203359, 0.2299720219203404]}, "iter": {"it": [[], []], "val.it": [[1, 2, 3, 4, 5, 6, 7, 8, 9, 10, 11, 12, 13, 14, 15, 16, 17, 18, 19, 20, 21, 22, 23, 24, 25, 26, 27, 28, 29, 30, 31, 32, 33, 34, 35, 36, 37, 38, 39, 40, 41, 42, 43, 44, 45, 46, 47, 48, 49, 1, 2, 3, 4, 5, 6, 7, 8, 9, 10, 11, 12, 13, 14, 15, 16, 17, 18, 19, 20, 21, 22, 23, 24, 25, 26, 27, 28, 29, 30, 31, 32, 33, 34, 35, 36, 37, 38, 39, 40, 41, 42, 43, 44, 45, 46, 47, 48, 49]], "val.top1": [[0.09765625, 0.09765625, 0.0, 0.09765625, 0.29296875, 0.0, 0.1953125, 0.1953125, 0.0, 0.1953125, 0.1953125, 0.09765625, 0.0, 0.09765625, 0.0, 0.09765625, 0.1953125, 0.0, 0.09765625, 0.0, 0.29296875, 0.09765625, 0.0, 0.0, 0.09765625, 0.09765625, 0.09765625, 0.0, 0.0, 0.0, 0.09765625, 0.0, 0.09765625, 0.09765625, 0.1953125, 0.09765625, 0.09765625, 0.1953125, 0.0, 0.09765625, 0.1953125, 0.1953125, 0.1953125, 0.1953125, 0.1953125, 0.0, 0.29296875, 0.0, 0.0], [0.09765625, 0.1953125, 0.09765625, 0.09765625, 0.09765625, 0.09765625, 0.1953125, 0.0, 0.09765625, 0.09765625, 0.0, 0.0, 0.09765625, 0.09765625, 0.09765625, 0.0, 0.09765625, 0.1953125, 0.0, 0.09765625, 0.0, 0.0, 0.09765625, 0.09765625, 0.09765625, 0.29296875, 0.09765625, 0.1953125, 0.09765625, 0.0, 0.09765625, 0.0, 0.09765625, 0.0, 0.1953125, 0.09765625, 0.1953125, 0.09765625, 0.29296875, 0.09765625, 0.1953125, 0.0, 0.29296875, 0.0, 0.09765625, 0.09765625, 0.09765625, 0.0, 0.2358490526676178], []], "val.top5": [[0.78125, 0.48828125, 0.29296875, 0.68359375, 0.68359375, 0.48828125, 0.9765625, 0.48828125, 0.1953125, 0.390625, 0.48828125, 0.29296875, 0.29296875, 0.29296875, 0.09765625, 0.5859375, 0.5859375, 0.0, 0.29296875, 0.1953125, 0.87890625, 0.09765625, 0.1953125, 0.1953125, 0.5859375, 0.78125, 0.390625, 0.68359375, 0.29296875, 0.1953125, 0.1953125, 0.48828125, 0.5859375, 0.29296875, 1.07421875, 0.68359375, 0.29296875, 0.9765625, 0.390625, 0.5859375, 0.78125, 0.68359375, 0.5859375, 0.390625, 0.48828125, 0.390625, 0.78125, 0.78125, 0.2358490526676178], [0.48828125, 0.390625, 0.68359375, 0.68359375, 0.48828125, 0.390625, 0.78125, 0.78125, 0.09765625, 0.5859375, 0.48828125, 0.390625, 0.29296875, 0.5859375, 0.390625, 0.29296875, 0.390625, 0.87890625, 0.68359375, 0.5859375, 0.29296875, 0.29296875, 0.390625, 0.1953125, 0.68359375, 0.9765625, 0.29296875, 0.68359375, 0.29296875, 0.5859375, 0.1953125, 0.29296875, 0.390625, 0.5859375, 0.48828125, 0.29296875, 0.48828125, 0.48828125, 0.48828125, 0.29296875, 0.48828125, 0.390625, 0.48828125, 0.1953125, 0.29296875, 0.87890625, 0.29296875, 0.87890625, 0.707547128200531], []], "val.loss": [[1246.480712890625, 1245.632568359375, 1242.210205078125, 1241.9764404296875, 1238.6588134765625, 1237.527587890625, 1265.840087890625, 1242.2989501953125, 1238.77978515625, 1241.73828125, 1247.3460693359375, 1262.22607421875, 1253.3255615234375, 1251.7303466796875, 1270.824462890625, 1248.3309326171875, 1229.292724609375, 1215.7235107421875, 1249.7366943359375, 1243.4376220703125, 1224.218505859375, 1246.95458984375, 1227.321044921875, 1233.215576171875, 1247.4686279296875, 1227.93212890625, 1273.7816162109375, 1245.315673828125, 1248.372314453125, 1270.033935546875, 1241.2139892578125, 1244.466796875, 1249.71337890625, 1259.8187255859375, 1233.9337158203125, 1228.869384765625, 1233.859375, 1246.37548828125, 1239.828857421875, 1249.430908203125, 1252.891357421875, 1235.0546875, 1247.2738037109375, 1234.63818359375, 1228.367919921875, 1240.6588134765625, 1225.66455078125, 1233.4560546875, 1272.8802490234375], [1222.6688232421875, 1244.825439453125, 1237.362548828125, 1250.516357421875, 1230.0369873046875, 1251.086669921875, 1233.0972900390625, 1275.5040283203125, 1261.42919921875, 1238.166015625, 1237.637939453125, 1243.7421875, 1271.2298583984375, 1237.4752197265625, 1229.4215087890625, 1242.68505859375, 1256.0731201171875, 1231.2113037109375, 1242.099365234375, 1241.59375, 1262.4337158203125, 1253.9295654296875, 1248.4613037109375, 1264.0809326171875, 1227.3812255859375, 1253.3594970703125, 1236.7530517578125, 1251.720703125, 1271.634521484375, 1229.992919921875, 1231.629150390625, 1239.5316162109375, 1272.0908203125, 1246.86328125, 1247.465576171875, 1239.392578125, 1242.739013671875, 1264.16455078125, 1227.78515625, 1231.3958740234375, 1234.8870849609375, 1243.6785888671875, 1226.1971435546875, 1241.5213623046875, 1231.3111572265625, 1252.026611328125, 1258.8895263671875, 1211.891845703125, 1227.205810546875], []], "val.compute_ips": [[174.79624467248937, 9412.822347240455, 9732.335610649228, 9712.593895152937, 9697.703232216038, 9695.426513976645, 9715.977523006342, 9498.147451292598, 9686.85463743372, 9663.468651423995, 9666.078436491469, 9695.645382738234, 9652.522925759285, 9679.453925899215, 6245.135875997848, 9809.0863114814, 9736.68205807142, 2372.4067910454355, 5399.05179106579, 7642.644136561478, 9137.703357466698, 8756.643572330018, 3556.5670676771424, 5123.034023407494, 9707.193765651415, 9762.664957334897, 9377.023162187712, 3531.0552682183697, 5272.958779758068, 9680.217487631991, 9634.94020683312, 7791.323892970521, 3520.525595932389, 4359.691272633517, 6413.672794172548, 9752.047028157405, 9717.164548255874, 2908.1966375709367, 6568.604273372251, 7638.349065428872, 9534.011476417849, 9704.93451887336, 7707.737759050156, 7415.267272783776, 7949.918456723054, 9698.425875913397, 9675.289181840504, 9695.535947122244, 366.3782277518207], [3164.185491196572, 9074.053494012558, 8821.100347712145, 9570.27531407231, 2289.136563092442, 9773.217076295388, 5258.9804920337165, 9377.964990119764, 9690.045452186763, 4755.96276700588, 9716.636945672388, 9637.837374000304, 9580.949705765568, 9639.611126821888, 3443.4088451785096, 9719.341514690008, 9652.826638857923, 9636.73451547835, 9743.838979282558, 3283.767282724959, 8900.213847138959, 9528.596647772021, 9730.85826143696, 9595.740968875603, 2257.301359121249, 9520.40151352262, 9708.554207825675, 6692.899233310478, 9681.002991103327, 6617.272670686876, 9610.879051928232, 9744.192680115797, 6909.780101612348, 9681.570378451974, 4859.571784172271, 7684.7068624328585, 9716.329203956238, 4483.325239277778, 9611.008091657715, 5470.30638534176, 7017.026091445861, 7667.900257621986, 4396.698096558162, 6303.234554022581, 5533.931564265605, 9463.07345339814, 9570.531220892663, 9582.146720627541, 8646.430696451014], []],